country_code,postal_code,place_name,state_name,latitude,longitude,population,area_km2
DE,01067,Dresden,Sachsen,51.060262,13.7178,11957,6.866839
DE,01069,Dresden,Sachsen,51.039756,13.73677,25483,5.339213
DE,01097,Dresden,Sachsen,51.06692,13.741314,14821,3.298022
DE,01099,Dresden,Sachsen,51.091783,13.827656,28018,58.505818
DE,01108,Dresden,Sachsen,51.152488,13.787341,5876,16.447222
DE,01109,Dresden,Sachsen,51.120464,13.755202,20010,24.736193
DE,01127,Dresden,Sachsen,51.08111,13.731851,15079,3.216483
DE,01129,Dresden,Sachsen,51.096963,13.723483,18915,7.413717
DE,01139,Dresden,Sachsen,51.080607,13.688441,17555,8.437161
DE,01156,Dresden,Sachsen,51.065838,13.621273,11317,31.752508
DE,01157,Dresden,Sachsen,51.064357,13.667676,20684,8.061751
DE,01159,Dresden,Sachsen,51.043428,13.697699,27666,5.922549
DE,01169,Dresden,Sachsen,51.039619,13.666686,19091,4.856738
DE,01187,Dresden,Sachsen,51.02669,13.700618,16431,5.097179
DE,01189,Dresden,Sachsen,51.014174,13.701577,9741,5.3074
DE,01217,Dresden,Sachsen,51.016279,13.743169,17501,5.876939
DE,01219,Dresden,Sachsen,51.023186,13.765919,20916,6.948919
DE,01237,Dresden,Sachsen,51.017557,13.798727,15536,4.280843
DE,01239,Dresden,Sachsen,50.999543,13.785153,15134,5.726501
DE,01257,Dresden,Sachsen,50.997858,13.815334,16265,8.275622
DE,01259,Dresden,Sachsen,50.995527,13.84756,19007,10.373223
DE,01277,Dresden,Sachsen,51.036135,13.797192,31798,4.867171
DE,01279,Dresden,Sachsen,51.027269,13.826586,21201,4.891511
DE,01307,Dresden,Sachsen,51.054188,13.770235,23815,3.668517
DE,01309,Dresden,Sachsen,51.049223,13.789432,32890,4.725568
DE,01324,Dresden,Sachsen,51.060132,13.846221,8874,4.629564
DE,01326,Dresden,Sachsen,51.02609,13.857565,10802,15.591174
DE,01328,Dresden,Sachsen,51.042179,13.907675,12342,41.238369
DE,01445,Dresden,Sachsen,51.113305,13.641032,33224,26.354189
DE,01445,Radebeul,Sachsen,51.113305,13.641032,33224,26.354189
DE,01454,Radeberg,Sachsen,51.140132,13.913446,22281,68.136486
DE,01454,Wachau,Sachsen,51.140132,13.913446,22281,68.136486
DE,01458,Ottendorf-Okrilla,Sachsen,51.176393,13.821836,9817,25.967265
DE,01465,Dresden,Sachsen,51.13819,13.851069,4104,12.551722
DE,01468,Moritzburg,Sachsen,51.162122,13.666291,8215,46.555329
DE,01471,Radeburg,Sachsen,51.191896,13.731215,7592,54.176872
DE,01477,Arnsdorf,Sachsen,51.092081,13.98356,4776,35.905858
DE,01558,Großenhain,Sachsen,51.290097,13.539166,14551,44.098041
DE,01561,Ebersbach,Sachsen,51.296306,13.633891,20492,408.955089
DE,01561,Großenhain,Sachsen,51.296306,13.633891,20492,408.955089
DE,01561,Lampertswalde,Sachsen,51.296306,13.633891,20492,408.955089
DE,01561,Priestewitz,Sachsen,51.296306,13.633891,20492,408.955089
DE,01561,Schönfeld,Sachsen,51.296306,13.633891,20492,408.955089
DE,01561,Thiendorf,Sachsen,51.296306,13.633891,20492,408.955089
DE,01587,Riesa,Sachsen,51.301479,13.270968,12390,7.476845
DE,01589,Riesa,Sachsen,51.29171,13.324831,10121,15.410295
DE,01591,Riesa,Sachsen,51.316977,13.244233,8795,16.636915
DE,01594,Hirschstein,Sachsen,51.258906,13.290177,6780,86.2947
DE,01594,Riesa,Sachsen,51.258906,13.290177,6780,86.2947
DE,01594,Stauchitz,Sachsen,51.258906,13.290177,6780,86.2947
DE,01609,Gröditz,Sachsen,51.391292,13.425295,12490,85.671082
DE,01609,Röderaue,Sachsen,51.391292,13.425295,12490,85.671082
DE,01609,Wülknitz,Sachsen,51.391292,13.425295,12490,85.671082
DE,01612,Glaubitz,Sachsen,51.295729,13.408405,8042,45.535858
DE,01612,Nünchritz,Sachsen,51.295729,13.408405,8042,45.535858
DE,01616,Strehla,Sachsen,51.361545,13.229877,3888,30.425686
DE,01619,Zeithain,Sachsen,51.368093,13.314625,6215,82.262448
DE,01623,Lommatzsch,Sachsen,51.204471,13.294567,5408,66.981734
DE,01640,Coswig,Sachsen,51.137715,13.576943,20751,25.952054
DE,01662,Meißen,Sachsen,51.162302,13.478366,27076,30.874908
DE,01665,Diera-Zehren,Sachsen,51.131022,13.444484,16574,205.674376
DE,01665,Klipphausen,Sachsen,51.131022,13.444484,16574,205.674376
DE,01665,Käbschütztal,Sachsen,51.131022,13.444484,16574,205.674376
DE,01683,Nossen,Sachsen,51.10075,13.307135,11035,123.028702
DE,01689,Niederau,Sachsen,51.182788,13.561245,13976,54.362112
DE,01689,Weinböhla,Sachsen,51.182788,13.561245,13976,54.362112
DE,01705,Freital,Sachsen,50.997845,13.635656,38322,40.430379
DE,01723,Wilsdruff,Sachsen,51.028836,13.50468,11815,75.911691
DE,01728,Bannewitz,Sachsen,50.981407,13.723359,10419,25.766863
DE,01731,Kreischa,Sachsen,50.948663,13.756738,4365,28.931748
DE,01734,Rabenau,Sachsen,50.950737,13.666006,4390,30.78476
DE,01737,Tharandt,Sachsen,50.969343,13.522163,7036,77.309764
DE,01737,Wilsdruff,Sachsen,50.969343,13.522163,7036,77.309764
DE,01738,Dorfhain,Sachsen,50.935329,13.553036,1113,6.285408
DE,01744,Dippoldiswalde,Sachsen,50.864463,13.647642,14642,104.393812
DE,01762,Hartmannsdorf-Reichenau,Sachsen,50.808295,13.57771,1147,28.330963
DE,01768,Glashütte,Sachsen,50.862743,13.757841,6993,95.860094
DE,01773,Altenberg,Sachsen,50.776369,13.728172,5504,89.970685
DE,01774,Klingenberg,Sachsen,50.894909,13.548208,7050,86.866008
DE,01776,Hermsdorf/Erzgebirge,Sachsen,50.760182,13.643528,869,20.084191
DE,01778,Altenberg,Sachsen,50.765019,13.839584,3065,56.162305
DE,01796,Dohma,Sachsen,50.946304,13.960279,41947,93.45034
DE,01796,Pirna,Sachsen,50.946304,13.960279,41947,93.45034
DE,01796,Struppen,Sachsen,50.946304,13.960279,41947,93.45034
DE,01809,Dohna,Sachsen,50.946055,13.841772,24151,60.789637
DE,01809,Heidenau,Sachsen,50.946055,13.841772,24151,60.789637
DE,01809,Müglitztal,Sachsen,50.946055,13.841772,24151,60.789637
DE,01814,"Bad Schandau",Sachsen,50.902372,14.194424,6482,83.137956
DE,01814,Rathmannsdorf,Sachsen,50.902372,14.194424,6482,83.137956
DE,01814,Reinhardtsdorf-Schöna,Sachsen,50.902372,14.194424,6482,83.137956
DE,01816,"Bad Gottleuba-Berggießhübel",Sachsen,50.838102,13.952003,5796,88.911377
DE,01819,Bahretal,Sachsen,50.882947,13.899528,2232,36.534744
DE,01824,Gohrisch,Sachsen,50.879207,14.081718,6474,112.335721
DE,01824,Königstein,Sachsen,50.879207,14.081718,6474,112.335721
DE,01824,Rathen,Sachsen,50.879207,14.081718,6474,112.335721
DE,01824,Rosenthal-Bielatal,Sachsen,50.879207,14.081718,6474,112.335721
DE,01825,Liebstadt,Sachsen,50.863296,13.842737,1435,37.444999
DE,01829,Wehlen,Sachsen,50.961113,14.007822,1666,10.864878
DE,01833,Dürrröhrsdorf-Dittersbach,Sachsen,51.03943,14.057944,10143,104.666235
DE,01833,Stolpen,Sachsen,51.03943,14.057944,10143,104.666235
DE,01844,"Neustadt in Sachsen",Sachsen,51.036589,14.223651,13336,83.287385
DE,01847,Lohmen,Sachsen,50.984757,14.015229,3148,25.980058
DE,01848,Hohnstein,Sachsen,50.979249,14.140306,3513,64.807998
DE,01855,Sebnitz,Sachsen,50.939948,14.290909,10390,88.486846
DE,01877,Bischofswerda,Sachsen,51.124886,14.204847,19908,116.940737
DE,01877,Demitz-Thumitz,Sachsen,51.124886,14.204847,19908,116.940737
DE,01877,Doberschau-Gaußig,Sachsen,51.124886,14.204847,19908,116.940737
DE,01877,Rammenau,Sachsen,51.124886,14.204847,19908,116.940737
DE,01877,Schmölln-Putzkau,Sachsen,51.124886,14.204847,19908,116.940737
DE,01896,Lichtenberg,Sachsen,51.19017,14.004425,11693,53.563228
DE,01896,Ohorn,Sachsen,51.19017,14.004425,11693,53.563228
DE,01896,Pulsnitz,Sachsen,51.19017,14.004425,11693,53.563228
DE,01900,Großröhrsdorf,Sachsen,51.144304,14.03179,9736,41.046028
DE,01904,Neukirch/Lausitz,Sachsen,51.080479,14.32445,8227,39.441338
DE,01904,Steinigtwolmsdorf,Sachsen,51.080479,14.32445,8227,39.441338
DE,01906,Burkau,Sachsen,51.186307,14.204313,2775,31.937146
DE,01909,Frankenthal,Sachsen,51.108036,14.079507,4005,46.847546
DE,01909,Großharthau,Sachsen,51.108036,14.079507,4005,46.847546
DE,01917,Kamenz,Sachsen,51.29018,14.081383,17848,98.877572
DE,01920,Crostwitz,Sachsen,51.265809,14.149736,18535,230.309928
DE,01920,Elstra,Sachsen,51.265809,14.149736,18535,230.309928
DE,01920,Haselbachtal,Sachsen,51.265809,14.149736,18535,230.309928
DE,01920,Nebelschütz,Sachsen,51.265809,14.149736,18535,230.309928
DE,01920,Oßling,Sachsen,51.265809,14.149736,18535,230.309928
DE,01920,Panschwitz-Kuckau,Sachsen,51.265809,14.149736,18535,230.309928
DE,01920,Ralbitz-Rosenthal,Sachsen,51.265809,14.149736,18535,230.309928
DE,01920,Räckelwitz,Sachsen,51.265809,14.149736,18535,230.309928
DE,01920,Steina,Sachsen,51.265809,14.149736,18535,230.309928
DE,01936,Großnaundorf,Sachsen,51.289744,13.902997,11707,253.465419
DE,01936,Königsbrück,Sachsen,51.289744,13.902997,11707,253.465419
DE,01936,Laußnitz,Sachsen,51.289744,13.902997,11707,253.465419
DE,01936,Neukirch,Sachsen,51.289744,13.902997,11707,253.465419
DE,01936,Schwepnitz,Sachsen,51.289744,13.902997,11707,253.465419
DE,01945,Frauendorf,Brandenburg,51.424697,13.874836,11001,199.132024
DE,01945,Grünewald,Brandenburg,51.424697,13.874836,11001,199.132024
DE,01945,Guteborn,Brandenburg,51.424697,13.874836,11001,199.132024
DE,01945,Hermsdorf,Brandenburg,51.424697,13.874836,11001,199.132024
DE,01945,Hohenbocka,Brandenburg,51.424697,13.874836,11001,199.132024
DE,01945,Kroppen,Brandenburg,51.424697,13.874836,11001,199.132024
DE,01945,Lindenau,Brandenburg,51.424697,13.874836,11001,199.132024
DE,01945,Ruhland,Brandenburg,51.424697,13.874836,11001,199.132024
DE,01945,Schwarzbach,Brandenburg,51.424697,13.874836,11001,199.132024
DE,01945,Senftenberg,Brandenburg,51.424697,13.874836,11001,199.132024
DE,01945,Tettau,Brandenburg,51.424697,13.874836,11001,199.132024
DE,01968,Schipkau,Brandenburg,51.521188,14.023074,24423,116.811142
DE,01968,Senftenberg,Brandenburg,51.521188,14.023074,24423,116.811142
DE,01979,Lauchhammer,Brandenburg,51.503797,13.753886,16088,89.553445
DE,01983,Großräschen,Brandenburg,51.593717,13.987051,9382,81.373526
DE,01987,Schwarzheide,Brandenburg,51.483201,13.854596,5972,32.266045
DE,01990,Großkmehlen,Brandenburg,51.383726,13.733541,3403,21.210738
DE,01990,Ortrand,Brandenburg,51.383726,13.733541,3403,21.210738
DE,01993,Schipkau,Brandenburg,51.511144,13.88648,2761,14.662106
DE,01994,Schipkau,Brandenburg,51.557856,13.927454,2090,24.11243
DE,01996,Senftenberg,Brandenburg,51.457757,14.024487,1814,15.393483
DE,01998,Schipkau,Brandenburg,51.542525,13.88688,1311,17.573242
DE,02625,Bautzen,Sachsen,51.191097,14.41469,40343,66.879973
DE,02627,Hochkirch,Sachsen,51.201182,14.525448,11881,198.866351
DE,02627,Kubschütz,Sachsen,51.201182,14.525448,11881,198.866351
DE,02627,Radibor,Sachsen,51.201182,14.525448,11881,198.866351
DE,02627,Weißenberg,Sachsen,51.201182,14.525448,11881,198.866351
DE,02633,Doberschau-Gaußig,Sachsen,51.168236,14.314773,4974,65.547876
DE,02633,Göda,Sachsen,51.168236,14.314773,4974,65.547876
DE,02681,Schirgiswalde-Kirschau,Sachsen,51.091469,14.416316,12222,41.502753
DE,02681,Wilthen,Sachsen,51.091469,14.416316,12222,41.502753
DE,02689,"Sohland an der Spree",Sachsen,51.046652,14.429843,7117,37.396038
DE,02692,Doberschau-Gaußig,Sachsen,51.135511,14.416927,7042,39.165091
DE,02692,Großpostwitz/O.L.,Sachsen,51.135511,14.416927,7042,39.165091
DE,02692,Obergurig,Sachsen,51.135511,14.416927,7042,39.165091
DE,02694,Großdubrau,Sachsen,51.263429,14.534392,9454,147.903078
DE,02694,Malschwitz,Sachsen,51.263429,14.534392,9454,147.903078
DE,02699,Königswartha,Sachsen,51.289452,14.321566,7163,105.244756
DE,02699,Neschwitz,Sachsen,51.289452,14.321566,7163,105.244756
DE,02699,Puschwitz,Sachsen,51.289452,14.321566,7163,105.244756
DE,02708,Dürrhennersdorf,Sachsen,51.087571,14.664447,27001,174.910456
DE,02708,Großschweidnitz,Sachsen,51.087571,14.664447,27001,174.910456
DE,02708,Kottmar,Sachsen,51.087571,14.664447,27001,174.910456
DE,02708,Lawalde,Sachsen,51.087571,14.664447,27001,174.910456
DE,02708,Löbau,Sachsen,51.087571,14.664447,27001,174.910456
DE,02708,Rosenbach,Sachsen,51.087571,14.664447,27001,174.910456
DE,02708,Schönbach,Sachsen,51.087571,14.664447,27001,174.910456
DE,02727,Ebersbach-Neugersdorf,Sachsen,50.97474,14.610255,5758,5.561683
DE,02730,Ebersbach-Neugersdorf,Sachsen,51.007185,14.599383,7784,14.953942
DE,02733,Cunewalde,Sachsen,51.099724,14.524873,5014,26.665134
DE,02736,Beiersdorf,Sachsen,51.066468,14.513709,3785,14.491078
DE,02736,Oppach,Sachsen,51.066468,14.513709,3785,14.491078
DE,02739,Kottmar,Sachsen,50.992173,14.65198,4453,17.231791
DE,02742,Neusalza-Spremberg,Sachsen,51.031844,14.543202,3585,22.98397
DE,02747,Herrnhut,Sachsen,51.010538,14.759781,6369,74.225198
DE,02748,"Bernstadt auf dem Eigen",Sachsen,51.04757,14.827199,3665,52.458321
DE,02763,Bertsdorf-Hörnitz,Sachsen,50.904032,14.776154,28718,80.120464
DE,02763,Mittelherwigsdorf,Sachsen,50.904032,14.776154,28718,80.120464
DE,02763,Zittau,Sachsen,50.904032,14.776154,28718,80.120464
DE,02779,Großschönau,Sachsen,50.902676,14.678967,6282,28.462764
DE,02779,Hainewalde,Sachsen,50.902676,14.678967,6282,28.462764
DE,02782,Seifhennersdorf,Sachsen,50.936916,14.605431,4069,19.169365
DE,02785,Olbersdorf,Sachsen,50.873877,14.762202,5427,15.203231
DE,02788,Zittau,Sachsen,50.959898,14.859174,4183,41.27247
DE,02791,Oderwitz,Sachsen,50.9621,14.721167,5495,35.885901
DE,02794,Leutersdorf,Sachsen,50.948284,14.65905,3860,17.090717
DE,02796,Jonsdorf,Sachsen,50.853474,14.689551,1715,9.068175
DE,02797,Oybin,Sachsen,50.840462,14.752039,1515,18.355861
DE,02799,Großschönau,Sachsen,50.865188,14.645132,1282,8.472249
DE,02826,Görlitz,Sachsen,51.147258,14.97946,25382,6.112197
DE,02827,Görlitz,Sachsen,51.108316,14.953551,17068,37.19216
DE,02828,Görlitz,Sachsen,51.189683,14.982238,12013,25.327953
DE,02829,Görlitz,Sachsen,51.182635,14.918328,9743,159.356099
DE,02829,Markersdorf,Sachsen,51.182635,14.918328,9743,159.356099
DE,02829,Neißeaue,Sachsen,51.182635,14.918328,9743,159.356099
DE,02829,Schöpstal,Sachsen,51.182635,14.918328,9743,159.356099
DE,02894,Reichenbach/O.L.,Sachsen,51.161747,14.770645,7146,98.309743
DE,02894,Vierkirchen,Sachsen,51.161747,14.770645,7146,98.309743
DE,02899,Görlitz,Sachsen,51.038784,14.906568,4107,51.16922
DE,02899,Ostritz,Sachsen,51.038784,14.906568,4107,51.16922
DE,02899,"Schönau-Berzdorf auf dem Eigen",Sachsen,51.038784,14.906568,4107,51.16922
DE,02906,Hohendubrau,Sachsen,51.286357,14.740639,18024,251.185634
DE,02906,Kreba-Neudorf,Sachsen,51.286357,14.740639,18024,251.185634
DE,02906,Mücka,Sachsen,51.286357,14.740639,18024,251.185634
DE,02906,Niesky,Sachsen,51.286357,14.740639,18024,251.185634
DE,02906,"Quitzdorf am See",Sachsen,51.286357,14.740639,18024,251.185634
DE,02906,Waldhufen,Sachsen,51.286357,14.740639,18024,251.185634
DE,02923,Horka,Sachsen,51.301453,14.882723,5860,133.197799
DE,02923,Hähnichen,Sachsen,51.301453,14.882723,5860,133.197799
DE,02923,Kodersdorf,Sachsen,51.301453,14.882723,5860,133.197799
DE,02929,Rothenburg/Oberlausitz,Sachsen,51.355755,14.944913,5110,73.133971
DE,02943,Boxberg/O.L.,Sachsen,51.413205,14.596995,23176,281.167092
DE,02943,Weißwasser/O.L.,Sachsen,51.413205,14.596995,23176,281.167092
DE,02953,"Bad Muskau",Sachsen,51.548684,14.664003,6032,36.475349
DE,02953,Gablenz,Sachsen,51.548684,14.664003,6032,36.475349
DE,02953,"Groß Düben",Sachsen,51.548684,14.664003,6032,36.475349
DE,02956,Rietschen,Sachsen,51.409949,14.802571,2736,87.22105
DE,02957,Krauschwitz,Sachsen,51.4744,14.793153,5015,144.777675
DE,02957,Weißkeißel,Sachsen,51.4744,14.793153,5015,144.777675
DE,02959,"Groß Düben",Sachsen,51.523464,14.52255,4305,83.107754
DE,02959,Schleife,Sachsen,51.523464,14.52255,4305,83.107754
DE,02959,Trebendorf,Sachsen,51.523464,14.52255,4305,83.107754
DE,02977,Hoyerswerda,Sachsen,51.425634,14.220163,36125,95.65634
DE,02979,Elsterheide,Sachsen,51.488784,14.30604,5794,236.163997
DE,02979,Spreetal,Sachsen,51.488784,14.30604,5794,236.163997
DE,02991,Lauta,Sachsen,51.451272,14.098147,9144,43.065968
DE,02994,Bernsdorf,Sachsen,51.374689,14.065245,6798,59.199697
DE,02997,Wittichenau,Sachsen,51.379368,14.241733,5892,61.346896
DE,02999,Lohsa,Sachsen,51.383811,14.398143,5735,135.090814
DE,03042,Cottbus,Brandenburg,51.762483,14.376567,18419,20.862169
DE,03044,Cottbus,Brandenburg,51.781378,14.33271,17694,15.437632
DE,03046,Cottbus,Brandenburg,51.758856,14.310897,20626,8.031317
DE,03048,Cottbus,Brandenburg,51.737281,14.305183,14639,9.50038
DE,03050,Cottbus,Brandenburg,51.732006,14.339979,14076,6.203252
DE,03051,Cottbus,Brandenburg,51.715335,14.380596,6526,27.977545
DE,03052,Cottbus,Brandenburg,51.777846,14.440561,1505,31.457108
DE,03053,Cottbus,Brandenburg,51.804503,14.385806,694,6.640242
DE,03054,Cottbus,Brandenburg,51.831439,14.351419,2302,20.338138
DE,03055,Cottbus,Brandenburg,51.81364,14.309098,3613,19.094359
DE,03058,Neuhausen/Spree,Brandenburg,51.688442,14.43197,5228,135.400935
DE,03096,Briesen,Brandenburg,51.838414,14.199414,9430,126.760647
DE,03096,"Burg (Spreewald)",Brandenburg,51.838414,14.199414,9430,126.760647
DE,03096,Dissen-Striesow,Brandenburg,51.838414,14.199414,9430,126.760647
DE,03096,Guhrow,Brandenburg,51.838414,14.199414,9430,126.760647
DE,03096,Schmogrow-Fehrow,Brandenburg,51.838414,14.199414,9430,126.760647
DE,03096,Werben,Brandenburg,51.838414,14.199414,9430,126.760647
DE,03099,Kolkwitz,Brandenburg,51.754249,14.199075,9364,105.060477
DE,03103,Neu-Seeland,Brandenburg,51.600572,14.133832,2035,56.475946
DE,03103,Neupetershain,Brandenburg,51.600572,14.133832,2035,56.475946
DE,03116,Drebkau,Brandenburg,51.665141,14.216617,5914,144.710574
DE,03119,Welzow,Brandenburg,51.560407,14.210179,3942,39.643428
DE,03130,Felixsee,Brandenburg,51.588618,14.438417,27681,280.603185
DE,03130,"Jämlitz-Klein Düben",Brandenburg,51.588618,14.438417,27681,280.603185
DE,03130,Spremberg,Brandenburg,51.588618,14.438417,27681,280.603185
DE,03130,Tschernitz,Brandenburg,51.588618,14.438417,27681,280.603185
DE,03149,"Forst (Lausitz)",Brandenburg,51.72626,14.601488,22297,186.724385
DE,03149,"Groß Schacksdorf-Simmersdorf",Brandenburg,51.72626,14.601488,22297,186.724385
DE,03149,Wiesengrund,Brandenburg,51.72626,14.601488,22297,186.724385
DE,03159,Döbern,Brandenburg,51.63215,14.656347,5360,98.455052
DE,03159,Neiße-Malxetal,Brandenburg,51.63215,14.656347,5360,98.455052
DE,03172,Guben,Brandenburg,51.958971,14.57035,22755,271.412435
DE,03172,Jänschwalde,Brandenburg,51.958971,14.57035,22755,271.412435
DE,03172,Schenkendöbern,Brandenburg,51.958971,14.57035,22755,271.412435
DE,03185,Drachhausen,Brandenburg,51.876892,14.41231,9714,203.291878
DE,03185,Drehnow,Brandenburg,51.876892,14.41231,9714,203.291878
DE,03185,Heinersbrück,Brandenburg,51.876892,14.41231,9714,203.291878
DE,03185,Peitz,Brandenburg,51.876892,14.41231,9714,203.291878
DE,03185,Tauer,Brandenburg,51.876892,14.41231,9714,203.291878
DE,03185,Teichland,Brandenburg,51.876892,14.41231,9714,203.291878
DE,03185,Turnow-Preilack,Brandenburg,51.876892,14.41231,9714,203.291878
DE,03197,Jänschwalde,Brandenburg,51.879254,14.526352,1455,69.972256
DE,03205,Bronkow,Brandenburg,51.730559,13.907539,9073,203.0946
DE,03205,Calau,Brandenburg,51.730559,13.907539,9073,203.0946
DE,03222,Lübbenau/Spreewald,Brandenburg,51.848935,13.951438,16525,139.825764
DE,03226,Vetschau/Spreewald,Brandenburg,51.768586,14.063083,8794,111.685478
DE,03229,Altdöbern,Brandenburg,51.662012,14.022688,3601,102.61593
DE,03229,Luckaitztal,Brandenburg,51.662012,14.022688,3601,102.61593
DE,03238,Finsterwalde,Brandenburg,51.595737,13.724639,24729,299.248844
DE,03238,Gorden-Staupitz,Brandenburg,51.595737,13.724639,24729,299.248844
DE,03238,Heideland,Brandenburg,51.595737,13.724639,24729,299.248844
DE,03238,Lichterfeld-Schacksdorf,Brandenburg,51.595737,13.724639,24729,299.248844
DE,03238,Massen-Niederlausitz,Brandenburg,51.595737,13.724639,24729,299.248844
DE,03238,Rückersdorf,Brandenburg,51.595737,13.724639,24729,299.248844
DE,03238,Sallgast,Brandenburg,51.595737,13.724639,24729,299.248844
DE,03246,Crinitz,Brandenburg,51.719892,13.765589,1395,44.645426
DE,03249,Sonnewalde,Brandenburg,51.701664,13.635926,3503,120.115964
DE,03253,Doberlug-Kirchhain,Brandenburg,51.629657,13.493332,12064,208.384381
DE,03253,Schilda,Brandenburg,51.629657,13.493332,12064,208.384381
DE,03253,Schönborn,Brandenburg,51.629657,13.493332,12064,208.384381
DE,03253,Tröbitz,Brandenburg,51.629657,13.493332,12064,208.384381
DE,04103,Leipzig,Sachsen,51.331902,12.390513,13549,4.400094
DE,04105,Leipzig,Sachsen,51.350608,12.360132,15843,4.851142
DE,04107,Leipzig,Sachsen,51.329877,12.369892,11593,1.644636
DE,04109,Leipzig,Sachsen,51.338655,12.365381,11615,2.53656
DE,04129,Leipzig,Sachsen,51.371924,12.388384,11601,4.612756
DE,04155,Leipzig,Sachsen,51.361198,12.359769,16245,2.231976
DE,04157,Leipzig,Sachsen,51.375008,12.366852,22275,3.899523
DE,04158,Leipzig,Sachsen,51.402318,12.333119,13979,28.909835
DE,04159,Leipzig,Sachsen,51.376903,12.30311,21913,18.312
DE,04177,Leipzig,Sachsen,51.339743,12.330984,16855,2.961325
DE,04178,Leipzig,Sachsen,51.353351,12.270872,14379,15.78956
DE,04179,Leipzig,Sachsen,51.344436,12.314418,14550,7.521257
DE,04205,Leipzig,Sachsen,51.325449,12.267925,14523,6.524746
DE,04207,Leipzig,Sachsen,51.309962,12.276747,17867,6.782428
DE,04209,Leipzig,Sachsen,51.31936,12.294729,18835,2.3343
DE,04229,Leipzig,Sachsen,51.321958,12.337529,30475,5.886651
DE,04249,Leipzig,Sachsen,51.276767,12.298225,14748,39.866351
DE,04275,Leipzig,Sachsen,51.319571,12.372059,22189,2.721232
DE,04277,Leipzig,Sachsen,51.304951,12.370928,21625,8.226058
DE,04279,Leipzig,Sachsen,51.291378,12.39791,15023,5.891518
DE,04288,Leipzig,Sachsen,51.291964,12.472091,11173,22.02373
DE,04289,Leipzig,Sachsen,51.298837,12.427268,9279,6.134273
DE,04299,Leipzig,Sachsen,51.318141,12.424683,14268,4.636616
DE,04315,Leipzig,Sachsen,51.344536,12.408038,15847,1.992817
DE,04316,Leipzig,Sachsen,51.326221,12.466988,7578,9.41315
DE,04317,Leipzig,Sachsen,51.3306,12.404067,17627,2.078219
DE,04318,Leipzig,Sachsen,51.340598,12.425858,14151,3.414693
DE,04319,Leipzig,Sachsen,51.332093,12.505747,10874,17.563946
DE,04328,Leipzig,Sachsen,51.34767,12.44976,4101,3.185996
DE,04329,Leipzig,Sachsen,51.357628,12.46867,14607,4.502246
DE,04347,Leipzig,Sachsen,51.361341,12.426767,19258,7.539888
DE,04349,Leipzig,Sachsen,51.39037,12.445045,8168,13.963056
DE,04356,Leipzig,Sachsen,51.418234,12.432775,2286,20.90254
DE,04357,Leipzig,Sachsen,51.377919,12.410659,14336,4.803154
DE,04416,Markkleeberg,Sachsen,51.266336,12.387254,23530,31.466565
DE,04420,Markranstädt,Sachsen,51.293114,12.209971,14800,58.454182
DE,04425,Taucha,Sachsen,51.390129,12.508024,14164,33.2593
DE,04435,Schkeuditz,Sachsen,51.409193,12.244574,16951,81.801154
DE,04442,Zwenkau,Sachsen,51.218581,12.307999,8798,46.270667
DE,04451,Borsdorf,Sachsen,51.352965,12.540839,8212,15.653487
DE,04463,Großpösna,Sachsen,51.249274,12.474189,5338,41.466681
DE,04509,Delitzsch,Sachsen,51.51305,12.362545,39116,311.636815
DE,04509,Krostitz,Sachsen,51.51305,12.362545,39116,311.636815
DE,04509,Löbnitz,Sachsen,51.51305,12.362545,39116,311.636815
DE,04509,Schönwölkau,Sachsen,51.51305,12.362545,39116,311.636815
DE,04509,Wiedemar,Sachsen,51.51305,12.362545,39116,311.636815
DE,04519,Rackwitz,Sachsen,51.457665,12.365336,4933,35.910229
DE,04523,Elstertrebnitz,Sachsen,51.18932,12.234835,7826,60.419451
DE,04523,Pegau,Sachsen,51.18932,12.234835,7826,60.419451
DE,04539,Groitzsch,Sachsen,51.131864,12.30825,7798,70.152356
DE,04552,Borna,Sachsen,51.115367,12.502218,19802,61.573864
DE,04564,Böhlen,Sachsen,51.20677,12.383183,6704,27.17239
DE,04564,Neukieritzsch,Sachsen,51.20677,12.383183,6704,27.17239
DE,04565,Regis-Breitingen,Sachsen,51.097015,12.403218,4164,26.763624
DE,04567,Kitzscher,Sachsen,51.171881,12.54755,5377,29.043986
DE,04571,Rötha,Sachsen,51.203927,12.473546,6095,46.439717
DE,04575,Neukieritzsch,Sachsen,51.151039,12.41577,7178,54.573364
DE,04600,Altenburg,Thüringen,50.977589,12.437399,34093,45.713251
DE,04603,Göhren,Thüringen,50.95012,12.489069,10356,129.714786
DE,04603,Nobitz,Thüringen,50.95012,12.489069,10356,129.714786
DE,04603,Windischleuba,Thüringen,50.95012,12.489069,10356,129.714786
DE,04610,Meuselwitz,Thüringen,51.055036,12.340628,10968,53.720984
DE,04613,Lucka,Thüringen,51.083569,12.32973,4097,12.899079
DE,04617,Fockendorf,Thüringen,51.014493,12.365755,10908,87.136135
DE,04617,Gerstenberg,Thüringen,51.014493,12.365755,10908,87.136135
DE,04617,Haselbach,Thüringen,51.014493,12.365755,10908,87.136135
DE,04617,Kriebitzsch,Thüringen,51.014493,12.365755,10908,87.136135
DE,04617,Lödla,Thüringen,51.014493,12.365755,10908,87.136135
DE,04617,Monstab,Thüringen,51.014493,12.365755,10908,87.136135
DE,04617,Rositz,Thüringen,51.014493,12.365755,10908,87.136135
DE,04617,Starkenberg,Thüringen,51.014493,12.365755,10908,87.136135
DE,04617,Treben,Thüringen,51.014493,12.365755,10908,87.136135
DE,04618,Göpfersdorf,Thüringen,50.96222,12.573709,2197,45.400071
DE,04618,Langenleuba-Niederhain,Thüringen,50.96222,12.573709,2197,45.400071
DE,04626,Dobitschen,Thüringen,50.896555,12.307545,19057,163.837179
DE,04626,Göllnitz,Thüringen,50.896555,12.307545,19057,163.837179
DE,04626,Heukewalde,Thüringen,50.896555,12.307545,19057,163.837179
DE,04626,Heyersdorf,Thüringen,50.896555,12.307545,19057,163.837179
DE,04626,Jonaswalde,Thüringen,50.896555,12.307545,19057,163.837179
DE,04626,Löbichau,Thüringen,50.896555,12.307545,19057,163.837179
DE,04626,Mehna,Thüringen,50.896555,12.307545,19057,163.837179
DE,04626,Posterstein,Thüringen,50.896555,12.307545,19057,163.837179
DE,04626,Schmölln,Thüringen,50.896555,12.307545,19057,163.837179
DE,04626,Thonhausen,Thüringen,50.896555,12.307545,19057,163.837179
DE,04626,Vollmershain,Thüringen,50.896555,12.307545,19057,163.837179
DE,04639,Gößnitz,Thüringen,50.871588,12.421393,5353,31.226591
DE,04639,Ponitz,Thüringen,50.871588,12.421393,5353,31.226591
DE,04643,Geithain,Sachsen,51.037787,12.684222,7556,54.750939
DE,04651,"Bad Lausick",Sachsen,51.147411,12.658768,8399,69.825135
DE,04654,Frohburg,Sachsen,51.060758,12.597091,13483,145.646232
DE,04668,Grimma,Sachsen,51.229898,12.758765,34365,275.601519
DE,04668,Otterwisch,Sachsen,51.229898,12.758765,34365,275.601519
DE,04668,Parthenstein,Sachsen,51.229898,12.758765,34365,275.601519
DE,04680,Colditz,Sachsen,51.130786,12.799668,9253,84.388714
DE,04683,Belgershain,Sachsen,51.270273,12.574725,11809,63.275616
DE,04683,Naunhof,Sachsen,51.270273,12.574725,11809,63.275616
DE,04687,Trebsen/Mulde,Sachsen,51.2861,12.729288,4085,35.276529
DE,04703,Leisnig,Sachsen,51.176249,12.937879,8898,78.18086
DE,04720,Döbeln,Sachsen,51.138455,13.118776,27548,136.368492
DE,04720,Großweitzschen,Sachsen,51.138455,13.118776,27548,136.368492
DE,04736,Waldheim,Sachsen,51.07408,13.03571,9403,41.511853
DE,04741,Roßwein,Sachsen,51.078483,13.175704,7964,44.143589
DE,04746,Hartha,Sachsen,51.114008,12.968203,7795,54.578278
DE,04749,Jahnatal,Sachsen,51.191772,13.143856,5338,71.103898
DE,04758,Cavertitz,Sachsen,51.343819,13.118507,20808,193.391005
DE,04758,Liebschützberg,Sachsen,51.343819,13.118507,20808,193.391005
DE,04758,Oschatz,Sachsen,51.343819,13.118507,20808,193.391005
DE,04769,Mügeln,Sachsen,51.240081,13.072002,8910,92.055446
DE,04769,Naundorf,Sachsen,51.240081,13.072002,8910,92.055446
DE,04774,Dahlen,Sachsen,51.382163,12.985593,4601,72.048773
DE,04779,Wermsdorf,Sachsen,51.301225,12.964572,5509,105.374572
DE,04808,Lossatal,Sachsen,51.388478,12.80306,27018,232.716532
DE,04808,Thallwitz,Sachsen,51.388478,12.80306,27018,232.716532
DE,04808,Wurzen,Sachsen,51.388478,12.80306,27018,232.716532
DE,04821,Brandis,Sachsen,51.324865,12.626047,6352,25.729401
DE,04824,Brandis,Sachsen,51.320465,12.564352,3113,9.131863
DE,04827,Machern,Sachsen,51.375632,12.625414,6651,39.010843
DE,04828,Bennewitz,Sachsen,51.342693,12.700883,5052,46.966457
DE,04838,Doberschütz,Sachsen,51.487789,12.621657,27928,274.686654
DE,04838,Eilenburg,Sachsen,51.487789,12.621657,27928,274.686654
DE,04838,Jesewitz,Sachsen,51.487789,12.621657,27928,274.686654
DE,04838,Laußig,Sachsen,51.487789,12.621657,27928,274.686654
DE,04838,Zschepplin,Sachsen,51.487789,12.621657,27928,274.686654
DE,04849,"Bad Düben",Sachsen,51.595057,12.641325,10313,119.473866
DE,04849,Laußig,Sachsen,51.595057,12.641325,10313,119.473866
DE,04860,Dreiheide,Sachsen,51.557695,12.949161,20638,90.2017
DE,04860,Torgau,Sachsen,51.557695,12.949161,20638,90.2017
DE,04861,Torgau,Sachsen,51.506382,13.001151,2297,47.233049
DE,04862,Mockrehna,Sachsen,51.511113,12.831244,5193,114.597391
DE,04874,Belgern,Sachsen,51.458194,13.120113,4716,83.948712
DE,04880,Dommitzsch,Sachsen,51.618771,12.845235,5580,147.166136
DE,04880,Elsnig,Sachsen,51.618771,12.845235,5580,147.166136
DE,04880,Trossin,Sachsen,51.618771,12.845235,5580,147.166136
DE,04886,Arzberg,Sachsen,51.573254,13.086047,6522,152.651158
DE,04886,Beilrode,Sachsen,51.573254,13.086047,6522,152.651158
DE,04889,Belgern,Sachsen,51.454047,12.962738,3579,75.609318
DE,04895,Falkenberg/Elster,Brandenburg,51.561257,13.232265,8588,150.923334
DE,04895,Mühlberg/Elbe,Brandenburg,51.561257,13.232265,8588,150.923334
DE,04895,Uebigau-Wahrenbrück,Brandenburg,51.561257,13.232265,8588,150.923334
DE,04910,Elsterwerda,Brandenburg,51.465078,13.521912,8611,41.378492
DE,04916,"Herzberg (Elster)",Brandenburg,51.738132,13.220053,13189,314.974661
DE,04916,Kremitzaue,Brandenburg,51.738132,13.220053,13189,314.974661
DE,04916,Schönewalde,Brandenburg,51.738132,13.220053,13189,314.974661
DE,04924,"Bad Liebenwerda",Brandenburg,51.527705,13.389308,11917,172.311234
DE,04924,Uebigau-Wahrenbrück,Brandenburg,51.527705,13.389308,11917,172.311234
DE,04928,Plessa,Brandenburg,51.462619,13.638209,3436,69.291661
DE,04928,Schraden,Brandenburg,51.462619,13.638209,3436,69.291661
DE,04931,"Bad Liebenwerda",Brandenburg,51.446641,13.280729,3956,82.435756
DE,04931,Mühlberg/Elbe,Brandenburg,51.446641,13.280729,3956,82.435756
DE,04932,Großthiemig,Brandenburg,51.420328,13.554854,9156,122.586016
DE,04932,Gröden,Brandenburg,51.420328,13.554854,9156,122.586016
DE,04932,Hirschfeld,Brandenburg,51.420328,13.554854,9156,122.586016
DE,04932,Merzdorf,Brandenburg,51.420328,13.554854,9156,122.586016
DE,04932,Röderland,Brandenburg,51.420328,13.554854,9156,122.586016
DE,04934,Hohenleipisch,Brandenburg,51.507889,13.5655,2218,34.408222
DE,04936,Fichtwald,Brandenburg,51.73965,13.414937,5430,200.346916
DE,04936,Hohenbucko,Brandenburg,51.73965,13.414937,5430,200.346916
DE,04936,Kremitzaue,Brandenburg,51.73965,13.414937,5430,200.346916
DE,04936,Lebusa,Brandenburg,51.73965,13.414937,5430,200.346916
DE,04936,Schlieben,Brandenburg,51.73965,13.414937,5430,200.346916
DE,04938,Uebigau-Wahrenbrück,Brandenburg,51.607406,13.32281,2403,41.29189
DE,06108,"Halle (Saale)",Sachsen-Anhalt,51.487245,11.961587,17376,3.714719
DE,06110,"Halle (Saale)",Sachsen-Anhalt,51.468884,11.970852,28584,4.233497
DE,06112,"Halle (Saale)",Sachsen-Anhalt,51.469384,11.999309,11992,10.095474
DE,06114,"Halle (Saale)",Sachsen-Anhalt,51.498975,11.967183,21950,3.141435
DE,06116,"Halle (Saale)",Sachsen-Anhalt,51.477971,12.036345,11479,21.410451
DE,06116,Landsberg,Sachsen-Anhalt,51.477971,12.036345,11479,21.410451
DE,06118,"Halle (Saale)",Sachsen-Anhalt,51.520304,11.985608,17123,21.416199
DE,06120,"Halle (Saale)",Sachsen-Anhalt,51.50824,11.905806,20115,25.360065
DE,06122,"Halle (Saale)",Sachsen-Anhalt,51.484285,11.929316,15337,2.093937
DE,06124,"Halle (Saale)",Sachsen-Anhalt,51.469632,11.930949,21269,6.980113
DE,06126,"Halle (Saale)",Sachsen-Anhalt,51.478603,11.895439,10619,6.070651
DE,06128,"Halle (Saale)",Sachsen-Anhalt,51.450066,11.944248,19719,7.318808
DE,06130,"Halle (Saale)",Sachsen-Anhalt,51.451403,11.97991,12688,3.328744
DE,06132,"Halle (Saale)",Sachsen-Anhalt,51.426143,11.986748,21047,20.378937
DE,06179,Teutschenthal,Sachsen-Anhalt,51.441292,11.816473,13513,91.087231
DE,06184,Kabelsketal,Sachsen-Anhalt,51.439716,12.102738,8851,51.186432
DE,06188,Landsberg,Sachsen-Anhalt,51.523471,12.109185,15312,126.080768
DE,06193,Petersberg,Sachsen-Anhalt,51.597093,11.906628,20750,230.964471
DE,06193,Wettin-Löbejün,Sachsen-Anhalt,51.597093,11.906628,20750,230.964471
DE,06198,Salzatal,Sachsen-Anhalt,51.532818,11.779001,12122,110.017524
DE,06217,Merseburg,Sachsen-Anhalt,51.34566,11.97425,33814,53.816776
DE,06231,"Bad Dürrenberg",Sachsen-Anhalt,51.284303,12.095653,12058,36.210047
DE,06237,Leuna,Sachsen-Anhalt,51.328331,12.089882,14170,88.134936
DE,06242,Braunsbedra,Sachsen-Anhalt,51.287709,11.888846,10071,63.011759
DE,06246,"Goethestadt Bad Lauchstädt",Sachsen-Anhalt,51.381012,11.835373,9180,85.668355
DE,06249,"Mücheln (Geiseltal)",Sachsen-Anhalt,51.302612,11.796547,5930,33.730178
DE,06255,"Mücheln (Geiseltal)",Sachsen-Anhalt,51.348484,11.792,607,13.010643
DE,06258,Schkopau,Sachsen-Anhalt,51.39111,12.041003,11340,100.280112
DE,06259,Braunsbedra,Sachsen-Anhalt,51.307564,11.934212,1589,11.611163
DE,06268,Barnstädt,Sachsen-Anhalt,51.348503,11.60467,19154,292.951091
DE,06268,"Mücheln (Geiseltal)",Sachsen-Anhalt,51.348503,11.60467,19154,292.951091
DE,06268,Nemsdorf-Göhrendorf,Sachsen-Anhalt,51.348503,11.60467,19154,292.951091
DE,06268,Obhausen,Sachsen-Anhalt,51.348503,11.60467,19154,292.951091
DE,06268,Querfurt,Sachsen-Anhalt,51.348503,11.60467,19154,292.951091
DE,06268,Steigra,Sachsen-Anhalt,51.348503,11.60467,19154,292.951091
DE,06279,Farnstädt,Sachsen-Anhalt,51.432168,11.601651,2825,34.270285
DE,06279,Schraplau,Sachsen-Anhalt,51.432168,11.601651,2825,34.270285
DE,06295,Bornstedt,Sachsen-Anhalt,51.517117,11.562744,25503,153.877554
DE,06295,"Lutherstadt Eisleben",Sachsen-Anhalt,51.517117,11.562744,25503,153.877554
DE,06308,Benndorf,Sachsen-Anhalt,51.578737,11.489705,4735,14.672623
DE,06308,Klostermansfeld,Sachsen-Anhalt,51.578737,11.489705,4735,14.672623
DE,06311,Helbra,Sachsen-Anhalt,51.5551,11.495576,4281,9.43396
DE,06313,Ahlsdorf,Sachsen-Anhalt,51.528887,11.470313,4696,22.678811
DE,06313,Hergisdorf,Sachsen-Anhalt,51.528887,11.470313,4696,22.678811
DE,06313,Wimmelburg,Sachsen-Anhalt,51.528887,11.470313,4696,22.678811
DE,06317,"Seegebiet Mansfelder Land",Sachsen-Anhalt,51.482675,11.673829,9652,108.767372
DE,06333,Falkenstein/Harz,Sachsen-Anhalt,51.659357,11.470613,15752,47.232092
DE,06333,Hettstedt,Sachsen-Anhalt,51.659357,11.470613,15752,47.232092
DE,06343,Mansfeld,Sachsen-Anhalt,51.597555,11.364931,9673,145.073251
DE,06347,Gerbstedt,Sachsen-Anhalt,51.615607,11.635295,8072,102.930187
DE,06366,"Köthen (Anhalt)",Sachsen-Anhalt,51.746492,11.973274,24439,26.938361
DE,06369,"Köthen (Anhalt)",Sachsen-Anhalt,51.708962,12.025668,9977,137.827361
DE,06369,"Südliches Anhalt",Sachsen-Anhalt,51.708962,12.025668,9977,137.827361
DE,06385,"Aken (Elbe)",Sachsen-Anhalt,51.848402,12.051884,8023,54.726672
DE,06386,"Aken (Elbe)",Sachsen-Anhalt,51.791537,12.01328,11790,193.98896
DE,06386,"Osternienburger Land",Sachsen-Anhalt,51.791537,12.01328,11790,193.98896
DE,06386,"Südliches Anhalt",Sachsen-Anhalt,51.791537,12.01328,11790,193.98896
DE,06388,"Köthen (Anhalt)",Sachsen-Anhalt,51.689063,11.920809,5471,56.969616
DE,06388,"Südliches Anhalt",Sachsen-Anhalt,51.689063,11.920809,5471,56.969616
DE,06406,"Bernburg (Saale)",Sachsen-Anhalt,51.774166,11.766933,35048,113.875239
DE,06408,Ilberstedt,Sachsen-Anhalt,51.807547,11.667401,1117,14.907528
DE,06420,Könnern,Sachsen-Anhalt,51.686572,11.74835,9113,125.811256
DE,06425,Alsleben,Sachsen-Anhalt,51.722263,11.666395,3969,47.543498
DE,06425,Plötzkau,Sachsen-Anhalt,51.722263,11.666395,3969,47.543498
DE,06429,"Nienburg (Saale)",Sachsen-Anhalt,51.838233,11.782016,6979,79.502287
DE,06449,Aschersleben,Sachsen-Anhalt,51.77202,11.479737,30552,198.514255
DE,06449,Giersleben,Sachsen-Anhalt,51.77202,11.479737,30552,198.514255
DE,06449,Seeland,Sachsen-Anhalt,51.77202,11.479737,30552,198.514255
DE,06456,Arnstein,Sachsen-Anhalt,51.6731,11.447566,7347,122.220542
DE,06458,Hedersleben,Sachsen-Anhalt,51.863221,11.282184,2992,52.365019
DE,06458,Selke-Aue,Sachsen-Anhalt,51.863221,11.282184,2992,52.365019
DE,06463,Falkenstein/Harz,Sachsen-Anhalt,51.728595,11.32618,4690,59.537158
DE,06464,Seeland,Sachsen-Anhalt,51.788869,11.372114,1446,12.842779
DE,06466,Seeland,Sachsen-Anhalt,51.817385,11.289548,2212,16.411033
DE,06466,Selke-Aue,Sachsen-Anhalt,51.817385,11.289548,2212,16.411033
DE,06467,Seeland,Sachsen-Anhalt,51.782396,11.304558,2461,19.67706
DE,06469,Seeland,Sachsen-Anhalt,51.810949,11.344494,1836,9.607639
DE,06484,Ditfurt,Sachsen-Anhalt,51.802288,11.167003,21982,102.240788
DE,06484,Quedlinburg,Sachsen-Anhalt,51.802288,11.167003,21982,102.240788
DE,06485,Quedlinburg,Sachsen-Anhalt,51.705593,11.11549,5657,42.42089
DE,06493,Ballenstedt,Sachsen-Anhalt,51.666808,11.142666,18327,252.216407
DE,06493,Harzgerode,Sachsen-Anhalt,51.666808,11.142666,18327,252.216407
DE,06502,Blankenburg,Sachsen-Anhalt,51.737031,11.01566,19485,144.101916
DE,06502,Thale,Sachsen-Anhalt,51.737031,11.01566,19485,144.101916
DE,06526,Sangerhausen,Sachsen-Anhalt,51.518072,11.250513,28932,208.463725
DE,06528,Blankenheim,Sachsen-Anhalt,51.451326,11.260094,6067,76.062077
DE,06528,Brücken-Hackpfüffel,Sachsen-Anhalt,51.451326,11.260094,6067,76.062077
DE,06528,Edersleben,Sachsen-Anhalt,51.451326,11.260094,6067,76.062077
DE,06528,Wallhausen,Sachsen-Anhalt,51.451326,11.260094,6067,76.062077
DE,06536,Berga,Sachsen-Anhalt,51.530282,11.030781,11904,263.53113
DE,06536,Südharz,Sachsen-Anhalt,51.530282,11.030781,11904,263.53113
DE,06537,"Kelbra (Kyffhäuser)",Sachsen-Anhalt,51.43132,11.088524,3666,41.219931
DE,06542,Allstedt,Sachsen-Anhalt,51.439379,11.407344,8397,150.743473
DE,06543,Falkenstein/Harz,Sachsen-Anhalt,51.672779,11.28258,615,34.3938
DE,06556,Artern,Thüringen,51.364895,11.308094,9476,82.920639
DE,06556,Borxleben,Thüringen,51.364895,11.308094,9476,82.920639
DE,06556,Kalbsrieth,Thüringen,51.364895,11.308094,9476,82.920639
DE,06556,Mönchpfiffel-Nikolausrieth,Thüringen,51.364895,11.308094,9476,82.920639
DE,06556,Reinsdorf,Thüringen,51.364895,11.308094,9476,82.920639
DE,06567,"Bad Frankenhausen/Kyffhäuser",Thüringen,51.365419,11.147594,10307,91.0429
DE,06571,Gehofen,Thüringen,51.296969,11.381512,9184,86.108541
DE,06571,Roßleben-Wiehe,Thüringen,51.296969,11.381512,9184,86.108541
DE,06577,"An der Schmücke",Thüringen,51.293429,11.214828,7539,114.056662
DE,06577,Etzleben,Thüringen,51.293429,11.214828,7539,114.056662
DE,06577,Oberheldrungen,Thüringen,51.293429,11.214828,7539,114.056662
DE,06618,Mertendorf,Sachsen-Anhalt,51.120229,11.819043,32975,178.520865
DE,06618,"Molauer Land",Sachsen-Anhalt,51.120229,11.819043,32975,178.520865
DE,06618,"Naumburg (Saale)",Sachsen-Anhalt,51.120229,11.819043,32975,178.520865
DE,06618,Schönburg,Sachsen-Anhalt,51.120229,11.819043,32975,178.520865
DE,06618,Wethau,Sachsen-Anhalt,51.120229,11.819043,32975,178.520865
DE,06628,Lanitz-Hassel-Tal,Sachsen-Anhalt,51.131663,11.688265,6481,72.301946
DE,06628,"Naumburg (Saale)",Sachsen-Anhalt,51.131663,11.688265,6481,72.301946
DE,06632,Balgstädt,Sachsen-Anhalt,51.226129,11.754056,8271,127.912456
DE,06632,"Freyburg (Unstrut)",Sachsen-Anhalt,51.226129,11.754056,8271,127.912456
DE,06632,Gleina,Sachsen-Anhalt,51.226129,11.754056,8271,127.912456
DE,06632,"Mücheln (Geiseltal)",Sachsen-Anhalt,51.226129,11.754056,8271,127.912456
DE,06636,"Laucha an der Unstrut",Sachsen-Anhalt,51.232545,11.658717,3150,31.336012
DE,06638,Karsdorf,Sachsen-Anhalt,51.274378,11.635624,1941,20.013259
DE,06642,Kaiserpfalz,Sachsen-Anhalt,51.266009,11.51744,5249,65.645901
DE,06642,"Nebra (Unstrut)",Sachsen-Anhalt,51.266009,11.51744,5249,65.645901
DE,06647,"An der Poststraße",Sachsen-Anhalt,51.196774,11.533421,7131,150.062294
DE,06647,"Bad Bibra",Sachsen-Anhalt,51.196774,11.533421,7131,150.062294
DE,06647,Finne,Sachsen-Anhalt,51.196774,11.533421,7131,150.062294
DE,06647,Finneland,Sachsen-Anhalt,51.196774,11.533421,7131,150.062294
DE,06648,Eckartsberga,Sachsen-Anhalt,51.127604,11.534958,2416,36.013587
DE,06667,Goseck,Sachsen-Anhalt,51.203676,11.938697,38899,110.123685
DE,06667,Stößen,Sachsen-Anhalt,51.203676,11.938697,38899,110.123685
DE,06667,Weißenfels,Sachsen-Anhalt,51.203676,11.938697,38899,110.123685
DE,06679,Hohenmölsen,Sachsen-Anhalt,51.161008,12.114726,10350,75.791856
DE,06682,Teuchern,Sachsen-Anhalt,51.127472,12.002295,8845,81.648679
DE,06686,Lützen,Sachsen-Anhalt,51.223132,12.110319,9190,96.979653
DE,06688,Weißenfels,Sachsen-Anhalt,51.259362,12.020874,3356,25.666952
DE,06711,Zeitz,Sachsen-Anhalt,51.092751,12.119848,3494,31.811035
DE,06712,Gutenborn,Sachsen-Anhalt,51.017399,12.150182,32632,138.58277
DE,06712,Kretzschau,Sachsen-Anhalt,51.017399,12.150182,32632,138.58277
DE,06712,Schnaudertal,Sachsen-Anhalt,51.017399,12.150182,32632,138.58277
DE,06712,Zeitz,Sachsen-Anhalt,51.017399,12.150182,32632,138.58277
DE,06721,Meineweh,Sachsen-Anhalt,51.066892,11.952429,3717,53.165216
DE,06721,Osterfeld,Sachsen-Anhalt,51.066892,11.952429,3717,53.165216
DE,06722,Droyßig,Sachsen-Anhalt,51.012622,12.028599,3970,62.320916
DE,06722,Wetterzeube,Sachsen-Anhalt,51.012622,12.028599,3970,62.320916
DE,06729,Elsteraue,Sachsen-Anhalt,51.078325,12.216252,8951,80.422283
DE,06749,Bitterfeld-Wolfen,Sachsen-Anhalt,51.624173,12.331766,14595,28.414313
DE,06766,Bitterfeld-Wolfen,Sachsen-Anhalt,51.66913,12.237696,23330,37.593534
DE,06772,Dessau-Roßlau,Sachsen-Anhalt,51.698227,12.46854,4909,64.157933
DE,06772,Gräfenhainichen,Sachsen-Anhalt,51.698227,12.46854,4909,64.157933
DE,06773,Gräfenhainichen,Sachsen-Anhalt,51.724172,12.476707,8107,95.831875
DE,06774,Muldestausee,Sachsen-Anhalt,51.64506,12.451507,12097,138.535314
DE,06779,Raguhn-Jeßnitz,Sachsen-Anhalt,51.736714,12.258229,5862,77.480038
DE,06780,Zörbig,Sachsen-Anhalt,51.636735,12.122408,9748,114.351126
DE,06785,Oranienbaum-Wörlitz,Sachsen-Anhalt,51.831587,12.406734,8641,116.243505
DE,06792,Sandersdorf-Brehna,Sachsen-Anhalt,51.619656,12.246824,8866,24.178274
DE,06794,Sandersdorf-Brehna,Sachsen-Anhalt,51.59765,12.193263,595,15.18185
DE,06796,Sandersdorf-Brehna,Sachsen-Anhalt,51.559738,12.201207,2741,19.26959
DE,06800,Raguhn-Jeßnitz,Sachsen-Anhalt,51.68318,12.323217,3844,20.807618
DE,06803,Bitterfeld-Wolfen,Sachsen-Anhalt,51.650624,12.293649,2521,7.711528
DE,06808,Bitterfeld-Wolfen,Sachsen-Anhalt,51.596391,12.333416,2896,13.062471
DE,06809,Sandersdorf-Brehna,Sachsen-Anhalt,51.579902,12.272742,3016,23.522615
DE,06842,Dessau-Roßlau,Sachsen-Anhalt,51.78985,12.299641,13405,36.198509
DE,06844,Dessau-Roßlau,Sachsen-Anhalt,51.851157,12.269741,19944,25.602226
DE,06846,Dessau-Roßlau,Sachsen-Anhalt,51.847217,12.18,13169,34.677357
DE,06847,Dessau-Roßlau,Sachsen-Anhalt,51.795791,12.185702,14659,44.361507
DE,06849,Dessau-Roßlau,Sachsen-Anhalt,51.798167,12.254578,9887,7.951548
DE,06861,Dessau-Roßlau,Sachsen-Anhalt,51.907469,12.201686,1459,20.601848
DE,06862,Dessau-Roßlau,Sachsen-Anhalt,51.9128,12.240236,13561,76.358758
DE,06868,"Coswig (Anhalt)",Sachsen-Anhalt,51.98695,12.363452,2129,85.049409
DE,06869,"Coswig (Anhalt)",Sachsen-Anhalt,51.932799,12.453066,10698,211.80685
DE,06886,Wittenberg,Sachsen-Anhalt,51.881179,12.616781,36835,66.582009
DE,06888,Wittenberg,Sachsen-Anhalt,51.867559,12.621887,4391,67.164915
DE,06889,Wittenberg,Sachsen-Anhalt,51.951796,12.664133,6259,108.157076
DE,06895,Zahna-Elster,Sachsen-Anhalt,51.886419,12.808993,9814,149.492821
DE,06901,Kemberg,Sachsen-Anhalt,51.781388,12.622616,10641,237.256581
DE,06905,"Bad Schmiedeberg",Sachsen-Anhalt,51.703254,12.725163,8868,161.342
DE,06917,"Jessen (Elster)",Sachsen-Anhalt,51.818965,12.97079,14682,354.323478
DE,06925,Annaburg,Sachsen-Anhalt,51.707389,13.015842,7417,226.641857
DE,07318,Saalfeld/Saale,Thüringen,50.613089,11.301367,30831,145.051781
DE,07330,Probstzella,Thüringen,50.552062,11.380467,3314,74.099476
DE,07333,Unterwellenborn,Thüringen,50.663136,11.451583,8997,63.386298
DE,07338,Altenbeuthen,Thüringen,50.582443,11.492289,6072,118.031975
DE,07338,Drognitz,Thüringen,50.582443,11.492289,6072,118.031975
DE,07338,Hohenwarte,Thüringen,50.582443,11.492289,6072,118.031975
DE,07338,Kaulsdorf,Thüringen,50.582443,11.492289,6072,118.031975
DE,07338,Leutenberg,Thüringen,50.582443,11.492289,6072,118.031975
DE,07343,Wurzbach,Thüringen,50.447994,11.524392,3294,72.955665
DE,07349,Lehesten,Thüringen,50.469919,11.456877,1840,36.292466
DE,07356,"Bad Lobenstein",Thüringen,50.450287,11.633441,6322,48.676477
DE,07366,"Rosenthal am Rennsteig",Thüringen,50.417103,11.65725,4535,56.478869
DE,07368,Remptendorf,Thüringen,50.536763,11.599718,3766,97.800074
DE,07381,Bodelwitz,Thüringen,50.700623,11.620433,17291,98.520859
DE,07381,Döbritz,Thüringen,50.700623,11.620433,17291,98.520859
DE,07381,Langenorla,Thüringen,50.700623,11.620433,17291,98.520859
DE,07381,Nimritz,Thüringen,50.700623,11.620433,17291,98.520859
DE,07381,Oppurg,Thüringen,50.700623,11.620433,17291,98.520859
DE,07381,Pößneck,Thüringen,50.700623,11.620433,17291,98.520859
DE,07381,Wernburg,Thüringen,50.700623,11.620433,17291,98.520859
DE,07387,Krölpa,Thüringen,50.695847,11.519115,2823,42.456699
DE,07389,Grobengereuth,Thüringen,50.645734,11.603732,3590,65.623513
DE,07389,Gössitz,Thüringen,50.645734,11.603732,3590,65.623513
DE,07389,Peuschen,Thüringen,50.645734,11.603732,3590,65.623513
DE,07389,Ranis,Thüringen,50.645734,11.603732,3590,65.623513
DE,07389,Schmorda,Thüringen,50.645734,11.603732,3590,65.623513
DE,07389,Seisla,Thüringen,50.645734,11.603732,3590,65.623513
DE,07389,Wilhelmsdorf,Thüringen,50.645734,11.603732,3590,65.623513
DE,07407,Rudolstadt,Thüringen,50.751959,11.345741,32431,257.448049
DE,07407,Uhlstädt-Kirchhasel,Thüringen,50.751959,11.345741,32431,257.448049
DE,07422,"Bad Blankenburg",Thüringen,50.680768,11.250717,7002,35.450949
DE,07426,Allendorf,Thüringen,50.67711,11.127757,8593,115.00665
DE,07426,Bechstedt,Thüringen,50.67711,11.127757,8593,115.00665
DE,07426,Königsee,Thüringen,50.67711,11.127757,8593,115.00665
DE,07427,Schwarzburg,Thüringen,50.646168,11.201169,515,14.021435
DE,07429,Döschnitz,Thüringen,50.614962,11.205617,1357,12.888721
DE,07429,Sitzendorf,Thüringen,50.614962,11.205617,1357,12.888721
DE,07545,Gera,Thüringen,50.879978,12.082458,15163,3.0594
DE,07546,Gera,Thüringen,50.886394,12.097709,17449,10.655449
DE,07548,Gera,Thüringen,50.877072,12.039253,18556,30.816358
DE,07549,Gera,Thüringen,50.838637,12.059933,21721,8.781114
DE,07551,Gera,Thüringen,50.834884,12.110269,8688,22.308427
DE,07552,Gera,Thüringen,50.916153,12.070585,8845,10.983198
DE,07554,Bethenhausen,Thüringen,50.92306,12.128431,9208,101.545574
DE,07554,Brahmenau,Thüringen,50.92306,12.128431,9208,101.545574
DE,07554,Gera,Thüringen,50.92306,12.128431,9208,101.545574
DE,07554,Kauern,Thüringen,50.92306,12.128431,9208,101.545574
DE,07554,Korbußen,Thüringen,50.92306,12.128431,9208,101.545574
DE,07554,Pölzig,Thüringen,50.92306,12.128431,9208,101.545574
DE,07557,Gera,Thüringen,50.820059,12.019483,1524,27.118364
DE,07557,Hundhaupten,Thüringen,50.820059,12.019483,1524,27.118364
DE,07557,Zedlitz,Thüringen,50.820059,12.019483,1524,27.118364
DE,07570,Endschütz,Thüringen,50.769951,12.025548,15424,120.402836
DE,07570,Harth-Pöllnitz,Thüringen,50.769951,12.025548,15424,120.402836
DE,07570,Teichwitz,Thüringen,50.769951,12.025548,15424,120.402836
DE,07570,Weida,Thüringen,50.769951,12.025548,15424,120.402836
DE,07580,Braunichswalde,Thüringen,50.836591,12.209052,10798,99.028091
DE,07580,Gauern,Thüringen,50.836591,12.209052,10798,99.028091
DE,07580,Großenstein,Thüringen,50.836591,12.209052,10798,99.028091
DE,07580,Hilbersdorf,Thüringen,50.836591,12.209052,10798,99.028091
DE,07580,"Linda b. Weida",Thüringen,50.836591,12.209052,10798,99.028091
DE,07580,Paitzdorf,Thüringen,50.836591,12.209052,10798,99.028091
DE,07580,Reichstädt,Thüringen,50.836591,12.209052,10798,99.028091
DE,07580,Ronneburg,Thüringen,50.836591,12.209052,10798,99.028091
DE,07580,Rückersdorf,Thüringen,50.836591,12.209052,10798,99.028091
DE,07580,Seelingstädt,Thüringen,50.836591,12.209052,10798,99.028091
DE,07586,"Bad Köstritz",Thüringen,50.902766,11.966989,8769,65.695699
DE,07586,Caaschwitz,Thüringen,50.902766,11.966989,8769,65.695699
DE,07586,Kraftsdorf,Thüringen,50.902766,11.966989,8769,65.695699
DE,07589,Bocka,Thüringen,50.829212,11.938778,5143,48.994072
DE,07589,Lederhose,Thüringen,50.829212,11.938778,5143,48.994072
DE,07589,Lindenkreuz,Thüringen,50.829212,11.938778,5143,48.994072
DE,07589,Münchenbernsdorf,Thüringen,50.829212,11.938778,5143,48.994072
DE,07589,Saara,Thüringen,50.829212,11.938778,5143,48.994072
DE,07607,Eisenberg,Thüringen,50.963589,11.883145,11550,32.595877
DE,07607,Gösen,Thüringen,50.963589,11.883145,11550,32.595877
DE,07607,Hainspitz,Thüringen,50.963589,11.883145,11550,32.595877
DE,07613,"Crossen an der Elster",Thüringen,50.987471,11.93942,5510,69.332523
DE,07613,Hartmannsdorf,Thüringen,50.987471,11.93942,5510,69.332523
DE,07613,Heideland,Thüringen,50.987471,11.93942,5510,69.332523
DE,07613,Rauda,Thüringen,50.987471,11.93942,5510,69.332523
DE,07613,Silbitz,Thüringen,50.987471,11.93942,5510,69.332523
DE,07616,Bürgel,Thüringen,50.953699,11.778043,4857,61.435395
DE,07616,"Graitschen bei Bürgel",Thüringen,50.953699,11.778043,4857,61.435395
DE,07616,Petersberg,Thüringen,50.953699,11.778043,4857,61.435395
DE,07616,Rauschwitz,Thüringen,50.953699,11.778043,4857,61.435395
DE,07616,Serba,Thüringen,50.953699,11.778043,4857,61.435395
DE,07619,Schkölen,Thüringen,51.019675,11.814345,2854,56.805221
DE,07629,Hermsdorf,Thüringen,50.873323,11.856788,10646,29.050073
DE,07629,Reichenbach,Thüringen,50.873323,11.856788,10646,29.050073
DE,07629,Schleifreisen,Thüringen,50.873323,11.856788,10646,29.050073
DE,07629,"St. Gangloff",Thüringen,50.873323,11.856788,10646,29.050073
DE,07639,"Bad Klosterlausnitz",Thüringen,50.91925,11.879126,5808,35.622914
DE,07639,Tautenhain,Thüringen,50.91925,11.879126,5808,35.622914
DE,07639,Weißenborn,Thüringen,50.91925,11.879126,5808,35.622914
DE,07646,Albersdorf,Thüringen,50.844633,11.750855,15622,225.109988
DE,07646,Bobeck,Thüringen,50.844633,11.750855,15622,225.109988
DE,07646,Eineborn,Thüringen,50.844633,11.750855,15622,225.109988
DE,07646,Gneus,Thüringen,50.844633,11.750855,15622,225.109988
DE,07646,Kleinebersdorf,Thüringen,50.844633,11.750855,15622,225.109988
DE,07646,Laasdorf,Thüringen,50.844633,11.750855,15622,225.109988
DE,07646,Lippersdorf-Erdmannsdorf,Thüringen,50.844633,11.750855,15622,225.109988
DE,07646,Möckern,Thüringen,50.844633,11.750855,15622,225.109988
DE,07646,Mörsdorf,Thüringen,50.844633,11.750855,15622,225.109988
DE,07646,Oberbodnitz,Thüringen,50.844633,11.750855,15622,225.109988
DE,07646,Ottendorf,Thüringen,50.844633,11.750855,15622,225.109988
DE,07646,Rausdorf,Thüringen,50.844633,11.750855,15622,225.109988
DE,07646,Renthendorf,Thüringen,50.844633,11.750855,15622,225.109988
DE,07646,Ruttersdorf-Lotschen,Thüringen,50.844633,11.750855,15622,225.109988
DE,07646,Schlöben,Thüringen,50.844633,11.750855,15622,225.109988
DE,07646,Schöngleina,Thüringen,50.844633,11.750855,15622,225.109988
DE,07646,Stadtroda,Thüringen,50.844633,11.750855,15622,225.109988
DE,07646,Trockenborn-Wolfersdorf,Thüringen,50.844633,11.750855,15622,225.109988
DE,07646,Tröbnitz,Thüringen,50.844633,11.750855,15622,225.109988
DE,07646,Unterbodnitz,Thüringen,50.844633,11.750855,15622,225.109988
DE,07646,Waldeck,Thüringen,50.844633,11.750855,15622,225.109988
DE,07646,Waltersdorf,Thüringen,50.844633,11.750855,15622,225.109988
DE,07646,Weißbach,Thüringen,50.844633,11.750855,15622,225.109988
DE,07743,Jena,Thüringen,50.949403,11.593987,32097,15.417793
DE,07745,Jena,Thüringen,50.904805,11.562419,26247,23.88147
DE,07747,Jena,Thüringen,50.889713,11.614848,23339,6.82692
DE,07749,Jena,Thüringen,50.923037,11.612573,17222,13.649175
DE,07751,Bucha,Thüringen,50.901251,11.579988,13190,140.736255
DE,07751,Golmsdorf,Thüringen,50.901251,11.579988,13190,140.736255
DE,07751,Großlöbichau,Thüringen,50.901251,11.579988,13190,140.736255
DE,07751,Großpürschütz,Thüringen,50.901251,11.579988,13190,140.736255
DE,07751,Jena,Thüringen,50.901251,11.579988,13190,140.736255
DE,07751,Jenalöbnitz,Thüringen,50.901251,11.579988,13190,140.736255
DE,07751,Löberschütz,Thüringen,50.901251,11.579988,13190,140.736255
DE,07751,Milda,Thüringen,50.901251,11.579988,13190,140.736255
DE,07751,Rothenstein,Thüringen,50.901251,11.579988,13190,140.736255
DE,07751,Sulza,Thüringen,50.901251,11.579988,13190,140.736255
DE,07751,Zöllnitz,Thüringen,50.901251,11.579988,13190,140.736255
DE,07768,Altenberga,Thüringen,50.798787,11.550104,13017,119.489077
DE,07768,Bibra,Thüringen,50.798787,11.550104,13017,119.489077
DE,07768,Großeutersdorf,Thüringen,50.798787,11.550104,13017,119.489077
DE,07768,Gumperda,Thüringen,50.798787,11.550104,13017,119.489077
DE,07768,Hummelshain,Thüringen,50.798787,11.550104,13017,119.489077
DE,07768,Kahla,Thüringen,50.798787,11.550104,13017,119.489077
DE,07768,Lindig,Thüringen,50.798787,11.550104,13017,119.489077
DE,07768,Orlamünde,Thüringen,50.798787,11.550104,13017,119.489077
DE,07768,Reinstädt,Thüringen,50.798787,11.550104,13017,119.489077
DE,07768,Schöps,Thüringen,50.798787,11.550104,13017,119.489077
DE,07768,Seitenroda,Thüringen,50.798787,11.550104,13017,119.489077
DE,07774,Dornburg-Camburg,Thüringen,51.029653,11.705868,6797,57.628228
DE,07774,Frauenprießnitz,Thüringen,51.029653,11.705868,6797,57.628228
DE,07774,Wichmar,Thüringen,51.029653,11.705868,6797,57.628228
DE,07778,Hainichen,Thüringen,50.987958,11.642532,2064,42.193128
DE,07778,Lehesten,Thüringen,50.987958,11.642532,2064,42.193128
DE,07778,Neuengönna,Thüringen,50.987958,11.642532,2064,42.193128
DE,07778,Tautenburg,Thüringen,50.987958,11.642532,2064,42.193128
DE,07778,Zimmern,Thüringen,50.987958,11.642532,2064,42.193128
DE,07806,Kospoda,Thüringen,50.706626,11.7383,11088,115.791813
DE,07806,"Neustadt an der Orla",Thüringen,50.706626,11.7383,11088,115.791813
DE,07806,Weira,Thüringen,50.706626,11.7383,11088,115.791813
DE,07819,Dreitzsch,Thüringen,50.746341,11.841142,6266,87.949554
DE,07819,Geroda,Thüringen,50.746341,11.841142,6266,87.949554
DE,07819,Lemnitz,Thüringen,50.746341,11.841142,6266,87.949554
DE,07819,Miesitz,Thüringen,50.746341,11.841142,6266,87.949554
DE,07819,Mittelpöllnitz,Thüringen,50.746341,11.841142,6266,87.949554
DE,07819,Rosendorf,Thüringen,50.746341,11.841142,6266,87.949554
DE,07819,Schmieritz,Thüringen,50.746341,11.841142,6266,87.949554
DE,07819,Triptis,Thüringen,50.746341,11.841142,6266,87.949554
DE,07819,Tömmelsdorf,Thüringen,50.746341,11.841142,6266,87.949554
DE,07907,Dittersdorf,Thüringen,50.591591,11.809406,12574,189.641279
DE,07907,Görkwitz,Thüringen,50.591591,11.809406,12574,189.641279
DE,07907,Göschitz,Thüringen,50.591591,11.809406,12574,189.641279
DE,07907,Löhma,Thüringen,50.591591,11.809406,12574,189.641279
DE,07907,Moßbach,Thüringen,50.591591,11.809406,12574,189.641279
DE,07907,Oettersdorf,Thüringen,50.591591,11.809406,12574,189.641279
DE,07907,Plothen,Thüringen,50.591591,11.809406,12574,189.641279
DE,07907,Pörmitz,Thüringen,50.591591,11.809406,12574,189.641279
DE,07907,Schleiz,Thüringen,50.591591,11.809406,12574,189.641279
DE,07907,Tegau,Thüringen,50.591591,11.809406,12574,189.641279
DE,07919,Pausa-Mühltroff,Sachsen,50.553911,11.914877,1851,29.143409
DE,07922,Tanna,Thüringen,50.49078,11.86032,3813,87.852635
DE,07924,Eßbach,Thüringen,50.609616,11.70981,1835,41.021973
DE,07924,Neundorf,Thüringen,50.609616,11.70981,1835,41.021973
DE,07924,Schöndorf,Thüringen,50.609616,11.70981,1835,41.021973
DE,07924,Volkmannsdorf,Thüringen,50.609616,11.70981,1835,41.021973
DE,07924,Ziegenrück,Thüringen,50.609616,11.70981,1835,41.021973
DE,07926,Gefell,Thüringen,50.444316,11.826055,2665,45.057342
DE,07927,Hirschberg,Thüringen,50.420007,11.817096,2300,24.188819
DE,07929,Saalburg-Ebersdorf,Thüringen,50.494697,11.704198,3675,72.275729
DE,07937,Langenwolschendorf,Thüringen,50.624717,11.997975,14718,113.709531
DE,07937,Weißendorf,Thüringen,50.624717,11.997975,14718,113.709531
DE,07937,Zeulenroda-Triebes,Thüringen,50.624717,11.997975,14718,113.709531
DE,07950,Weißendorf,Thüringen,50.686165,12.010449,4160,32.157284
DE,07950,Zeulenroda-Triebes,Thüringen,50.686165,12.010449,4160,32.157284
DE,07952,Pausa-Mühltroff,Sachsen,50.586138,11.983719,3590,36.220538
DE,07955,Auma-Weidatal,Thüringen,50.704594,11.92913,3872,55.916693
DE,07957,Langenwetzendorf,Thüringen,50.684153,12.105638,4543,55.896736
DE,07958,Hohenleuben,Thüringen,50.709219,12.052815,1694,9.648145
DE,07973,Greiz,Thüringen,50.646563,12.174964,22698,85.010391
DE,07980,Berga-Wünschendorf,Thüringen,50.75217,12.152265,3658,46.291791
DE,07985,Elsterberg,Sachsen,50.605764,12.172667,4459,25.475613
DE,07987,Mohlsdorf-Teichwolframsdorf,Thüringen,50.701223,12.241679,5242,50.688303
DE,08056,Zwickau,Sachsen,50.705145,12.483891,19241,14.188119
DE,08058,Zwickau,Sachsen,50.763115,12.473093,20025,41.672506
DE,08060,Zwickau,Sachsen,50.722933,12.446982,15263,9.254175
DE,08062,Zwickau,Sachsen,50.693517,12.468571,13382,3.554763
DE,08064,Zwickau,Sachsen,50.669448,12.470691,10169,17.600754
DE,08066,Zwickau,Sachsen,50.727333,12.526663,15166,15.249493
DE,08107,"Hartmannsdorf bei Kirchberg",Sachsen,50.598301,12.525146,10169,66.840606
DE,08107,Kirchberg,Sachsen,50.598301,12.525146,10169,66.840606
DE,08112,Wilkau-Haßlau,Sachsen,50.664213,12.521628,10577,12.698901
DE,08115,Lichtentanne,Sachsen,50.670139,12.416811,6724,27.330215
DE,08118,Hartenstein,Sachsen,50.670899,12.671709,4831,36.749946
DE,08132,Mülsen,Sachsen,50.739973,12.57833,11925,50.831108
DE,08132,Zwickau,Sachsen,50.739973,12.57833,11925,50.831108
DE,08134,Langenweißbach,Sachsen,50.649966,12.596319,6538,43.445743
DE,08134,Wildenfels,Sachsen,50.649966,12.596319,6538,43.445743
DE,08141,Reinsdorf,Sachsen,50.693495,12.555946,8052,21.224844
DE,08144,Hirschfeld,Sachsen,50.629305,12.462852,1224,18.98914
DE,08147,Crinitzberg,Sachsen,50.570951,12.502154,2091,18.825601
DE,08209,Auerbach/Vogtland,Sachsen,50.488789,12.419943,19698,55.584231
DE,08223,Falkenstein/Vogtland,Sachsen,50.441803,12.356244,11813,70.896134
DE,08223,Grünbach,Sachsen,50.441803,12.356244,11813,70.896134
DE,08223,Neustadt/Vogtland,Sachsen,50.441803,12.356244,11813,70.896134
DE,08223,Werda,Sachsen,50.441803,12.356244,11813,70.896134
DE,08228,Rodewisch,Sachsen,50.53625,12.418399,6817,26.896973
DE,08233,Treuen,Sachsen,50.539802,12.305156,8436,43.873978
DE,08236,Ellefeld,Sachsen,50.481596,12.38902,2806,4.47474
DE,08237,Steinberg,Sachsen,50.54425,12.476903,2949,20.421538
DE,08239,Bergen,Sachsen,50.481247,12.296661,2365,22.476179
DE,08239,Falkenstein/Vogtland,Sachsen,50.481247,12.296661,2365,22.476179
DE,08248,Klingenthal,Sachsen,50.385538,12.470332,8003,28.942713
DE,08258,Markneukirchen,Sachsen,50.309092,12.348507,8281,68.74634
DE,08261,Schöneck/Vogtl.,Sachsen,50.390495,12.331238,3458,55.326503
DE,08262,Muldenhammer,Sachsen,50.428685,12.495179,3340,56.094278
DE,08267,Klingenthal,Sachsen,50.360058,12.41351,1380,21.474516
DE,08280,"Aue-Bad Schlema",Sachsen,50.596794,12.699699,16941,20.945321
DE,08289,Schneeberg,Sachsen,50.592726,12.620289,14980,23.361737
DE,08294,Lößnitz,Sachsen,50.625281,12.748447,9386,30.476521
DE,08297,Zwönitz,Sachsen,50.65139,12.831145,12654,64.513105
DE,08304,Schönheide,Sachsen,50.500918,12.519105,4949,28.902889
DE,08309,Eibenstock,Sachsen,50.469617,12.610123,8080,112.103726
DE,08315,Lauter-Bernsbach,Sachsen,50.560889,12.735987,9202,30.082321
DE,08321,Zschorlau,Sachsen,50.551253,12.645243,5591,21.940431
DE,08324,Bockau,Sachsen,50.528515,12.682642,2442,18.987881
DE,08328,Stützengrün,Sachsen,50.537101,12.55588,3585,28.209643
DE,08340,Schwarzenberg/Erzgebirge,Sachsen,50.518153,12.783577,18053,46.019516
DE,08344,Grünhain-Beierfeld,Sachsen,50.575911,12.810996,6203,22.550411
DE,08349,Johanngeorgenstadt,Sachsen,50.434421,12.694743,4549,29.545273
DE,08352,Raschau-Markersbach,Sachsen,50.515305,12.86316,5547,41.01489
DE,08359,Breitenbrunn/Erzgebirge,Sachsen,50.471402,12.776028,5786,60.480822
DE,08371,Glauchau,Sachsen,50.813666,12.556143,23623,51.664625
DE,08373,Remse,Sachsen,50.857443,12.563754,1757,14.418787
DE,08393,Dennheritz,Sachsen,50.844449,12.477608,17865,49.012044
DE,08393,Meerane,Sachsen,50.844449,12.477608,17865,49.012044
DE,08393,Schönberg,Sachsen,50.844449,12.477608,17865,49.012044
DE,08396,Oberwiera,Sachsen,50.883517,12.584427,5363,39.399851
DE,08396,Waldenburg,Sachsen,50.883517,12.584427,5363,39.399851
DE,08412,Werdau,Sachsen,50.727661,12.352864,21744,65.704789
DE,08427,Fraureuth,Sachsen,50.692481,12.351541,5331,22.611928
DE,08428,Langenbernsdorf,Sachsen,50.756162,12.293684,3784,36.303502
DE,08451,Crimmitschau,Sachsen,50.811845,12.358072,20031,61.138221
DE,08459,Neukirchen/Pleiße,Sachsen,50.783162,12.386723,4294,16.89355
DE,08459,Werdau,Sachsen,50.783162,12.386723,4294,16.89355
DE,08468,Heinsdorfergrund,Sachsen,50.621162,12.332577,21861,52.082423
DE,08468,Limbach,Sachsen,50.621162,12.332577,21861,52.082423
DE,08468,Reichenbach,Sachsen,50.621162,12.332577,21861,52.082423
DE,08485,Lengenfeld,Sachsen,50.583689,12.37742,7645,46.864141
DE,08491,Limbach,Sachsen,50.596783,12.244245,5718,26.13997
DE,08491,Netzschkau,Sachsen,50.596783,12.244245,5718,26.13997
DE,08496,Neumark,Sachsen,50.654536,12.353758,3070,17.327699
DE,08499,Reichenbach,Sachsen,50.622491,12.264147,2787,4.722209
DE,08523,Plauen,Sachsen,50.494412,12.115954,19023,7.088085
DE,08525,Plauen,Sachsen,50.521429,12.117886,16535,24.340161
DE,08527,Plauen,Sachsen,50.478329,12.108678,13772,51.591873
DE,08527,Rosenbach/Vogtland,Sachsen,50.478329,12.108678,13772,51.591873
DE,08529,Plauen,Sachsen,50.500618,12.175212,12375,11.956167
DE,08538,Weischlitz,Sachsen,50.440861,12.007145,6264,121.044211
DE,08539,Pausa-Mühltroff,Sachsen,50.527936,11.993443,2686,44.483841
DE,08539,Rosenbach/Vogtland,Sachsen,50.527936,11.993443,2686,44.483841
DE,08541,Neuensalz,Sachsen,50.498375,12.233073,4045,49.558658
DE,08541,Plauen,Sachsen,50.498375,12.233073,4045,49.558658
DE,08541,Theuma,Sachsen,50.498375,12.233073,4045,49.558658
DE,08543,Pöhl,Sachsen,50.557717,12.197739,2627,36.49916
DE,08547,Plauen,Sachsen,50.550104,12.135083,2594,12.98723
DE,08548,Rosenbach/Vogtland,Sachsen,50.553673,12.083597,1559,15.4719
DE,08606,Bösenbrunn,Sachsen,50.393989,12.131855,15700,161.40349
DE,08606,Mühlental,Sachsen,50.393989,12.131855,15700,161.40349
DE,08606,Oelsnitz/Vogtland,Sachsen,50.393989,12.131855,15700,161.40349
DE,08606,Tirpersdorf,Sachsen,50.393989,12.131855,15700,161.40349
DE,08606,Triebel,Sachsen,50.393989,12.131855,15700,161.40349
DE,08626,Adorf/Vogtland,Sachsen,50.343114,12.22594,7724,105.695538
DE,08626,Eichigt,Sachsen,50.343114,12.22594,7724,105.695538
DE,08626,Mühlental,Sachsen,50.343114,12.22594,7724,105.695538
DE,08645,"Bad Elster",Sachsen,50.281935,12.25013,3779,19.608338
DE,08648,"Bad Brambach",Sachsen,50.226628,12.303779,2133,43.951459
DE,09111,Chemnitz,Sachsen,50.83504,12.924257,10350,2.635107
DE,09112,Chemnitz,Sachsen,50.831399,12.904967,16361,2.056754
DE,09113,Chemnitz,Sachsen,50.846895,12.910744,16056,4.591337
DE,09114,Chemnitz,Sachsen,50.870946,12.909296,11489,20.188838
DE,09116,Chemnitz,Sachsen,50.825169,12.868538,18176,15.634819
DE,09117,Chemnitz,Sachsen,50.822826,12.831654,14693,14.535661
DE,09119,Chemnitz,Sachsen,50.815186,12.894235,13067,2.341279
DE,09120,Chemnitz,Sachsen,50.809557,12.91034,11502,5.518294
DE,09122,Chemnitz,Sachsen,50.797003,12.884163,9097,3.005673
DE,09123,Chemnitz,Sachsen,50.768186,12.934164,18365,22.473097
DE,09125,Chemnitz,Sachsen,50.788089,12.939664,9168,16.613888
DE,09126,Chemnitz,Sachsen,50.817671,12.939502,20881,5.088087
DE,09127,Chemnitz,Sachsen,50.815527,12.98331,18605,14.221859
DE,09128,Chemnitz,Sachsen,50.81485,13.018289,4272,25.189179
DE,09128,Niederwiesa,Sachsen,50.81485,13.018289,4272,25.189179
DE,09130,Chemnitz,Sachsen,50.837639,12.949834,21047,3.725872
DE,09131,Chemnitz,Sachsen,50.864239,12.965913,12407,19.200148
DE,09212,Limbach-Oberfrohna,Sachsen,50.870062,12.721529,24865,50.29203
DE,09217,Burgstädt,Sachsen,50.922175,12.804214,11267,25.896865
DE,09221,Neukirchen/Erzgebirge,Sachsen,50.769715,12.864694,6843,20.254862
DE,09224,Chemnitz,Sachsen,50.813931,12.789871,7707,20.100712
DE,09228,Chemnitz,Sachsen,50.886335,12.863938,4207,12.252203
DE,09232,Hartmannsdorf,Sachsen,50.882704,12.795408,4521,10.223696
DE,09235,Burkhardtsdorf,Sachsen,50.732588,12.919024,6352,21.283302
DE,09236,Claußnitz,Sachsen,50.939324,12.88059,3319,21.466226
DE,09241,Mühlau,Sachsen,50.900384,12.764286,2198,8.048132
DE,09243,Niederfrohna,Sachsen,50.888225,12.732563,2259,10.143506
DE,09244,Lichtenau,Sachsen,50.918043,12.960636,7582,49.212021
DE,09247,Chemnitz,Sachsen,50.861559,12.834947,2957,11.993935
DE,09249,Taura,Sachsen,50.910841,12.855702,2486,11.139185
DE,09306,Erlau,Sachsen,51.028594,12.829174,18784,193.856872
DE,09306,Königsfeld,Sachsen,51.028594,12.829174,18784,193.856872
DE,09306,Königshain-Wiederau,Sachsen,51.028594,12.829174,18784,193.856872
DE,09306,Rochlitz,Sachsen,51.028594,12.829174,18784,193.856872
DE,09306,Seelitz,Sachsen,51.028594,12.829174,18784,193.856872
DE,09306,Wechselburg,Sachsen,51.028594,12.829174,18784,193.856872
DE,09306,Zettlitz,Sachsen,51.028594,12.829174,18784,193.856872
DE,09322,Penig,Sachsen,50.947723,12.69116,9550,63.465958
DE,09326,Geringswalde,Sachsen,51.073401,12.911562,4611,30.108639
DE,09328,Lunzenau,Sachsen,50.964593,12.752586,4756,28.330798
DE,09337,Bernsdorf,Sachsen,50.821631,12.678924,23136,73.339188
DE,09337,Callenberg,Sachsen,50.821631,12.678924,23136,73.339188
DE,09337,Hohenstein-Ernstthal,Sachsen,50.821631,12.678924,23136,73.339188
DE,09350,Lichtenstein/Sachsen,Sachsen,50.748723,12.635112,12403,15.520075
DE,09353,Oberlungwitz,Sachsen,50.787441,12.735133,6277,14.676194
DE,09355,Gersdorf,Sachsen,50.758963,12.701028,4170,9.701747
DE,09356,"St. Egidien",Sachsen,50.796685,12.622375,3494,21.242646
DE,09366,Niederdorf,Sachsen,50.695552,12.770471,12910,52.094629
DE,09366,Stollberg/Erzgebirge,Sachsen,50.695552,12.770471,12910,52.094629
DE,09376,Oelsnitz/Erzgeb.,Sachsen,50.714848,12.701996,11652,26.2765
DE,09380,Thalheim/Erzgebirge,Sachsen,50.700384,12.84864,6851,10.800569
DE,09385,Lugau,Sachsen,50.75843,12.751378,8698,22.308611
DE,09387,Jahnsdorf/Erzgebirge,Sachsen,50.754589,12.827002,5657,26.148142
DE,09390,Gornsdorf,Sachsen,50.707327,12.88555,2105,4.191486
DE,09392,Auerbach,Sachsen,50.687887,12.910573,2753,8.161252
DE,09394,Hohndorf,Sachsen,50.742779,12.67349,3787,5.251236
DE,09399,Niederwürschnitz,Sachsen,50.728248,12.760044,2698,6.040875
DE,09405,Gornau,Sachsen,50.747226,13.05717,10883,17.598683
DE,09405,Zschopau,Sachsen,50.747226,13.05717,10883,17.598683
DE,09419,Thum,Sachsen,50.674309,12.950837,5506,18.902028
DE,09423,Gelenau/Erzgebirge,Sachsen,50.710233,12.952086,4424,21.118355
DE,09427,Ehrenfriedersdorf,Sachsen,50.645441,12.960058,4937,15.907721
DE,09429,Wolkenstein,Sachsen,50.654669,13.075448,4059,30.644686
DE,09430,Drebach,Sachsen,50.68743,13.020747,5647,32.93688
DE,09432,Großolbersdorf,Sachsen,50.694335,13.081709,2987,22.613067
DE,09434,Zschopau,Sachsen,50.736079,13.105332,1549,10.831251
DE,09437,Börnichen,Sachsen,50.739785,13.117866,1676,20.841469
DE,09437,Gornau,Sachsen,50.739785,13.117866,1676,20.841469
DE,09439,Amtsberg,Sachsen,50.743859,13.005648,3920,23.487409
DE,09456,Annaberg-Buchholz,Sachsen,50.577285,13.05485,24697,60.248403
DE,09456,Mildenau,Sachsen,50.577285,13.05485,24697,60.248403
DE,09465,Sehmatal,Sachsen,50.495376,12.980007,6875,44.535296
DE,09468,Geyer,Sachsen,50.624547,12.915353,4953,26.351059
DE,09468,Tannenberg,Sachsen,50.624547,12.915353,4953,26.351059
DE,09471,Bärenstein,Sachsen,50.528271,13.046058,4785,26.315862
DE,09471,Königswalde,Sachsen,50.528271,13.046058,4785,26.315862
DE,09474,Crottendorf,Sachsen,50.503881,12.92953,4272,34.155149
DE,09477,Jöhstadt,Sachsen,50.534903,13.135072,2936,48.225739
DE,09481,Elterlein,Sachsen,50.579055,12.886228,5360,55.407959
DE,09481,Scheibenberg,Sachsen,50.579055,12.886228,5360,55.407959
DE,09484,Oberwiesenthal,Sachsen,50.440812,12.947741,2344,40.160634
DE,09487,Schlettau,Sachsen,50.566411,12.94927,2537,21.254934
DE,09488,"Thermalbad Wiesenbad",Sachsen,50.618812,13.010219,3564,24.325765
DE,09496,Marienberg,Sachsen,50.620584,13.206799,18128,133.952243
DE,09509,Pockau-Lengefeld,Sachsen,50.706287,13.249124,3946,35.834961
DE,09514,Pockau-Lengefeld,Sachsen,50.729829,13.197191,4390,47.626829
DE,09518,Großrückerswalde,Sachsen,50.621202,13.10946,3642,26.75886
DE,09526,Heidersdorf,Sachsen,50.668322,13.340258,13209,134.397079
DE,09526,Olbernhau,Sachsen,50.668322,13.340258,13209,134.397079
DE,09544,Neuhausen/Erzgebirge,Sachsen,50.681779,13.492286,2924,48.130704
DE,09548,Deutschneudorf,Sachsen,50.634336,13.460714,3518,20.638064
DE,09548,Seiffen/Erzgebirge,Sachsen,50.634336,13.460714,3518,20.638064
DE,09557,Flöha,Sachsen,50.85573,13.086394,11523,27.838179
DE,09569,Oederan,Sachsen,50.867291,13.189373,8616,76.960584
DE,09573,Augustusburg,Sachsen,50.804729,13.117904,9330,66.431358
DE,09573,Gornau,Sachsen,50.804729,13.117904,9330,66.431358
DE,09573,Leubsdorf,Sachsen,50.804729,13.117904,9330,66.431358
DE,09575,Eppendorf,Sachsen,50.796276,13.25447,4492,33.619617
DE,09577,Niederwiesa,Sachsen,50.866936,13.017664,5081,16.312732
DE,09579,Grünhainichen,Sachsen,50.768486,13.162421,3706,28.93107
DE,09599,Freiberg,Sachsen,50.914613,13.333903,39861,48.291826
DE,09600,Oberschöna,Sachsen,50.904635,13.296341,6121,66.979382
DE,09600,Weißenborn/Erzgebirge,Sachsen,50.904635,13.296341,6121,66.979382
DE,09603,Großschirma,Sachsen,50.990461,13.281724,5871,61.705656
DE,09618,Brand-Erbisdorf,Sachsen,50.819498,13.303767,12982,79.551966
DE,09618,Großhartmannsdorf,Sachsen,50.819498,13.303767,12982,79.551966
DE,09619,Dorfchemnitz,Sachsen,50.758032,13.414091,6417,108.152865
DE,09619,Mulda/Sachsen,Sachsen,50.758032,13.414091,6417,108.152865
DE,09619,Sayda,Sachsen,50.758032,13.414091,6417,108.152865
DE,09623,Frauenstein,Sachsen,50.767826,13.534971,5226,111.935088
DE,09623,Rechenberg-Bienenmühle,Sachsen,50.767826,13.534971,5226,111.935088
DE,09627,Bobritzsch-Hilbersdorf,Sachsen,50.890982,13.446113,5996,55.333131
DE,09629,Reinsberg,Sachsen,51.012247,13.384839,2473,41.933697
DE,09633,Halsbrücke,Sachsen,50.963115,13.389568,5374,41.057237
DE,09634,Reinsberg,Sachsen,51.03743,13.351573,602,7.787529
DE,09638,Lichtenberg/Erzgebirge,Sachsen,50.832708,13.402285,2892,33.496899
DE,09648,Altmittweida,Sachsen,51.005647,12.990501,19762,86.561202
DE,09648,Kriebstein,Sachsen,51.005647,12.990501,19762,86.561202
DE,09648,Mittweida,Sachsen,51.005647,12.990501,19762,86.561202
DE,09661,Hainichen,Sachsen,50.993167,13.13454,17661,182.45714
DE,09661,Rossau,Sachsen,50.993167,13.13454,17661,182.45714
DE,09661,Striegistal,Sachsen,50.993167,13.13454,17661,182.45714
DE,09669,Frankenberg/Sachsen,Sachsen,50.912465,13.074916,15076,65.607879
DE,10115,Berlin,Berlin,52.532189,13.38453,20313,2.393948
DE,10117,Berlin,Berlin,52.516902,13.387363,12217,3.408939
DE,10119,Berlin,Berlin,52.530479,13.405327,16363,0.977391
DE,10178,Berlin,Berlin,52.521296,13.409789,12167,1.861724
DE,10179,Berlin,Berlin,52.512111,13.416425,18664,2.175681
DE,10243,Berlin,Berlin,52.51227,13.439421,28390,2.863364
DE,10245,Berlin,Berlin,52.50062,13.464792,27732,3.378075
DE,10247,Berlin,Berlin,52.516075,13.465471,32718,1.800185
DE,10249,Berlin,Berlin,52.523811,13.442962,25981,2.316836
DE,10315,Berlin,Berlin,52.513871,13.514982,28442,3.61032
DE,10317,Berlin,Berlin,52.497941,13.490716,19072,4.163179
DE,10318,Berlin,Berlin,52.483465,13.528804,22187,6.792205
DE,10319,Berlin,Berlin,52.499245,13.518365,22951,3.574872
DE,10365,Berlin,Berlin,52.520823,13.49579,22665,4.802197
DE,10367,Berlin,Berlin,52.524462,13.481964,18902,1.711186
DE,10369,Berlin,Berlin,52.529458,13.469364,19115,1.567092
DE,10405,Berlin,Berlin,52.53516,13.425553,27350,1.877471
DE,10407,Berlin,Berlin,52.5337,13.449016,21632,2.763551
DE,10409,Berlin,Berlin,52.544288,13.441397,21656,1.751824
DE,10435,Berlin,Berlin,52.537769,13.411143,15359,0.868376
DE,10437,Berlin,Berlin,52.544836,13.412558,27821,1.469108
DE,10439,Berlin,Berlin,52.55215,13.412138,25939,1.695422
DE,10551,Berlin,Berlin,52.530788,13.337032,16424,1.003691
DE,10553,Berlin,Berlin,52.530528,13.321475,8986,1.60221
DE,10555,Berlin,Berlin,52.521524,13.335512,15880,0.970945
DE,10557,Berlin,Berlin,52.523236,13.359501,16266,3.751963
DE,10559,Berlin,Berlin,52.530095,13.349879,14796,1.235278
DE,10585,Berlin,Berlin,52.515208,13.305679,12688,0.773325
DE,10587,Berlin,Berlin,52.518484,13.319464,11007,1.457804
DE,10589,Berlin,Berlin,52.527549,13.30574,12958,1.826626
DE,10623,Berlin,Berlin,52.508855,13.327356,5742,1.175006
DE,10625,Berlin,Berlin,52.509481,13.314725,10488,0.632379
DE,10627,Berlin,Berlin,52.507994,13.303006,11179,0.722515
DE,10629,Berlin,Berlin,52.502777,13.308547,11420,0.640276
DE,10707,Berlin,Berlin,52.496565,13.313735,11116,0.855201
DE,10709,Berlin,Berlin,52.493907,13.303069,8771,0.978243
DE,10711,Berlin,Berlin,52.49812,13.290469,9794,1.049378
DE,10713,Berlin,Berlin,52.485077,13.313282,10686,1.288442
DE,10715,Berlin,Berlin,52.482462,13.328893,15464,1.182576
DE,10717,Berlin,Berlin,52.490807,13.327525,14042,0.822949
DE,10719,Berlin,Berlin,52.498865,13.325695,8869,0.879055
DE,10777,Berlin,Berlin,52.497467,13.342715,12267,0.691373
DE,10779,Berlin,Berlin,52.492127,13.339436,9214,0.519219
DE,10781,Berlin,Berlin,52.493562,13.35289,11956,0.711603
DE,10783,Berlin,Berlin,52.496417,13.362413,11151,0.636072
DE,10785,Berlin,Berlin,52.507351,13.364219,10438,3.05705
DE,10787,Berlin,Berlin,52.507864,13.343875,5613,1.446408
DE,10789,Berlin,Berlin,52.501702,13.337746,4131,0.448729
DE,10823,Berlin,Berlin,52.487327,13.350961,8295,0.496247
DE,10825,Berlin,Berlin,52.483803,13.341281,9739,0.69688
DE,10827,Berlin,Berlin,52.483832,13.354324,13930,0.867405
DE,10829,Berlin,Berlin,52.476419,13.360865,13001,2.625611
DE,10961,Berlin,Berlin,52.492638,13.397442,17874,1.436641
DE,10963,Berlin,Berlin,52.500189,13.38114,12398,1.478856
DE,10965,Berlin,Berlin,52.485444,13.394462,17854,3.079776
DE,10967,Berlin,Berlin,52.490184,13.416442,19571,1.246908
DE,10969,Berlin,Berlin,52.502485,13.401105,25382,1.982485
DE,10997,Berlin,Berlin,52.50096,13.435483,23800,1.571859
DE,10999,Berlin,Berlin,52.496924,13.426555,24321,1.416985
DE,12043,Berlin,Berlin,52.47993,13.437042,13725,0.718058
DE,12045,Berlin,Berlin,52.485466,13.439231,15523,0.673226
DE,12047,Berlin,Berlin,52.490559,13.428499,13778,0.517082
DE,12049,Berlin,Berlin,52.476236,13.422636,18890,1.16987
DE,12051,Berlin,Berlin,52.466904,13.429864,22413,1.51962
DE,12053,Berlin,Berlin,52.477095,13.432451,15373,0.789719
DE,12055,Berlin,Berlin,52.471315,13.448591,13438,0.863261
DE,12057,Berlin,Berlin,52.468388,13.463211,14734,3.190786
DE,12059,Berlin,Berlin,52.480908,13.451266,16059,1.215681
DE,12099,Berlin,Berlin,52.464462,13.402237,14009,6.344044
DE,12101,Berlin,Berlin,52.478584,13.379425,14976,2.336351
DE,12103,Berlin,Berlin,52.464008,13.374597,18712,2.1755
DE,12105,Berlin,Berlin,52.449071,13.371301,22534,3.419807
DE,12107,Berlin,Berlin,52.431161,13.391937,19741,4.393815
DE,12109,Berlin,Berlin,52.446489,13.399414,14955,2.995072
DE,12157,Berlin,Berlin,52.465223,13.346355,18385,2.08057
DE,12159,Berlin,Berlin,52.473704,13.336974,14565,1.006113
DE,12161,Berlin,Berlin,52.470385,13.326973,16654,0.967523
DE,12163,Berlin,Berlin,52.46264,13.318489,17576,1.348528
DE,12165,Berlin,Berlin,52.455662,13.314819,4803,0.941939
DE,12167,Berlin,Berlin,52.44858,13.333774,18852,1.649792
DE,12169,Berlin,Berlin,52.454793,13.343517,16524,2.132771
DE,12203,Berlin,Berlin,52.444199,13.309799,19299,3.162245
DE,12205,Berlin,Berlin,52.434034,13.294429,13881,3.069275
DE,12207,Berlin,Berlin,52.419861,13.31333,21499,5.534108
DE,12209,Berlin,Berlin,52.417439,13.329188,14892,3.007316
DE,12247,Berlin,Berlin,52.439421,13.34627,19441,3.453867
DE,12249,Berlin,Berlin,52.42634,13.351702,22069,3.892021
DE,12277,Berlin,Berlin,52.413533,13.375131,13304,6.673373
DE,12279,Berlin,Berlin,52.41061,13.353067,16381,1.721817
DE,12305,Berlin,Berlin,52.403268,13.402065,20742,4.026846
DE,12307,Berlin,Berlin,52.388807,13.390189,11924,4.165531
DE,12309,Berlin,Berlin,52.3904,13.417107,15900,2.954059
DE,12347,Berlin,Berlin,52.450881,13.428158,17699,3.996365
DE,12349,Berlin,Berlin,52.425263,13.42209,21692,6.508985
DE,12351,Berlin,Berlin,52.432768,13.455513,19154,3.340035
DE,12353,Berlin,Berlin,52.422764,13.458913,31768,2.744118
DE,12355,Berlin,Berlin,52.411009,13.497825,27263,8.043727
DE,12357,Berlin,Berlin,52.429304,13.490523,13849,3.792754
DE,12359,Berlin,Berlin,52.447342,13.45317,19945,4.790546
DE,12435,Berlin,Berlin,52.486966,13.466267,16319,3.938399
DE,12437,Berlin,Berlin,52.462408,13.482222,21740,6.466252
DE,12439,Berlin,Berlin,52.452744,13.525988,9929,3.377883
DE,12459,Berlin,Berlin,52.465252,13.528046,18149,8.105607
DE,12487,Berlin,Berlin,52.442534,13.504821,18147,6.432041
DE,12489,Berlin,Berlin,52.435761,13.543106,15233,6.169691
DE,12524,Berlin,Berlin,52.412757,13.541628,25439,8.06462
DE,12526,Berlin,Berlin,52.397671,13.56434,11164,6.394592
DE,12527,Berlin,Berlin,52.385626,13.633844,9425,26.234422
DE,12529,Schönefeld,Brandenburg,52.368072,13.504804,13424,81.761897
DE,12555,Berlin,Berlin,52.462855,13.578841,26978,10.121572
DE,12557,Berlin,Berlin,52.428906,13.588564,21494,8.108336
DE,12559,Berlin,Berlin,52.415645,13.661897,17643,37.692798
DE,12587,Berlin,Berlin,52.458429,13.635537,17717,15.314347
DE,12589,Berlin,Berlin,52.444188,13.702733,9223,21.393296
DE,12619,Berlin,Berlin,52.523399,13.588487,25458,2.692072
DE,12621,Berlin,Berlin,52.502538,13.587678,16074,8.18417
DE,12623,Berlin,Berlin,52.502597,13.61654,27373,13.463959
DE,12627,Berlin,Berlin,52.537161,13.613418,35353,4.006235
DE,12629,Berlin,Berlin,52.541597,13.590215,13410,1.652755
DE,12679,Berlin,Berlin,52.549118,13.563557,25777,2.286931
DE,12681,Berlin,Berlin,52.537212,13.536819,17149,8.949125
DE,12683,Berlin,Berlin,52.50747,13.559175,24329,12.660685
DE,12685,Berlin,Berlin,52.539101,13.565335,18578,3.473665
DE,12687,Berlin,Berlin,52.556646,13.565871,17992,1.642189
DE,12689,Berlin,Berlin,52.565525,13.56884,22446,3.035879
DE,13051,Berlin,Berlin,52.581524,13.493487,21820,7.219665
DE,13053,Berlin,Berlin,52.54977,13.506124,18486,6.394543
DE,13055,Berlin,Berlin,52.540231,13.495584,27928,3.268525
DE,13057,Berlin,Berlin,52.571658,13.541777,16106,4.71243
DE,13059,Berlin,Berlin,52.580858,13.521689,14495,6.383668
DE,13086,Berlin,Berlin,52.55644,13.448581,24110,3.319886
DE,13088,Berlin,Berlin,52.560162,13.471744,24071,6.947109
DE,13089,Berlin,Berlin,52.570774,13.440976,6240,3.888743
DE,13125,Berlin,Berlin,52.633455,13.481235,31379,24.077649
DE,13127,Berlin,Berlin,52.618893,13.433473,19255,15.05452
DE,13129,Berlin,Berlin,52.590675,13.459523,6471,7.634515
DE,13156,Berlin,Berlin,52.582467,13.399912,26467,5.790938
DE,13158,Berlin,Berlin,52.593156,13.383428,17234,6.923554
DE,13159,Berlin,Berlin,52.621811,13.394948,1759,10.936737
DE,13187,Berlin,Berlin,52.56956,13.408447,30146,3.329674
DE,13189,Berlin,Berlin,52.564146,13.421839,25951,2.490952
DE,13347,Berlin,Berlin,52.549045,13.365514,27115,1.642755
DE,13349,Berlin,Berlin,52.557987,13.347348,12330,1.48609
DE,13351,Berlin,Berlin,52.55064,13.332847,14173,2.616893
DE,13353,Berlin,Berlin,52.541579,13.349546,24259,3.043125
DE,13355,Berlin,Berlin,52.541832,13.390563,21464,1.7118
DE,13357,Berlin,Berlin,52.550281,13.382582,25833,1.978774
DE,13359,Berlin,Berlin,52.559873,13.385098,22161,1.712064
DE,13403,Berlin,Berlin,52.573932,13.322527,26703,3.527485
DE,13405,Berlin,Berlin,52.558902,13.297874,4826,7.941947
DE,13407,Berlin,Berlin,52.572603,13.350906,24022,4.413208
DE,13409,Berlin,Berlin,52.568102,13.37168,26581,2.619762
DE,13435,Berlin,Berlin,52.601966,13.345567,17011,2.066132
DE,13437,Berlin,Berlin,52.590583,13.328458,14481,4.304659
DE,13439,Berlin,Berlin,52.598537,13.358732,19016,2.18526
DE,13465,Berlin,Berlin,52.639905,13.28957,16865,8.005162
DE,13467,Berlin,Berlin,52.617103,13.307505,15265,5.7573
DE,13469,Berlin,Berlin,52.611883,13.341678,16156,7.647295
DE,13503,Berlin,Berlin,52.612176,13.248791,17113,16.803582
DE,13505,Berlin,Berlin,52.583909,13.240399,6368,10.459622
DE,13507,Berlin,Berlin,52.576272,13.273374,22195,8.85193
DE,13509,Berlin,Berlin,52.589146,13.300709,15967,4.545075
DE,13581,Berlin,Berlin,52.531054,13.179365,14355,3.947103
DE,13583,Berlin,Berlin,52.543661,13.182321,20761,2.352556
DE,13585,Berlin,Berlin,52.547733,13.204896,20238,2.686093
DE,13587,Berlin,Berlin,52.576904,13.185593,20108,17.499517
DE,13589,Berlin,Berlin,52.557533,13.167908,21103,6.910882
DE,13591,Berlin,Berlin,52.534553,13.140673,26815,9.010221
DE,13593,Berlin,Berlin,52.514791,13.167351,20185,4.554867
DE,13595,Berlin,Berlin,52.511603,13.196266,19966,5.300639
DE,13597,Berlin,Berlin,52.527258,13.219487,8490,5.801039
DE,13599,Berlin,Berlin,52.547535,13.235957,13720,7.356836
DE,13627,Berlin,Berlin,52.539903,13.299408,17126,4.84935
DE,13629,Berlin,Berlin,52.542188,13.266371,11830,6.027052
DE,14050,Berlin,Berlin,52.520973,13.268608,10170,2.631873
DE,14052,Berlin,Berlin,52.515926,13.25607,11471,2.330181
DE,14053,Berlin,Berlin,52.515358,13.238197,139,1.471492
DE,14055,Berlin,Berlin,52.501929,13.24474,10661,7.895056
DE,14057,Berlin,Berlin,52.507254,13.287943,12237,1.082086
DE,14059,Berlin,Berlin,52.520537,13.287913,19704,2.803337
DE,14089,Berlin,Berlin,52.470791,13.151649,17734,24.91595
DE,14109,Berlin,Berlin,52.419744,13.143996,10049,25.26035
DE,14129,Berlin,Berlin,52.446285,13.202607,13834,20.520966
DE,14163,Berlin,Berlin,52.436883,13.238555,16361,6.032997
DE,14165,Berlin,Berlin,52.417552,13.253511,13956,3.392549
DE,14167,Berlin,Berlin,52.421165,13.276559,15485,5.817901
DE,14169,Berlin,Berlin,52.449672,13.257217,17274,5.098206
DE,14193,Berlin,Berlin,52.483127,13.236531,15505,20.738117
DE,14195,Berlin,Berlin,52.458897,13.282915,14667,8.084847
DE,14197,Berlin,Berlin,52.473361,13.311789,17889,1.587432
DE,14199,Berlin,Berlin,52.477657,13.295092,13657,2.418026
DE,14467,Potsdam,Brandenburg,52.403055,13.0671,13113,4.052474
DE,14469,Potsdam,Brandenburg,52.427196,13.026498,24872,47.589973
DE,14471,Potsdam,Brandenburg,52.381696,13.006167,17443,14.059518
DE,14473,Potsdam,Brandenburg,52.37035,13.050173,11335,18.900963
DE,14476,Potsdam,Brandenburg,52.46346,13.00114,13562,78.141744
DE,14478,Potsdam,Brandenburg,52.365912,13.092952,24831,6.517958
DE,14480,Potsdam,Brandenburg,52.374289,13.134664,28576,9.523126
DE,14482,Potsdam,Brandenburg,52.393664,13.104263,22193,9.745288
DE,14513,Teltow,Brandenburg,52.384926,13.273468,22479,21.718374
DE,14532,Kleinmachnow,Brandenburg,52.37013,13.202927,34096,61.428703
DE,14532,Stahnsdorf,Brandenburg,52.37013,13.202927,34096,61.428703
DE,14542,Schwielowsee,Brandenburg,52.383488,12.884676,23286,117.295328
DE,14542,"Werder (Havel)",Brandenburg,52.383488,12.884676,23286,117.295328
DE,14547,Beelitz,Brandenburg,52.227382,12.947464,11763,181.373815
DE,14548,Schwielowsee,Brandenburg,52.326139,12.93877,9979,58.38152
DE,14550,"Groß Kreutz (Havel)",Brandenburg,52.421012,12.764115,8187,99.229019
DE,14552,Michendorf,Brandenburg,52.293689,13.057599,11686,68.85716
DE,14554,"Seddiner See",Brandenburg,52.276681,13.002125,3946,23.913005
DE,14558,Nuthetal,Brandenburg,52.314831,13.125413,8601,47.87301
DE,14612,Falkensee,Brandenburg,52.573815,13.081765,40187,43.299396
DE,14621,Schönwalde-Glien,Brandenburg,52.641999,13.039982,8836,97.284628
DE,14624,Dallgow-Döberitz,Brandenburg,52.512268,13.071196,8635,66.444576
DE,14641,Nauen,Brandenburg,52.612939,12.82297,26771,387.002457
DE,14641,Paulinenaue,Brandenburg,52.612939,12.82297,26771,387.002457
DE,14641,Pessin,Brandenburg,52.612939,12.82297,26771,387.002457
DE,14641,Retzow,Brandenburg,52.612939,12.82297,26771,387.002457
DE,14641,Wustermark,Brandenburg,52.612939,12.82297,26771,387.002457
DE,14656,Brieselang,Brandenburg,52.589273,12.969364,10742,44.32819
DE,14662,Friesack,Brandenburg,52.726983,12.618955,4073,170.864474
DE,14662,Mühlenberge,Brandenburg,52.726983,12.618955,4073,170.864474
DE,14662,Wiesenaue,Brandenburg,52.726983,12.618955,4073,170.864474
DE,14669,Ketzin/Havel,Brandenburg,52.501767,12.838149,6345,94.413335
DE,14712,Rathenow,Brandenburg,52.618517,12.322541,24526,113.829965
DE,14715,Havelaue,Brandenburg,52.61442,12.376983,12409,605.516625
DE,14715,Kotzen,Brandenburg,52.61442,12.376983,12409,605.516625
DE,14715,"Milower Land",Brandenburg,52.61442,12.376983,12409,605.516625
DE,14715,"Märkisch Luch",Brandenburg,52.61442,12.376983,12409,605.516625
DE,14715,Nennhausen,Brandenburg,52.61442,12.376983,12409,605.516625
DE,14715,Schollene,Sachsen-Anhalt,52.61442,12.376983,12409,605.516625
DE,14715,Seeblick,Brandenburg,52.61442,12.376983,12409,605.516625
DE,14715,Stechow-Ferchesar,Brandenburg,52.61442,12.376983,12409,605.516625
DE,14727,Premnitz,Brandenburg,52.543686,12.369043,8663,45.988322
DE,14728,Gollenberg,Brandenburg,52.736546,12.413481,2526,104.432226
DE,14728,Kleßen-Görne,Brandenburg,52.736546,12.413481,2526,104.432226
DE,14728,Rhinow,Brandenburg,52.736546,12.413481,2526,104.432226
DE,14770,"Brandenburg an der Havel",Brandenburg,52.406257,12.513186,22112,16.146136
DE,14772,"Brandenburg an der Havel",Brandenburg,52.437817,12.500057,19451,34.493438
DE,14774,"Brandenburg an der Havel",Brandenburg,52.384663,12.427111,6621,63.12439
DE,14776,"Brandenburg an der Havel",Brandenburg,52.393964,12.57146,23481,106.543948
DE,14778,Beetzsee,Brandenburg,52.408536,12.592088,7663,220.061771
DE,14778,Beetzseeheide,Brandenburg,52.408536,12.592088,7663,220.061771
DE,14778,Golzow,Brandenburg,52.408536,12.592088,7663,220.061771
DE,14778,Päwesin,Brandenburg,52.408536,12.592088,7663,220.061771
DE,14778,Roskow,Brandenburg,52.408536,12.592088,7663,220.061771
DE,14778,Wenzlow,Brandenburg,52.408536,12.592088,7663,220.061771
DE,14778,Wollin,Brandenburg,52.408536,12.592088,7663,220.061771
DE,14789,Bensdorf,Brandenburg,52.36938,12.345891,5367,107.990562
DE,14789,Rosenau,Brandenburg,52.36938,12.345891,5367,107.990562
DE,14789,Wusterwitz,Brandenburg,52.36938,12.345891,5367,107.990562
DE,14793,Buckautal,Brandenburg,52.246594,12.348556,3623,148.030341
DE,14793,Gräben,Brandenburg,52.246594,12.348556,3623,148.030341
DE,14793,Ziesar,Brandenburg,52.246594,12.348556,3623,148.030341
DE,14797,"Kloster Lehnin",Brandenburg,52.329019,12.688994,10855,199.348403
DE,14798,Havelsee,Brandenburg,52.503461,12.478383,3432,81.981653
DE,14806,"Bad Belzig",Brandenburg,52.169845,12.581406,12206,279.103872
DE,14806,Planetal,Brandenburg,52.169845,12.581406,12206,279.103872
DE,14822,Borkheide,Brandenburg,52.200804,12.765765,9764,232.758211
DE,14822,Borkwalde,Brandenburg,52.200804,12.765765,9764,232.758211
DE,14822,Brück,Brandenburg,52.200804,12.765765,9764,232.758211
DE,14822,Linthe,Brandenburg,52.200804,12.765765,9764,232.758211
DE,14822,Mühlenfließ,Brandenburg,52.200804,12.765765,9764,232.758211
DE,14822,Planebruch,Brandenburg,52.200804,12.765765,9764,232.758211
DE,14823,Mühlenfließ,Brandenburg,52.052881,12.660382,3154,145.770137
DE,14823,Niemegk,Brandenburg,52.052881,12.660382,3154,145.770137
DE,14823,Rabenstein/Fläming,Brandenburg,52.052881,12.660382,3154,145.770137
DE,14827,Wiesenburg/Mark,Brandenburg,52.090006,12.429156,4607,220.282371
DE,14828,Görzke,Brandenburg,52.170188,12.331436,1316,75.297773
DE,14913,Jüterbog,Brandenburg,51.964239,13.087372,21726,568.597109
DE,14913,"Niederer Fläming",Brandenburg,51.964239,13.087372,21726,568.597109
DE,14913,Niedergörsdorf,Brandenburg,51.964239,13.087372,21726,568.597109
DE,14929,Treuenbrietzen,Brandenburg,52.069976,12.860204,7599,212.742542
DE,14943,Luckenwalde,Brandenburg,52.089447,13.151625,20283,46.67288
DE,14947,Nuthe-Urstromtal,Brandenburg,52.100317,13.204458,6559,341.868128
DE,14959,Trebbin,Brandenburg,52.216751,13.216405,9258,126.622163
DE,14974,Ludwigsfelde,Brandenburg,52.291454,13.263512,23680,110.174597
DE,14979,Großbeeren,Brandenburg,52.36219,13.328371,7651,51.81756
DE,15230,"Frankfurt (Oder)",Brandenburg,52.336587,14.551795,16915,5.379558
DE,15232,"Frankfurt (Oder)",Brandenburg,52.328184,14.541464,10140,2.248923
DE,15234,"Frankfurt (Oder)",Brandenburg,52.345514,14.467403,19097,83.445666
DE,15236,"Frankfurt (Oder)",Brandenburg,52.326675,14.441765,15343,119.195899
DE,15236,Jacobsdorf,Brandenburg,52.326675,14.441765,15343,119.195899
DE,15236,Treplin,Brandenburg,52.326675,14.441765,15343,119.195899
DE,15295,Brieskow-Finkenheerd,Brandenburg,52.238265,14.604947,7167,87.698665
DE,15295,"Groß Lindow",Brandenburg,52.238265,14.604947,7167,87.698665
DE,15295,Wiesenau,Brandenburg,52.238265,14.604947,7167,87.698665
DE,15295,Ziltendorf,Brandenburg,52.238265,14.604947,7167,87.698665
DE,15299,Grunow-Dammendorf,Brandenburg,52.204369,14.411429,5896,128.009206
DE,15299,Mixdorf,Brandenburg,52.204369,14.411429,5896,128.009206
DE,15299,Müllrose,Brandenburg,52.204369,14.411429,5896,128.009206
DE,15306,"Falkenhagen (Mark)",Brandenburg,52.511554,14.36105,11786,270.644314
DE,15306,Fichtenhöhe,Brandenburg,52.511554,14.36105,11786,270.644314
DE,15306,Gusow-Platkow,Brandenburg,52.511554,14.36105,11786,270.644314
DE,15306,Lietzen,Brandenburg,52.511554,14.36105,11786,270.644314
DE,15306,Lindendorf,Brandenburg,52.511554,14.36105,11786,270.644314
DE,15306,Seelow,Brandenburg,52.511554,14.36105,11786,270.644314
DE,15306,Vierlinden,Brandenburg,52.511554,14.36105,11786,270.644314
DE,15320,Neuhardenberg,Brandenburg,52.631926,14.235868,4028,115.342952
DE,15320,Neutrebbin,Brandenburg,52.631926,14.235868,4028,115.342952
DE,15324,Letschin,Brandenburg,52.668371,14.364329,4356,142.73138
DE,15326,Lebus,Brandenburg,52.436883,14.472466,5469,120.372687
DE,15326,Podelzig,Brandenburg,52.436883,14.472466,5469,120.372687
DE,15326,Zeschdorf,Brandenburg,52.436883,14.472466,5469,120.372687
DE,15328,"Alt Tucheband",Brandenburg,52.566463,14.531122,6179,176.082838
DE,15328,Bleyen-Genschmar,Brandenburg,52.566463,14.531122,6179,176.082838
DE,15328,Golzow,Brandenburg,52.566463,14.531122,6179,176.082838
DE,15328,"Küstriner Vorland",Brandenburg,52.566463,14.531122,6179,176.082838
DE,15328,Reitwein,Brandenburg,52.566463,14.531122,6179,176.082838
DE,15328,Zechin,Brandenburg,52.566463,14.531122,6179,176.082838
DE,15344,Strausberg,Brandenburg,52.566695,13.900456,25565,68.073583
DE,15345,Altlandsberg,Brandenburg,52.594293,13.906888,21797,302.938873
DE,15345,Garzau-Garzin,Brandenburg,52.594293,13.906888,21797,302.938873
DE,15345,Petershagen/Eggersdorf,Brandenburg,52.594293,13.906888,21797,302.938873
DE,15345,Prötzel,Brandenburg,52.594293,13.906888,21797,302.938873
DE,15345,Rehfelde,Brandenburg,52.594293,13.906888,21797,302.938873
DE,15345,Reichenow-Möglin,Brandenburg,52.594293,13.906888,21797,302.938873
DE,15345,"Rüdersdorf bei Berlin",Brandenburg,52.594293,13.906888,21797,302.938873
DE,15366,Hoppegarten,Brandenburg,52.522443,13.668887,33351,51.687469
DE,15366,"Neuenhagen bei Berlin",Brandenburg,52.522443,13.668887,33351,51.687469
DE,15370,Fredersdorf-Vogelsdorf,Brandenburg,52.518437,13.76406,20762,27.625751
DE,15370,Petershagen/Eggersdorf,Brandenburg,52.518437,13.76406,20762,27.625751
DE,15374,Müncheberg,Brandenburg,52.514626,14.12862,6893,152.507776
DE,15377,Buckow,Brandenburg,52.590342,14.069094,4389,117.349895
DE,15377,"Märkische Höhe",Brandenburg,52.590342,14.069094,4389,117.349895
DE,15377,Oberbarnim,Brandenburg,52.590342,14.069094,4389,117.349895
DE,15377,Waldsieversdorf,Brandenburg,52.590342,14.069094,4389,117.349895
DE,15378,"Rüdersdorf bei Berlin",Brandenburg,52.491433,13.852708,4685,23.75423
DE,15517,Fürstenwalde/Spree,Brandenburg,52.374339,14.05751,30982,70.871024
DE,15518,Berkenbrück,Brandenburg,52.386612,14.183757,11146,325.790178
DE,15518,"Briesen (Mark)",Brandenburg,52.386612,14.183757,11146,325.790178
DE,15518,Langewahl,Brandenburg,52.386612,14.183757,11146,325.790178
DE,15518,Rauen,Brandenburg,52.386612,14.183757,11146,325.790178
DE,15518,Steinhöfel,Brandenburg,52.386612,14.183757,11146,325.790178
DE,15526,"Bad Saarow",Brandenburg,52.272166,14.034928,5988,76.634692
DE,15526,Reichenwalde,Brandenburg,52.272166,14.034928,5988,76.634692
DE,15528,Spreenhagen,Brandenburg,52.33843,13.887964,3334,137.152729
DE,15537,Erkner,Brandenburg,52.414119,13.866018,22085,159.066307
DE,15537,"Gosen-Neu Zittau",Brandenburg,52.414119,13.866018,22085,159.066307
DE,15537,"Grünheide (Mark)",Brandenburg,52.414119,13.866018,22085,159.066307
DE,15562,"Rüdersdorf bei Berlin",Brandenburg,52.472724,13.797144,9724,38.789979
DE,15566,"Schöneiche bei Berlin",Brandenburg,52.479184,13.705711,11827,16.775489
DE,15569,Berlin,Berlin,52.449202,13.761444,7784,9.285795
DE,15569,Woltersdorf,Brandenburg,52.449202,13.761444,7784,9.285795
DE,15711,"Königs Wusterhausen",Brandenburg,52.287694,13.621188,22178,25.111675
DE,15712,"Königs Wusterhausen",Brandenburg,52.293839,13.699697,6984,28.609113
DE,15713,"Königs Wusterhausen",Brandenburg,52.343147,13.69598,4558,42.48199
DE,15732,Eichwalde,Brandenburg,52.36048,13.597231,13832,11.913287
DE,15732,Schulzendorf,Brandenburg,52.36048,13.597231,13832,11.913287
DE,15738,Zeuthen,Brandenburg,52.345387,13.612707,10583,12.700332
DE,15741,Bestensee,Brandenburg,52.229468,13.643201,6640,38.106026
DE,15745,Wildau,Brandenburg,52.321362,13.621558,9757,9.119058
DE,15746,"Groß Köris",Brandenburg,52.163459,13.692617,2255,68.513439
DE,15748,"Märkisch Buchholz",Brandenburg,52.131447,13.811733,1269,87.36454
DE,15748,Münchehofe,Brandenburg,52.131447,13.811733,1269,87.36454
DE,15749,Mittenwalde,Brandenburg,52.248789,13.55017,8652,99.749384
DE,15754,Heidesee,Brandenburg,52.247068,13.769682,7056,135.934399
DE,15755,Schwerin,Brandenburg,52.12203,13.604031,2620,55.013207
DE,15755,Teupitz,Brandenburg,52.12203,13.604031,2620,55.013207
DE,15757,Halbe,Brandenburg,52.082516,13.704495,2213,76.747038
DE,15806,Zossen,Brandenburg,52.195661,13.458505,17263,180.419763
DE,15827,Blankenfelde-Mahlow,Brandenburg,52.324904,13.410484,12838,22.790882
DE,15831,Blankenfelde-Mahlow,Brandenburg,52.333241,13.414306,12753,32.45712
DE,15834,Rangsdorf,Brandenburg,52.284164,13.45286,10405,33.881801
DE,15837,Baruth/Mark,Brandenburg,52.03506,13.484204,4237,234.248849
DE,15838,"Am Mellensee",Brandenburg,52.146401,13.373775,6547,104.866331
DE,15848,Beeskow,Brandenburg,52.166261,14.231088,20015,603.54177
DE,15848,Friedland,Brandenburg,52.166261,14.231088,20015,603.54177
DE,15848,Ragow-Merz,Brandenburg,52.166261,14.231088,20015,603.54177
DE,15848,Rietz-Neuendorf,Brandenburg,52.166261,14.231088,20015,603.54177
DE,15848,Tauche,Brandenburg,52.166261,14.231088,20015,603.54177
DE,15859,"Storkow (Mark)",Brandenburg,52.202924,13.926821,9060,180.734499
DE,15864,Diensdorf-Radlow,Brandenburg,52.208803,14.0176,1981,34.837267
DE,15864,"Wendisch Rietz",Brandenburg,52.208803,14.0176,1981,34.837267
DE,15868,Jamlitz,Brandenburg,52.006592,14.332415,2090,116.835869
DE,15868,Lieberose,Brandenburg,52.006592,14.332415,2090,116.835869
DE,15890,Eisenhüttenstadt,Brandenburg,52.166501,14.557415,32479,196.259631
DE,15890,Schlaubetal,Brandenburg,52.166501,14.557415,32479,196.259631
DE,15890,Siehdichum,Brandenburg,52.166501,14.557415,32479,196.259631
DE,15890,Vogelsang,Brandenburg,52.166501,14.557415,32479,196.259631
DE,15898,Lawitz,Brandenburg,52.063111,14.614005,6816,184.932383
DE,15898,Neißemünde,Brandenburg,52.063111,14.614005,6816,184.932383
DE,15898,Neuzelle,Brandenburg,52.063111,14.614005,6816,184.932383
DE,15907,"Lübben (Spreewald)",Brandenburg,51.945672,13.893135,13897,121.081213
DE,15910,Bersteland,Brandenburg,52.017452,13.794506,4850,216.529497
DE,15910,"Krausnick-Groß Wasserburg",Brandenburg,52.017452,13.794506,4850,216.529497
DE,15910,Rietzneuendorf-Staakow,Brandenburg,52.017452,13.794506,4850,216.529497
DE,15910,Schlepzig,Brandenburg,52.017452,13.794506,4850,216.529497
DE,15910,Schönwald,Brandenburg,52.017452,13.794506,4850,216.529497
DE,15910,Unterspreewald,Brandenburg,52.017452,13.794506,4850,216.529497
DE,15913,"Alt Zauche-Wußwerk",Brandenburg,51.991269,14.093847,9845,509.822456
DE,15913,Byhleguhre-Byhlen,Brandenburg,51.991269,14.093847,9845,509.822456
DE,15913,"Märkische Heide",Brandenburg,51.991269,14.093847,9845,509.822456
DE,15913,"Neu Zauche",Brandenburg,51.991269,14.093847,9845,509.822456
DE,15913,Schwielochsee,Brandenburg,51.991269,14.093847,9845,509.822456
DE,15913,Spreewaldheide,Brandenburg,51.991269,14.093847,9845,509.822456
DE,15913,"Straupitz (Spreewald)",Brandenburg,51.991269,14.093847,9845,509.822456
DE,15926,Heideblick,Brandenburg,51.827708,13.694911,13865,375.52945
DE,15926,Luckau,Brandenburg,51.827708,13.694911,13865,375.52945
DE,15936,Dahme/Mark,Brandenburg,51.881435,13.427284,6618,252.273128
DE,15936,Dahmetal,Brandenburg,51.881435,13.427284,6618,252.273128
DE,15936,Ihlow,Brandenburg,51.881435,13.427284,6618,252.273128
DE,15938,Drahnsdorf,Brandenburg,51.950023,13.588949,4504,165.850635
DE,15938,Golßen,Brandenburg,51.950023,13.588949,4504,165.850635
DE,15938,Kasel-Golzig,Brandenburg,51.950023,13.588949,4504,165.850635
DE,15938,Steinreich,Brandenburg,51.950023,13.588949,4504,165.850635
DE,16225,Eberswalde,Brandenburg,52.823591,13.792978,23520,74.580808
DE,16225,Schorfheide,Brandenburg,52.823591,13.792978,23520,74.580808
DE,16227,Eberswalde,Brandenburg,52.838495,13.736931,15780,19.322455
DE,16230,Breydin,Brandenburg,52.848847,13.840781,7137,222.255309
DE,16230,Britz,Brandenburg,52.848847,13.840781,7137,222.255309
DE,16230,Chorin,Brandenburg,52.848847,13.840781,7137,222.255309
DE,16230,Melchow,Brandenburg,52.848847,13.840781,7137,222.255309
DE,16230,"Sydower Fließ",Brandenburg,52.848847,13.840781,7137,222.255309
DE,16244,Schorfheide,Brandenburg,52.90928,13.594528,9833,236.228026
DE,16247,Althüttendorf,Brandenburg,52.97882,13.761858,5321,210.311545
DE,16247,Friedrichswalde,Brandenburg,52.97882,13.761858,5321,210.311545
DE,16247,Joachimsthal,Brandenburg,52.97882,13.761858,5321,210.311545
DE,16247,Ziethen,Brandenburg,52.97882,13.761858,5321,210.311545
DE,16248,Hohenfinow,Brandenburg,52.882993,14.01829,5814,133.549299
DE,16248,Liepe,Brandenburg,52.882993,14.01829,5814,133.549299
DE,16248,Lunow-Stolzenhagen,Brandenburg,52.882993,14.01829,5814,133.549299
DE,16248,Niederfinow,Brandenburg,52.882993,14.01829,5814,133.549299
DE,16248,Oderberg,Brandenburg,52.882993,14.01829,5814,133.549299
DE,16248,Parsteinsee,Brandenburg,52.882993,14.01829,5814,133.549299
DE,16259,"Bad Freienwalde (Oder)",Brandenburg,52.769906,14.028771,20095,413.287352
DE,16259,Beiersdorf-Freudenberg,Brandenburg,52.769906,14.028771,20095,413.287352
DE,16259,Falkenberg,Brandenburg,52.769906,14.028771,20095,413.287352
DE,16259,Heckelberg-Brunow,Brandenburg,52.769906,14.028771,20095,413.287352
DE,16259,Höhenland,Brandenburg,52.769906,14.028771,20095,413.287352
DE,16259,Neulewin,Brandenburg,52.769906,14.028771,20095,413.287352
DE,16259,Oderaue,Brandenburg,52.769906,14.028771,20095,413.287352
DE,16269,Bliesdorf,Brandenburg,52.707904,14.120492,8577,130.353112
DE,16269,Wriezen,Brandenburg,52.707904,14.120492,8577,130.353112
DE,16278,Angermünde,Brandenburg,53.043324,13.97449,14855,337.598086
DE,16278,Pinnow,Brandenburg,53.043324,13.97449,14855,337.598086
DE,16303,Schwedt/Oder,Brandenburg,53.091824,14.204421,36610,361.496813
DE,16306,Casekow,Brandenburg,53.205897,14.179866,3479,168.281238
DE,16306,"Hohenselchow-Groß Pinnow",Brandenburg,53.205897,14.179866,3479,168.281238
DE,16306,Zichow,Brandenburg,53.205897,14.179866,3479,168.281238
DE,16307,"Gartz (Oder)",Brandenburg,53.249106,14.357756,3972,128.596007
DE,16307,Mescherin,Brandenburg,53.249106,14.357756,3972,128.596007
DE,16307,Tantow,Brandenburg,53.249106,14.357756,3972,128.596007
DE,16321,Bernau,Brandenburg,52.690891,13.582458,37762,118.371415
DE,16321,Rüdnitz,Brandenburg,52.690891,13.582458,37762,118.371415
DE,16341,Panketal,Brandenburg,52.642312,13.531987,18884,25.873167
DE,16348,Marienwerder,Brandenburg,52.772601,13.505924,22428,204.295042
DE,16348,Wandlitz,Brandenburg,52.772601,13.505924,22428,204.295042
DE,16356,Ahrensfelde,Brandenburg,52.630549,13.690153,20587,175.229963
DE,16356,Werneuchen,Brandenburg,52.630549,13.690153,20587,175.229963
DE,16359,Biesenthal,Brandenburg,52.771641,13.637822,5515,60.479974
DE,16515,"Mühlenbecker Land",Brandenburg,52.767374,13.29603,43375,180.40978
DE,16515,Oranienburg,Brandenburg,52.767374,13.29603,43375,180.40978
DE,16540,"Hohen Neuendorf",Brandenburg,52.660623,13.263547,14739,19.185635
DE,16547,Birkenwerder,Brandenburg,52.702023,13.305522,7720,18.450389
DE,16547,"Hohen Neuendorf",Brandenburg,52.702023,13.305522,7720,18.450389
DE,16548,Glienicke/Nordbahn,Brandenburg,52.632854,13.329812,11070,4.625464
DE,16552,"Mühlenbecker Land",Brandenburg,52.639629,13.369392,6103,6.603192
DE,16556,"Hohen Neuendorf",Brandenburg,52.715967,13.266117,4434,15.771508
DE,16559,Liebenwalde,Brandenburg,52.860151,13.399288,4323,144.292743
DE,16562,"Hohen Neuendorf",Brandenburg,52.681935,13.323136,5480,13.139732
DE,16567,"Mühlenbecker Land",Brandenburg,52.667929,13.363244,5982,29.76543
DE,16727,Oberkrämer,Brandenburg,52.693136,13.121659,21896,127.629034
DE,16727,Velten,Brandenburg,52.693136,13.121659,21896,127.629034
DE,16761,Hennigsdorf,Brandenburg,52.630473,13.201103,25527,31.120745
DE,16766,Kremmen,Brandenburg,52.786523,13.030023,7162,207.968711
DE,16767,Leegebruch,Brandenburg,52.719343,13.194619,6573,6.429799
DE,16775,Gransee,Brandenburg,52.986358,13.138541,17350,567.718172
DE,16775,Großwoltersdorf,Brandenburg,52.986358,13.138541,17350,567.718172
DE,16775,"Löwenberger Land",Brandenburg,52.986358,13.138541,17350,567.718172
DE,16775,Schönermark,Brandenburg,52.986358,13.138541,17350,567.718172
DE,16775,Sonnenberg,Brandenburg,52.986358,13.138541,17350,567.718172
DE,16775,Stechlin,Brandenburg,52.986358,13.138541,17350,567.718172
DE,16792,Zehdenick,Brandenburg,52.994001,13.341333,13669,223.272568
DE,16798,Fürstenberg/Havel,Brandenburg,53.156614,13.205136,6178,214.386114
DE,16816,Neuruppin,Brandenburg,52.911939,12.802343,24355,62.192849
DE,16818,Dabergotz,Brandenburg,52.944186,12.758058,8227,413.293153
DE,16818,Fehrbellin,Brandenburg,52.944186,12.758058,8227,413.293153
DE,16818,"Märkisch Linden",Brandenburg,52.944186,12.758058,8227,413.293153
DE,16818,Neuruppin,Brandenburg,52.944186,12.758058,8227,413.293153
DE,16818,Rheinsberg,Brandenburg,52.944186,12.758058,8227,413.293153
DE,16818,Storbeck-Frankendorf,Brandenburg,52.944186,12.758058,8227,413.293153
DE,16818,Temnitzquell,Brandenburg,52.944186,12.758058,8227,413.293153
DE,16818,Walsleben,Brandenburg,52.944186,12.758058,8227,413.293153
DE,16827,Neuruppin,Brandenburg,52.987474,12.866377,3010,90.914561
DE,16831,Rheinsberg,Brandenburg,53.1094,12.899416,6175,175.174705
DE,16833,Fehrbellin,Brandenburg,52.777669,12.781473,6616,198.949676
DE,16833,Neuruppin,Brandenburg,52.777669,12.781473,6616,198.949676
DE,16835,"Herzberg (Mark)",Brandenburg,52.952216,12.981287,5666,150.30981
DE,16835,"Lindow (Mark)",Brandenburg,52.952216,12.981287,5666,150.30981
DE,16835,Neuruppin,Brandenburg,52.952216,12.981287,5666,150.30981
DE,16835,Rheinsberg,Brandenburg,52.952216,12.981287,5666,150.30981
DE,16835,Rüthnick,Brandenburg,52.952216,12.981287,5666,150.30981
DE,16835,Vielitzsee,Brandenburg,52.952216,12.981287,5666,150.30981
DE,16837,Rheinsberg,Brandenburg,53.151332,12.752383,1730,121.534841
DE,16845,Breddin,Brandenburg,52.849572,12.452735,12736,477.014695
DE,16845,Dreetz,Brandenburg,52.849572,12.452735,12736,477.014695
DE,16845,Fehrbellin,Brandenburg,52.849572,12.452735,12736,477.014695
DE,16845,Großderschau,Brandenburg,52.849572,12.452735,12736,477.014695
DE,16845,"Neustadt (Dosse)",Brandenburg,52.849572,12.452735,12736,477.014695
DE,16845,Sieversdorf-Hohenofen,Brandenburg,52.849572,12.452735,12736,477.014695
DE,16845,Stüdenitz-Schönermark,Brandenburg,52.849572,12.452735,12736,477.014695
DE,16845,Temnitztal,Brandenburg,52.849572,12.452735,12736,477.014695
DE,16845,Wusterhausen/Dosse,Brandenburg,52.849572,12.452735,12736,477.014695
DE,16845,Zernitz-Lohm,Brandenburg,52.849572,12.452735,12736,477.014695
DE,16866,Gumtow,Brandenburg,52.983169,12.323219,13406,410.621586
DE,16866,Kyritz,Brandenburg,52.983169,12.323219,13406,410.621586
DE,16866,Wusterhausen/Dosse,Brandenburg,52.983169,12.323219,13406,410.621586
DE,16868,Wusterhausen/Dosse,Brandenburg,52.909558,12.471673,3329,36.173304
DE,16909,Heiligengrabe,Brandenburg,53.154647,12.490243,19607,628.267366
DE,16909,Wittstock/Dosse,Brandenburg,53.154647,12.490243,19607,628.267366
DE,16928,Gerdshagen,Brandenburg,53.136628,12.129137,17030,441.27482
DE,16928,"Groß Pankow (Prignitz)",Brandenburg,53.136628,12.129137,17030,441.27482
DE,16928,Pritzwalk,Brandenburg,53.136628,12.129137,17030,441.27482
DE,16945,Halenbeck-Rohlsdorf,Brandenburg,53.290957,12.202994,4020,188.55326
DE,16945,Kümmernitztal,Brandenburg,53.290957,12.202994,4020,188.55326
DE,16945,Marienfließ,Brandenburg,53.290957,12.202994,4020,188.55326
DE,16945,Meyenburg,Brandenburg,53.290957,12.202994,4020,188.55326
DE,16949,Putlitz,Brandenburg,53.251706,12.048533,3330,151.621255
DE,16949,Triglitz,Brandenburg,53.251706,12.048533,3330,151.621255
DE,17033,Neubrandenburg,Mecklenburg-Vorpommern,53.532715,13.225415,29467,58.781416
DE,17034,Neubrandenburg,Mecklenburg-Vorpommern,53.573865,13.290139,19510,15.606982
DE,17036,Neubrandenburg,Mecklenburg-Vorpommern,53.545233,13.312505,15124,11.694292
DE,17039,Beseritz,Mecklenburg-Vorpommern,53.611943,13.320413,8939,223.067676
DE,17039,Blankenhof,Mecklenburg-Vorpommern,53.611943,13.320413,8939,223.067676
DE,17039,Brunn,Mecklenburg-Vorpommern,53.611943,13.320413,8939,223.067676
DE,17039,Neddemin,Mecklenburg-Vorpommern,53.611943,13.320413,8939,223.067676
DE,17039,Neuenkirchen,Mecklenburg-Vorpommern,53.611943,13.320413,8939,223.067676
DE,17039,Neverin,Mecklenburg-Vorpommern,53.611943,13.320413,8939,223.067676
DE,17039,Sponholz,Mecklenburg-Vorpommern,53.611943,13.320413,8939,223.067676
DE,17039,Staven,Mecklenburg-Vorpommern,53.611943,13.320413,8939,223.067676
DE,17039,Trollenhagen,Mecklenburg-Vorpommern,53.611943,13.320413,8939,223.067676
DE,17039,Woggersin,Mecklenburg-Vorpommern,53.611943,13.320413,8939,223.067676
DE,17039,Wulkenzin,Mecklenburg-Vorpommern,53.611943,13.320413,8939,223.067676
DE,17039,Zirzow,Mecklenburg-Vorpommern,53.611943,13.320413,8939,223.067676
DE,17087,Altentreptow,Mecklenburg-Vorpommern,53.694117,13.239356,5688,53.132003
DE,17089,Bartow,Mecklenburg-Vorpommern,53.760429,13.29519,4833,191.889007
DE,17089,Burow,Mecklenburg-Vorpommern,53.760429,13.29519,4833,191.889007
DE,17089,Gnevkow,Mecklenburg-Vorpommern,53.760429,13.29519,4833,191.889007
DE,17089,Golchen,Mecklenburg-Vorpommern,53.760429,13.29519,4833,191.889007
DE,17089,Grapzow,Mecklenburg-Vorpommern,53.760429,13.29519,4833,191.889007
DE,17089,Grischow,Mecklenburg-Vorpommern,53.760429,13.29519,4833,191.889007
DE,17089,Gültz,Mecklenburg-Vorpommern,53.760429,13.29519,4833,191.889007
DE,17089,Siedenbollentin,Mecklenburg-Vorpommern,53.760429,13.29519,4833,191.889007
DE,17089,Werder,Mecklenburg-Vorpommern,53.760429,13.29519,4833,191.889007
DE,17091,Altenhagen,Mecklenburg-Vorpommern,53.658211,13.105649,6496,259.54263
DE,17091,Breesen,Mecklenburg-Vorpommern,53.658211,13.105649,6496,259.54263
DE,17091,"Groß Teetzleben",Mecklenburg-Vorpommern,53.658211,13.105649,6496,259.54263
DE,17091,Knorrendorf,Mecklenburg-Vorpommern,53.658211,13.105649,6496,259.54263
DE,17091,Kriesow,Mecklenburg-Vorpommern,53.658211,13.105649,6496,259.54263
DE,17091,Mölln,Mecklenburg-Vorpommern,53.658211,13.105649,6496,259.54263
DE,17091,Pripsleben,Mecklenburg-Vorpommern,53.658211,13.105649,6496,259.54263
DE,17091,Rosenow,Mecklenburg-Vorpommern,53.658211,13.105649,6496,259.54263
DE,17091,Röckwitz,Mecklenburg-Vorpommern,53.658211,13.105649,6496,259.54263
DE,17091,Tützpatz,Mecklenburg-Vorpommern,53.658211,13.105649,6496,259.54263
DE,17091,Wildberg,Mecklenburg-Vorpommern,53.658211,13.105649,6496,259.54263
DE,17091,Wolde,Mecklenburg-Vorpommern,53.658211,13.105649,6496,259.54263
DE,17094,"Burg Stargard",Mecklenburg-Vorpommern,53.486253,13.325074,8650,149.303108
DE,17094,Cölpin,Mecklenburg-Vorpommern,53.486253,13.325074,8650,149.303108
DE,17094,"Groß Nemerow",Mecklenburg-Vorpommern,53.486253,13.325074,8650,149.303108
DE,17094,Holldorf,Mecklenburg-Vorpommern,53.486253,13.325074,8650,149.303108
DE,17094,Pragsdorf,Mecklenburg-Vorpommern,53.486253,13.325074,8650,149.303108
DE,17098,Friedland,Mecklenburg-Vorpommern,53.651338,13.52693,7236,141.944573
DE,17099,Datzetal,Mecklenburg-Vorpommern,53.646186,13.610877,2148,133.874975
DE,17099,Galenbeck,Mecklenburg-Vorpommern,53.646186,13.610877,2148,133.874975
DE,17109,Demmin,Mecklenburg-Vorpommern,53.919828,13.028118,11750,82.173133
DE,17111,Beggerow,Mecklenburg-Vorpommern,53.852892,13.034992,7742,360.766279
DE,17111,Borrentin,Mecklenburg-Vorpommern,53.852892,13.034992,7742,360.766279
DE,17111,Hohenmocker,Mecklenburg-Vorpommern,53.852892,13.034992,7742,360.766279
DE,17111,Kentzlin,Mecklenburg-Vorpommern,53.852892,13.034992,7742,360.766279
DE,17111,Kletzin,Mecklenburg-Vorpommern,53.852892,13.034992,7742,360.766279
DE,17111,Lindenberg,Mecklenburg-Vorpommern,53.852892,13.034992,7742,360.766279
DE,17111,Meesiger,Mecklenburg-Vorpommern,53.852892,13.034992,7742,360.766279
DE,17111,Nossendorf,Mecklenburg-Vorpommern,53.852892,13.034992,7742,360.766279
DE,17111,Sarow,Mecklenburg-Vorpommern,53.852892,13.034992,7742,360.766279
DE,17111,Schönfeld,Mecklenburg-Vorpommern,53.852892,13.034992,7742,360.766279
DE,17111,Siedenbrünzow,Mecklenburg-Vorpommern,53.852892,13.034992,7742,360.766279
DE,17111,Sommersdorf,Mecklenburg-Vorpommern,53.852892,13.034992,7742,360.766279
DE,17111,Utzedel,Mecklenburg-Vorpommern,53.852892,13.034992,7742,360.766279
DE,17111,Verchen,Mecklenburg-Vorpommern,53.852892,13.034992,7742,360.766279
DE,17111,Warrenzin,Mecklenburg-Vorpommern,53.852892,13.034992,7742,360.766279
DE,17121,Görmin,Mecklenburg-Vorpommern,53.991532,13.165177,6464,170.426451
DE,17121,Loitz,Mecklenburg-Vorpommern,53.991532,13.165177,6464,170.426451
DE,17121,Sassen-Trantow,Mecklenburg-Vorpommern,53.991532,13.165177,6464,170.426451
DE,17126,Jarmen,Mecklenburg-Vorpommern,53.899307,13.327639,3133,32.226497
DE,17129,"Alt Tellin",Mecklenburg-Vorpommern,53.886783,13.267979,4114,140.645118
DE,17129,Bentzin,Mecklenburg-Vorpommern,53.886783,13.267979,4114,140.645118
DE,17129,Daberkow,Mecklenburg-Vorpommern,53.886783,13.267979,4114,140.645118
DE,17129,Kruckow,Mecklenburg-Vorpommern,53.886783,13.267979,4114,140.645118
DE,17129,Tutow,Mecklenburg-Vorpommern,53.886783,13.267979,4114,140.645118
DE,17129,Völschow,Mecklenburg-Vorpommern,53.886783,13.267979,4114,140.645118
DE,17139,Basedow,Mecklenburg-Vorpommern,53.722293,12.76382,11352,261.531043
DE,17139,Faulenrost,Mecklenburg-Vorpommern,53.722293,12.76382,11352,261.531043
DE,17139,Gielow,Mecklenburg-Vorpommern,53.722293,12.76382,11352,261.531043
DE,17139,Kummerow,Mecklenburg-Vorpommern,53.722293,12.76382,11352,261.531043
DE,17139,Malchin,Mecklenburg-Vorpommern,53.722293,12.76382,11352,261.531043
DE,17153,Briggow,Mecklenburg-Vorpommern,53.675477,12.924783,10034,216.809695
DE,17153,Gülzow,Mecklenburg-Vorpommern,53.675477,12.924783,10034,216.809695
DE,17153,Ivenack,Mecklenburg-Vorpommern,53.675477,12.924783,10034,216.809695
DE,17153,Jürgenstorf,Mecklenburg-Vorpommern,53.675477,12.924783,10034,216.809695
DE,17153,Kittendorf,Mecklenburg-Vorpommern,53.675477,12.924783,10034,216.809695
DE,17153,Ritzerow,Mecklenburg-Vorpommern,53.675477,12.924783,10034,216.809695
DE,17153,Stavenhagen,Mecklenburg-Vorpommern,53.675477,12.924783,10034,216.809695
DE,17153,Zettemin,Mecklenburg-Vorpommern,53.675477,12.924783,10034,216.809695
DE,17154,Neukalen,Mecklenburg-Vorpommern,53.822229,12.779993,1918,48.194397
DE,17159,Dargun,Mecklenburg-Vorpommern,53.913393,12.847451,4557,118.18217
DE,17166,"Alt Sührkow",Mecklenburg-Vorpommern,53.747719,12.563404,12718,226.052985
DE,17166,Dahmen,Mecklenburg-Vorpommern,53.747719,12.563404,12718,226.052985
DE,17166,Dalkendorf,Mecklenburg-Vorpommern,53.747719,12.563404,12718,226.052985
DE,17166,"Groß Roge",Mecklenburg-Vorpommern,53.747719,12.563404,12718,226.052985
DE,17166,"Groß Wokern",Mecklenburg-Vorpommern,53.747719,12.563404,12718,226.052985
DE,17166,"Hohen Demzin",Mecklenburg-Vorpommern,53.747719,12.563404,12718,226.052985
DE,17166,Schorssow,Mecklenburg-Vorpommern,53.747719,12.563404,12718,226.052985
DE,17166,Teterow,Mecklenburg-Vorpommern,53.747719,12.563404,12718,226.052985
DE,17168,"Groß Wüstenfelde",Mecklenburg-Vorpommern,53.867134,12.57976,4915,206.124046
DE,17168,Jördenstorf,Mecklenburg-Vorpommern,53.867134,12.57976,4915,206.124046
DE,17168,Lelkendorf,Mecklenburg-Vorpommern,53.867134,12.57976,4915,206.124046
DE,17168,Prebberede,Mecklenburg-Vorpommern,53.867134,12.57976,4915,206.124046
DE,17168,Schwasdorf,Mecklenburg-Vorpommern,53.867134,12.57976,4915,206.124046
DE,17168,Sukow-Levitzow,Mecklenburg-Vorpommern,53.867134,12.57976,4915,206.124046
DE,17168,Thürkow,Mecklenburg-Vorpommern,53.867134,12.57976,4915,206.124046
DE,17168,Warnkenhagen,Mecklenburg-Vorpommern,53.867134,12.57976,4915,206.124046
DE,17179,Altkalen,Mecklenburg-Vorpommern,53.958356,12.677096,6289,245.068914
DE,17179,Behren-Lübchin,Mecklenburg-Vorpommern,53.958356,12.677096,6289,245.068914
DE,17179,Finkenthal,Mecklenburg-Vorpommern,53.958356,12.677096,6289,245.068914
DE,17179,Gnoien,Mecklenburg-Vorpommern,53.958356,12.677096,6289,245.068914
DE,17179,Walkendorf,Mecklenburg-Vorpommern,53.958356,12.677096,6289,245.068914
DE,17192,"Groß Plasten",Mecklenburg-Vorpommern,53.506913,12.744345,26208,394.067467
DE,17192,Kargow,Mecklenburg-Vorpommern,53.506913,12.744345,26208,394.067467
DE,17192,Klink,Mecklenburg-Vorpommern,53.506913,12.744345,26208,394.067467
DE,17192,Peenehagen,Mecklenburg-Vorpommern,53.506913,12.744345,26208,394.067467
DE,17192,Schloen-Dratow,Mecklenburg-Vorpommern,53.506913,12.744345,26208,394.067467
DE,17192,"Torgelow am See",Mecklenburg-Vorpommern,53.506913,12.744345,26208,394.067467
DE,17192,"Waren (Müritz)",Mecklenburg-Vorpommern,53.506913,12.744345,26208,394.067467
DE,17194,Grabowhöfe,Mecklenburg-Vorpommern,53.595594,12.543883,4430,269.102998
DE,17194,"Hohen Wangelin",Mecklenburg-Vorpommern,53.595594,12.543883,4430,269.102998
DE,17194,Jabel,Mecklenburg-Vorpommern,53.595594,12.543883,4430,269.102998
DE,17194,Klocksin,Mecklenburg-Vorpommern,53.595594,12.543883,4430,269.102998
DE,17194,Moltzow,Mecklenburg-Vorpommern,53.595594,12.543883,4430,269.102998
DE,17194,Vollrathsruhe,Mecklenburg-Vorpommern,53.595594,12.543883,4430,269.102998
DE,17207,Bollewick,Mecklenburg-Vorpommern,53.374192,12.623347,6814,121.715667
DE,17207,Gotthun,Mecklenburg-Vorpommern,53.374192,12.623347,6814,121.715667
DE,17207,"Groß Kelle",Mecklenburg-Vorpommern,53.374192,12.623347,6814,121.715667
DE,17207,Röbel/Müritz,Mecklenburg-Vorpommern,53.374192,12.623347,6814,121.715667
DE,17207,Südmüritz,Mecklenburg-Vorpommern,53.374192,12.623347,6814,121.715667
DE,17209,Altenhof,Mecklenburg-Vorpommern,53.341543,12.495966,5964,338.313394
DE,17209,Buchholz,Mecklenburg-Vorpommern,53.341543,12.495966,5964,338.313394
DE,17209,Bütow,Mecklenburg-Vorpommern,53.341543,12.495966,5964,338.313394
DE,17209,Eldetal,Mecklenburg-Vorpommern,53.341543,12.495966,5964,338.313394
DE,17209,Fincken,Mecklenburg-Vorpommern,53.341543,12.495966,5964,338.313394
DE,17209,Kieve,Mecklenburg-Vorpommern,53.341543,12.495966,5964,338.313394
DE,17209,Leizen,Mecklenburg-Vorpommern,53.341543,12.495966,5964,338.313394
DE,17209,Melz,Mecklenburg-Vorpommern,53.341543,12.495966,5964,338.313394
DE,17209,Priborn,Mecklenburg-Vorpommern,53.341543,12.495966,5964,338.313394
DE,17209,Sietow,Mecklenburg-Vorpommern,53.341543,12.495966,5964,338.313394
DE,17209,Stuer,Mecklenburg-Vorpommern,53.341543,12.495966,5964,338.313394
DE,17209,Südmüritz,Mecklenburg-Vorpommern,53.341543,12.495966,5964,338.313394
DE,17209,Walow,Mecklenburg-Vorpommern,53.341543,12.495966,5964,338.313394
DE,17209,Zislow,Mecklenburg-Vorpommern,53.341543,12.495966,5964,338.313394
DE,17213,Fünfseen,Mecklenburg-Vorpommern,53.454091,12.438876,8783,138.415843
DE,17213,Göhren-Lebbin,Mecklenburg-Vorpommern,53.454091,12.438876,8783,138.415843
DE,17213,Malchow,Mecklenburg-Vorpommern,53.454091,12.438876,8783,138.415843
DE,17214,"Alt Schwerin",Mecklenburg-Vorpommern,53.533411,12.375094,1593,95.276904
DE,17214,"Nossentiner Hütte",Mecklenburg-Vorpommern,53.533411,12.375094,1593,95.276904
DE,17214,Silz,Mecklenburg-Vorpommern,53.533411,12.375094,1593,95.276904
DE,17217,Kuckssee,Mecklenburg-Vorpommern,53.51642,13.059893,4897,136.535022
DE,17217,Penzlin,Mecklenburg-Vorpommern,53.51642,13.059893,4897,136.535022
DE,17219,Ankershagen,Mecklenburg-Vorpommern,53.519774,12.925749,2299,76.899797
DE,17219,Möllenhagen,Mecklenburg-Vorpommern,53.519774,12.925749,2299,76.899797
DE,17235,Neustrelitz,Mecklenburg-Vorpommern,53.340855,13.069912,20435,142.981354
DE,17237,Blankensee,Mecklenburg-Vorpommern,53.376165,13.137252,7729,447.126089
DE,17237,Blumenholz,Mecklenburg-Vorpommern,53.376165,13.137252,7729,447.126089
DE,17237,Carpin,Mecklenburg-Vorpommern,53.376165,13.137252,7729,447.126089
DE,17237,Godendorf,Mecklenburg-Vorpommern,53.376165,13.137252,7729,447.126089
DE,17237,Grünow,Mecklenburg-Vorpommern,53.376165,13.137252,7729,447.126089
DE,17237,Hohenzieritz,Mecklenburg-Vorpommern,53.376165,13.137252,7729,447.126089
DE,17237,"Klein Vielen",Mecklenburg-Vorpommern,53.376165,13.137252,7729,447.126089
DE,17237,Kratzeburg,Mecklenburg-Vorpommern,53.376165,13.137252,7729,447.126089
DE,17237,Möllenbeck,Mecklenburg-Vorpommern,53.376165,13.137252,7729,447.126089
DE,17237,Userin,Mecklenburg-Vorpommern,53.376165,13.137252,7729,447.126089
DE,17237,Wokuhl-Dabelow,Mecklenburg-Vorpommern,53.376165,13.137252,7729,447.126089
DE,17248,Lärz,Mecklenburg-Vorpommern,53.32942,12.761724,2711,122.758675
DE,17248,Rechlin,Mecklenburg-Vorpommern,53.32942,12.761724,2711,122.758675
DE,17252,Mirow,Mecklenburg-Vorpommern,53.281909,12.84384,4620,186.086525
DE,17252,Schwarz,Mecklenburg-Vorpommern,53.281909,12.84384,4620,186.086525
DE,17255,Priepert,Mecklenburg-Vorpommern,53.238013,12.986188,4182,154.858622
DE,17255,Wesenberg,Mecklenburg-Vorpommern,53.238013,12.986188,4182,154.858622
DE,17255,Wustrow,Mecklenburg-Vorpommern,53.238013,12.986188,4182,154.858622
DE,17258,"Feldberger Seenlandschaft",Mecklenburg-Vorpommern,53.33206,13.405052,4591,201.324412
DE,17268,"Boitzenburger Land",Brandenburg,53.148061,13.587767,24663,891.943577
DE,17268,Flieth-Stegelitz,Brandenburg,53.148061,13.587767,24663,891.943577
DE,17268,Gerswalde,Brandenburg,53.148061,13.587767,24663,891.943577
DE,17268,Milmersdorf,Brandenburg,53.148061,13.587767,24663,891.943577
DE,17268,Mittenwalde,Brandenburg,53.148061,13.587767,24663,891.943577
DE,17268,Temmen-Ringenwalde,Brandenburg,53.148061,13.587767,24663,891.943577
DE,17268,Templin,Brandenburg,53.148061,13.587767,24663,891.943577
DE,17279,Lychen,Brandenburg,53.21555,13.325656,3294,111.809303
DE,17291,Carmzow-Wallmow,Brandenburg,53.305836,13.86967,33481,812.443492
DE,17291,Gramzow,Brandenburg,53.305836,13.86967,33481,812.443492
DE,17291,Grünow,Brandenburg,53.305836,13.86967,33481,812.443492
DE,17291,Göritz,Brandenburg,53.305836,13.86967,33481,812.443492
DE,17291,Nordwestuckermark,Brandenburg,53.305836,13.86967,33481,812.443492
DE,17291,Oberuckersee,Brandenburg,53.305836,13.86967,33481,812.443492
DE,17291,Prenzlau,Brandenburg,53.305836,13.86967,33481,812.443492
DE,17291,Randowtal,Brandenburg,53.305836,13.86967,33481,812.443492
DE,17291,Schenkenberg,Brandenburg,53.305836,13.86967,33481,812.443492
DE,17291,Schönfeld,Brandenburg,53.305836,13.86967,33481,812.443492
DE,17291,Uckerfelde,Brandenburg,53.305836,13.86967,33481,812.443492
DE,17309,Brietzig,Mecklenburg-Vorpommern,53.51965,14.009082,18256,337.116512
DE,17309,Fahrenwalde,Mecklenburg-Vorpommern,53.51965,14.009082,18256,337.116512
DE,17309,Jatznick,Mecklenburg-Vorpommern,53.51965,14.009082,18256,337.116512
DE,17309,Koblentz,Mecklenburg-Vorpommern,53.51965,14.009082,18256,337.116512
DE,17309,Krugsdorf,Mecklenburg-Vorpommern,53.51965,14.009082,18256,337.116512
DE,17309,Nieden,Mecklenburg-Vorpommern,53.51965,14.009082,18256,337.116512
DE,17309,Papendorf,Mecklenburg-Vorpommern,53.51965,14.009082,18256,337.116512
DE,17309,Pasewalk,Mecklenburg-Vorpommern,53.51965,14.009082,18256,337.116512
DE,17309,Polzow,Mecklenburg-Vorpommern,53.51965,14.009082,18256,337.116512
DE,17309,Rollwitz,Mecklenburg-Vorpommern,53.51965,14.009082,18256,337.116512
DE,17309,Schönwalde,Mecklenburg-Vorpommern,53.51965,14.009082,18256,337.116512
DE,17309,Viereck,Mecklenburg-Vorpommern,53.51965,14.009082,18256,337.116512
DE,17309,Zerrenthin,Mecklenburg-Vorpommern,53.51965,14.009082,18256,337.116512
DE,17321,Bergholz,Mecklenburg-Vorpommern,53.481177,14.241302,5090,165.495618
DE,17321,Löcknitz,Mecklenburg-Vorpommern,53.481177,14.241302,5090,165.495618
DE,17321,Plöwen,Mecklenburg-Vorpommern,53.481177,14.241302,5090,165.495618
DE,17321,Ramin,Mecklenburg-Vorpommern,53.481177,14.241302,5090,165.495618
DE,17321,Rothenklempenow,Mecklenburg-Vorpommern,53.481177,14.241302,5090,165.495618
DE,17322,Blankensee,Mecklenburg-Vorpommern,53.457115,14.272133,2722,121.170172
DE,17322,Boock,Mecklenburg-Vorpommern,53.457115,14.272133,2722,121.170172
DE,17322,Glasow,Mecklenburg-Vorpommern,53.457115,14.272133,2722,121.170172
DE,17322,Grambow,Mecklenburg-Vorpommern,53.457115,14.272133,2722,121.170172
DE,17322,Rossow,Mecklenburg-Vorpommern,53.457115,14.272133,2722,121.170172
DE,17326,Brüssow,Brandenburg,53.386319,14.158255,2025,102.080213
DE,17328,Krackow,Mecklenburg-Vorpommern,53.294159,14.211585,2056,82.389116
DE,17328,Penkun,Mecklenburg-Vorpommern,53.294159,14.211585,2056,82.389116
DE,17329,Krackow,Mecklenburg-Vorpommern,53.344248,14.31224,944,61.784889
DE,17329,Nadrensee,Mecklenburg-Vorpommern,53.344248,14.31224,944,61.784889
DE,17335,"Strasburg (Uckermark)",Mecklenburg-Vorpommern,53.538177,13.749684,5355,87.398866
DE,17337,Schönhausen,Mecklenburg-Vorpommern,53.465466,13.777704,3443,195.96791
DE,17337,Uckerland,Brandenburg,53.465466,13.777704,3443,195.96791
DE,17348,Woldegk,Mecklenburg-Vorpommern,53.457206,13.560523,4834,164.608268
DE,17349,"Groß Miltzow",Mecklenburg-Vorpommern,53.528867,13.530459,3328,164.343885
DE,17349,Kublank,Mecklenburg-Vorpommern,53.528867,13.530459,3328,164.343885
DE,17349,Lindetal,Mecklenburg-Vorpommern,53.528867,13.530459,3328,164.343885
DE,17349,Neetzka,Mecklenburg-Vorpommern,53.528867,13.530459,3328,164.343885
DE,17349,Schönbeck,Mecklenburg-Vorpommern,53.528867,13.530459,3328,164.343885
DE,17358,"Hammer a.d. Uecker",Mecklenburg-Vorpommern,53.620802,14.003536,10160,97.039379
DE,17358,Torgelow,Mecklenburg-Vorpommern,53.620802,14.003536,10160,97.039379
DE,17367,Eggesin,Mecklenburg-Vorpommern,53.64798,14.129475,5045,88.258291
DE,17373,Ueckermünde,Mecklenburg-Vorpommern,53.73104,14.049105,9102,35.823209
DE,17375,Ahlbeck,Mecklenburg-Vorpommern,53.695338,14.114973,5740,226.82643
DE,17375,Altwarp,Mecklenburg-Vorpommern,53.695338,14.114973,5740,226.82643
DE,17375,Grambin,Mecklenburg-Vorpommern,53.695338,14.114973,5740,226.82643
DE,17375,Hintersee,Mecklenburg-Vorpommern,53.695338,14.114973,5740,226.82643
DE,17375,Leopoldshagen,Mecklenburg-Vorpommern,53.695338,14.114973,5740,226.82643
DE,17375,Liepgarten,Mecklenburg-Vorpommern,53.695338,14.114973,5740,226.82643
DE,17375,Luckow,Mecklenburg-Vorpommern,53.695338,14.114973,5740,226.82643
DE,17375,Meiersberg,Mecklenburg-Vorpommern,53.695338,14.114973,5740,226.82643
DE,17375,Mönkebude,Mecklenburg-Vorpommern,53.695338,14.114973,5740,226.82643
DE,17375,Vogelsang-Warsin,Mecklenburg-Vorpommern,53.695338,14.114973,5740,226.82643
DE,17379,Altwigshagen,Mecklenburg-Vorpommern,53.661058,13.842568,5262,196.56375
DE,17379,Ferdinandshof,Mecklenburg-Vorpommern,53.661058,13.842568,5262,196.56375
DE,17379,Heinrichswalde,Mecklenburg-Vorpommern,53.661058,13.842568,5262,196.56375
DE,17379,Lübs,Mecklenburg-Vorpommern,53.661058,13.842568,5262,196.56375
DE,17379,Rothemühl,Mecklenburg-Vorpommern,53.661058,13.842568,5262,196.56375
DE,17379,Wilhelmsburg,Mecklenburg-Vorpommern,53.661058,13.842568,5262,196.56375
DE,17389,Anklam,Mecklenburg-Vorpommern,53.836212,13.69755,13107,56.326758
DE,17390,"Groß Polzin",Mecklenburg-Vorpommern,53.911601,13.668093,3533,181.84735
DE,17390,"Klein Bünzow",Mecklenburg-Vorpommern,53.911601,13.668093,3533,181.84735
DE,17390,Murchin,Mecklenburg-Vorpommern,53.911601,13.668093,3533,181.84735
DE,17390,Rubkow,Mecklenburg-Vorpommern,53.911601,13.668093,3533,181.84735
DE,17390,Schmatzin,Mecklenburg-Vorpommern,53.911601,13.668093,3533,181.84735
DE,17390,Ziethen,Mecklenburg-Vorpommern,53.911601,13.668093,3533,181.84735
DE,17391,Krien,Mecklenburg-Vorpommern,53.84054,13.472301,3497,168.810552
DE,17391,Krusenfelde,Mecklenburg-Vorpommern,53.84054,13.472301,3497,168.810552
DE,17391,Medow,Mecklenburg-Vorpommern,53.84054,13.472301,3497,168.810552
DE,17391,Neetzow-Liepen,Mecklenburg-Vorpommern,53.84054,13.472301,3497,168.810552
DE,17391,Postlow,Mecklenburg-Vorpommern,53.84054,13.472301,3497,168.810552
DE,17391,Spantekow,Mecklenburg-Vorpommern,53.84054,13.472301,3497,168.810552
DE,17391,"Stolpe an der Peene",Mecklenburg-Vorpommern,53.84054,13.472301,3497,168.810552
DE,17392,Blesewitz,Mecklenburg-Vorpommern,53.762474,13.572209,3290,170.346787
DE,17392,Boldekow,Mecklenburg-Vorpommern,53.762474,13.572209,3290,170.346787
DE,17392,Butzow,Mecklenburg-Vorpommern,53.762474,13.572209,3290,170.346787
DE,17392,Neuenkirchen,Mecklenburg-Vorpommern,53.762474,13.572209,3290,170.346787
DE,17392,Sarnow,Mecklenburg-Vorpommern,53.762474,13.572209,3290,170.346787
DE,17392,Spantekow,Mecklenburg-Vorpommern,53.762474,13.572209,3290,170.346787
DE,17398,Bargischow,Mecklenburg-Vorpommern,53.776659,13.779891,4156,177.088774
DE,17398,Bugewitz,Mecklenburg-Vorpommern,53.776659,13.779891,4156,177.088774
DE,17398,Ducherow,Mecklenburg-Vorpommern,53.776659,13.779891,4156,177.088774
DE,17398,"Neu Kosenow",Mecklenburg-Vorpommern,53.776659,13.779891,4156,177.088774
DE,17398,Rossin,Mecklenburg-Vorpommern,53.776659,13.779891,4156,177.088774
DE,17406,Rankwitz,Mecklenburg-Vorpommern,53.899699,13.937958,2916,86.575097
DE,17406,"Stolpe auf Usedom",Mecklenburg-Vorpommern,53.899699,13.937958,2916,86.575097
DE,17406,Usedom,Mecklenburg-Vorpommern,53.899699,13.937958,2916,86.575097
DE,17419,Dargen,Mecklenburg-Vorpommern,53.898249,14.137918,5376,65.272766
DE,17419,Garz,Mecklenburg-Vorpommern,53.898249,14.137918,5376,65.272766
DE,17419,Heringsdorf,Mecklenburg-Vorpommern,53.898249,14.137918,5376,65.272766
DE,17419,Kamminke,Mecklenburg-Vorpommern,53.898249,14.137918,5376,65.272766
DE,17419,Korswandt,Mecklenburg-Vorpommern,53.898249,14.137918,5376,65.272766
DE,17419,Zirchow,Mecklenburg-Vorpommern,53.898249,14.137918,5376,65.272766
DE,17424,Heringsdorf,Mecklenburg-Vorpommern,53.941854,14.141324,3355,15.327615
DE,17429,Benz,Mecklenburg-Vorpommern,53.941888,14.052923,4540,79.429052
DE,17429,Heringsdorf,Mecklenburg-Vorpommern,53.941888,14.052923,4540,79.429052
DE,17429,Mellenthin,Mecklenburg-Vorpommern,53.941888,14.052923,4540,79.429052
DE,17429,Pudagla,Mecklenburg-Vorpommern,53.941888,14.052923,4540,79.429052
DE,17438,Wolgast,Mecklenburg-Vorpommern,54.030872,13.722722,12632,61.708383
DE,17440,Buggenhagen,Mecklenburg-Vorpommern,53.99768,13.811549,5407,142.485619
DE,17440,Krummin,Mecklenburg-Vorpommern,53.99768,13.811549,5407,142.485619
DE,17440,Kröslin,Mecklenburg-Vorpommern,53.99768,13.811549,5407,142.485619
DE,17440,Lassan,Mecklenburg-Vorpommern,53.99768,13.811549,5407,142.485619
DE,17440,Lütow,Mecklenburg-Vorpommern,53.99768,13.811549,5407,142.485619
DE,17440,Sauzin,Mecklenburg-Vorpommern,53.99768,13.811549,5407,142.485619
DE,17440,Zemitz,Mecklenburg-Vorpommern,53.99768,13.811549,5407,142.485619
DE,17449,Karlshagen,Mecklenburg-Vorpommern,54.115716,13.818058,5122,54.324695
DE,17449,Mölschow,Mecklenburg-Vorpommern,54.115716,13.818058,5122,54.324695
DE,17449,Peenemünde,Mecklenburg-Vorpommern,54.115716,13.818058,5122,54.324695
DE,17449,Trassenheide,Mecklenburg-Vorpommern,54.115716,13.818058,5122,54.324695
DE,17454,Zinnowitz,Mecklenburg-Vorpommern,54.071542,13.902604,3936,9.085953
DE,17459,Koserow,Mecklenburg-Vorpommern,54.026948,14.027497,4736,29.635649
DE,17459,Loddin,Mecklenburg-Vorpommern,54.026948,14.027497,4736,29.635649
DE,17459,Zempin,Mecklenburg-Vorpommern,54.026948,14.027497,4736,29.635649
DE,17459,Ückeritz,Mecklenburg-Vorpommern,54.026948,14.027497,4736,29.635649
DE,17489,Greifswald,Mecklenburg-Vorpommern,54.084418,13.374477,24604,19.53258
DE,17491,Greifswald,Mecklenburg-Vorpommern,54.073372,13.42611,20768,7.648377
DE,17493,Greifswald,Mecklenburg-Vorpommern,54.097285,13.443032,10128,23.614167
DE,17495,"Groß Kiesow",Mecklenburg-Vorpommern,53.989882,13.547382,5027,127.421474
DE,17495,Karlsburg,Mecklenburg-Vorpommern,53.989882,13.547382,5027,127.421474
DE,17495,Wrangelsburg,Mecklenburg-Vorpommern,53.989882,13.547382,5027,127.421474
DE,17495,Züssow,Mecklenburg-Vorpommern,53.989882,13.547382,5027,127.421474
DE,17498,Behrenhoff,Mecklenburg-Vorpommern,54.074545,13.351334,10225,207.760323
DE,17498,Dargelin,Mecklenburg-Vorpommern,54.074545,13.351334,10225,207.760323
DE,17498,Dersekow,Mecklenburg-Vorpommern,54.074545,13.351334,10225,207.760323
DE,17498,Hinrichshagen,Mecklenburg-Vorpommern,54.074545,13.351334,10225,207.760323
DE,17498,Levenhagen,Mecklenburg-Vorpommern,54.074545,13.351334,10225,207.760323
DE,17498,Mesekenhagen,Mecklenburg-Vorpommern,54.074545,13.351334,10225,207.760323
DE,17498,Neuenkirchen,Mecklenburg-Vorpommern,54.074545,13.351334,10225,207.760323
DE,17498,Wackerow,Mecklenburg-Vorpommern,54.074545,13.351334,10225,207.760323
DE,17498,Weitenhagen,Mecklenburg-Vorpommern,54.074545,13.351334,10225,207.760323
DE,17506,Bandelin,Mecklenburg-Vorpommern,53.943434,13.422372,3882,83.273646
DE,17506,Gribow,Mecklenburg-Vorpommern,53.943434,13.422372,3882,83.273646
DE,17506,Gützkow,Mecklenburg-Vorpommern,53.943434,13.422372,3882,83.273646
DE,17509,Brünzow,Mecklenburg-Vorpommern,54.088546,13.621084,8794,180.056006
DE,17509,Hanshagen,Mecklenburg-Vorpommern,54.088546,13.621084,8794,180.056006
DE,17509,Katzow,Mecklenburg-Vorpommern,54.088546,13.621084,8794,180.056006
DE,17509,Kemnitz,Mecklenburg-Vorpommern,54.088546,13.621084,8794,180.056006
DE,17509,Loissin,Mecklenburg-Vorpommern,54.088546,13.621084,8794,180.056006
DE,17509,Lubmin,Mecklenburg-Vorpommern,54.088546,13.621084,8794,180.056006
DE,17509,"Neu Boltenhagen",Mecklenburg-Vorpommern,54.088546,13.621084,8794,180.056006
DE,17509,Rubenow,Mecklenburg-Vorpommern,54.088546,13.621084,8794,180.056006
DE,17509,Wusterhusen,Mecklenburg-Vorpommern,54.088546,13.621084,8794,180.056006
DE,18055,Rostock,Mecklenburg-Vorpommern,54.083517,12.165926,24933,12.014377
DE,18057,Rostock,Mecklenburg-Vorpommern,54.088902,12.104766,25461,4.826376
DE,18059,Papendorf,Mecklenburg-Vorpommern,54.028412,12.085787,26760,76.386925
DE,18059,Pölchow,Mecklenburg-Vorpommern,54.028412,12.085787,26760,76.386925
DE,18059,Rostock,Mecklenburg-Vorpommern,54.028412,12.085787,26760,76.386925
DE,18059,Ziesendorf,Mecklenburg-Vorpommern,54.028412,12.085787,26760,76.386925
DE,18069,Lambrechtshagen,Mecklenburg-Vorpommern,54.102226,12.044917,22903,27.066534
DE,18069,Rostock,Mecklenburg-Vorpommern,54.102226,12.044917,22903,27.066534
DE,18106,Rostock,Mecklenburg-Vorpommern,54.128246,12.060432,22925,6.85101
DE,18107,Elmenhorst/Lichtenhagen,Mecklenburg-Vorpommern,54.148411,12.016788,20869,15.513407
DE,18107,Rostock,Mecklenburg-Vorpommern,54.148411,12.016788,20869,15.513407
DE,18109,Rostock,Mecklenburg-Vorpommern,54.153172,12.059252,26253,8.877257
DE,18119,Rostock,Mecklenburg-Vorpommern,54.172206,12.079127,8893,15.720997
DE,18146,Rostock,Mecklenburg-Vorpommern,54.17176,12.175252,15419,45.987149
DE,18147,Rostock,Mecklenburg-Vorpommern,54.130194,12.125778,17159,28.218542
DE,18181,Graal-Müritz,Mecklenburg-Vorpommern,54.242163,12.234445,4254,19.224653
DE,18181,Rostock,Mecklenburg-Vorpommern,54.242163,12.234445,4254,19.224653
DE,18182,Bentwisch,Mecklenburg-Vorpommern,54.17199,12.278895,9592,136.757498
DE,18182,Blankenhagen,Mecklenburg-Vorpommern,54.17199,12.278895,9592,136.757498
DE,18182,Gelbensande,Mecklenburg-Vorpommern,54.17199,12.278895,9592,136.757498
DE,18182,Mönchhagen,Mecklenburg-Vorpommern,54.17199,12.278895,9592,136.757498
DE,18182,Rostock,Mecklenburg-Vorpommern,54.17199,12.278895,9592,136.757498
DE,18182,Rövershagen,Mecklenburg-Vorpommern,54.17199,12.278895,9592,136.757498
DE,18184,Broderstorf,Mecklenburg-Vorpommern,54.098709,12.27795,7538,68.612499
DE,18184,Poppendorf,Mecklenburg-Vorpommern,54.098709,12.27795,7538,68.612499
DE,18184,Roggentin,Mecklenburg-Vorpommern,54.098709,12.27795,7538,68.612499
DE,18184,Thulendorf,Mecklenburg-Vorpommern,54.098709,12.27795,7538,68.612499
DE,18190,Sanitz,Mecklenburg-Vorpommern,54.068505,12.383156,5725,82.426326
DE,18195,Cammin,Mecklenburg-Vorpommern,54.027513,12.498546,6773,173.973581
DE,18195,Gnewitz,Mecklenburg-Vorpommern,54.027513,12.498546,6773,173.973581
DE,18195,Grammow,Mecklenburg-Vorpommern,54.027513,12.498546,6773,173.973581
DE,18195,Selpin,Mecklenburg-Vorpommern,54.027513,12.498546,6773,173.973581
DE,18195,Stubbendorf,Mecklenburg-Vorpommern,54.027513,12.498546,6773,173.973581
DE,18195,Tessin,Mecklenburg-Vorpommern,54.027513,12.498546,6773,173.973581
DE,18195,Thelkow,Mecklenburg-Vorpommern,54.027513,12.498546,6773,173.973581
DE,18195,Zarnewanz,Mecklenburg-Vorpommern,54.027513,12.498546,6773,173.973581
DE,18196,Dummerstorf,Mecklenburg-Vorpommern,54.011957,12.23006,7086,120.340104
DE,18198,Kritzmow,Mecklenburg-Vorpommern,54.05675,12.031513,4671,30.032943
DE,18198,Stäbelow,Mecklenburg-Vorpommern,54.05675,12.031513,4671,30.032943
DE,18209,"Bad Doberan",Mecklenburg-Vorpommern,54.105724,11.882077,15637,81.908729
DE,18209,Bartenshagen-Parkentin,Mecklenburg-Vorpommern,54.105724,11.882077,15637,81.908729
DE,18209,Hohenfelde,Mecklenburg-Vorpommern,54.105724,11.882077,15637,81.908729
DE,18209,Reddelich,Mecklenburg-Vorpommern,54.105724,11.882077,15637,81.908729
DE,18209,Steffenshagen,Mecklenburg-Vorpommern,54.105724,11.882077,15637,81.908729
DE,18209,Wittenbeck,Mecklenburg-Vorpommern,54.105724,11.882077,15637,81.908729
DE,18211,Admannshagen-Bargeshagen,Mecklenburg-Vorpommern,54.107696,11.927948,7428,59.681644
DE,18211,Börgerende-Rethwisch,Mecklenburg-Vorpommern,54.107696,11.927948,7428,59.681644
DE,18211,Hohenfelde,Mecklenburg-Vorpommern,54.107696,11.927948,7428,59.681644
DE,18211,Nienhagen,Mecklenburg-Vorpommern,54.107696,11.927948,7428,59.681644
DE,18211,Retschow,Mecklenburg-Vorpommern,54.107696,11.927948,7428,59.681644
DE,18225,Kühlungsborn,Mecklenburg-Vorpommern,54.139489,11.745444,7357,16.184994
DE,18230,Bastorf,Mecklenburg-Vorpommern,54.082708,11.677345,4450,98.626143
DE,18230,Biendorf,Mecklenburg-Vorpommern,54.082708,11.677345,4450,98.626143
DE,18230,Rerik,Mecklenburg-Vorpommern,54.082708,11.677345,4450,98.626143
DE,18233,"Alt Bukow",Mecklenburg-Vorpommern,54.006215,11.676477,6327,108.542745
DE,18233,"Am Salzhaff",Mecklenburg-Vorpommern,54.006215,11.676477,6327,108.542745
DE,18233,Carinerland,Mecklenburg-Vorpommern,54.006215,11.676477,6327,108.542745
DE,18233,Neubukow,Mecklenburg-Vorpommern,54.006215,11.676477,6327,108.542745
DE,18236,Kröpelin,Mecklenburg-Vorpommern,54.063029,11.79533,4847,67.558899
DE,18239,Satow,Mecklenburg-Vorpommern,53.999312,11.906522,5568,119.923412
DE,18246,Baumgarten,Mecklenburg-Vorpommern,53.872387,11.916496,13228,249.982366
DE,18246,Bernitt,Mecklenburg-Vorpommern,53.872387,11.916496,13228,249.982366
DE,18246,Bützow,Mecklenburg-Vorpommern,53.872387,11.916496,13228,249.982366
DE,18246,Jürgenshagen,Mecklenburg-Vorpommern,53.872387,11.916496,13228,249.982366
DE,18246,"Klein Belitz",Mecklenburg-Vorpommern,53.872387,11.916496,13228,249.982366
DE,18246,Rühn,Mecklenburg-Vorpommern,53.872387,11.916496,13228,249.982366
DE,18246,Steinhagen,Mecklenburg-Vorpommern,53.872387,11.916496,13228,249.982366
DE,18246,Zepelin,Mecklenburg-Vorpommern,53.872387,11.916496,13228,249.982366
DE,18249,Bernitt,Mecklenburg-Vorpommern,53.808832,11.917792,3327,133.384546
DE,18249,Dreetz,Mecklenburg-Vorpommern,53.808832,11.917792,3327,133.384546
DE,18249,Penzin,Mecklenburg-Vorpommern,53.808832,11.917792,3327,133.384546
DE,18249,Tarnow,Mecklenburg-Vorpommern,53.808832,11.917792,3327,133.384546
DE,18249,Warnow,Mecklenburg-Vorpommern,53.808832,11.917792,3327,133.384546
DE,18258,Benitz,Mecklenburg-Vorpommern,53.931417,12.086847,7657,122.439231
DE,18258,Bröbberow,Mecklenburg-Vorpommern,53.931417,12.086847,7657,122.439231
DE,18258,Kassow,Mecklenburg-Vorpommern,53.931417,12.086847,7657,122.439231
DE,18258,Rukieten,Mecklenburg-Vorpommern,53.931417,12.086847,7657,122.439231
DE,18258,Schwaan,Mecklenburg-Vorpommern,53.931417,12.086847,7657,122.439231
DE,18258,Vorbeck,Mecklenburg-Vorpommern,53.931417,12.086847,7657,122.439231
DE,18258,Wiendorf,Mecklenburg-Vorpommern,53.931417,12.086847,7657,122.439231
DE,18273,Güstrow,Mecklenburg-Vorpommern,53.791227,12.204601,28907,71.115245
DE,18276,Glasewitz,Mecklenburg-Vorpommern,53.771497,12.160227,9892,335.137871
DE,18276,"Groß Schwiesow",Mecklenburg-Vorpommern,53.771497,12.160227,9892,335.137871
DE,18276,Gutow,Mecklenburg-Vorpommern,53.771497,12.160227,9892,335.137871
DE,18276,Gülzow-Prüzen,Mecklenburg-Vorpommern,53.771497,12.160227,9892,335.137871
DE,18276,"Klein Upahl",Mecklenburg-Vorpommern,53.771497,12.160227,9892,335.137871
DE,18276,Kuhs,Mecklenburg-Vorpommern,53.771497,12.160227,9892,335.137871
DE,18276,Lohmen,Mecklenburg-Vorpommern,53.771497,12.160227,9892,335.137871
DE,18276,Lüssow,Mecklenburg-Vorpommern,53.771497,12.160227,9892,335.137871
DE,18276,Mistorf,Mecklenburg-Vorpommern,53.771497,12.160227,9892,335.137871
DE,18276,"Mühl Rosin",Mecklenburg-Vorpommern,53.771497,12.160227,9892,335.137871
DE,18276,Plaaz,Mecklenburg-Vorpommern,53.771497,12.160227,9892,335.137871
DE,18276,Reimershagen,Mecklenburg-Vorpommern,53.771497,12.160227,9892,335.137871
DE,18276,Sarmstorf,Mecklenburg-Vorpommern,53.771497,12.160227,9892,335.137871
DE,18276,Zehna,Mecklenburg-Vorpommern,53.771497,12.160227,9892,335.137871
DE,18279,Lalendorf,Mecklenburg-Vorpommern,53.753969,12.394512,3741,139.188331
DE,18292,Dobbin-Linstow,Mecklenburg-Vorpommern,53.657064,12.303103,5537,219.05664
DE,18292,Hoppenrade,Mecklenburg-Vorpommern,53.657064,12.303103,5537,219.05664
DE,18292,"Krakow am See",Mecklenburg-Vorpommern,53.657064,12.303103,5537,219.05664
DE,18292,Kuchelmiß,Mecklenburg-Vorpommern,53.657064,12.303103,5537,219.05664
DE,18299,"Dolgen am See",Mecklenburg-Vorpommern,53.918529,12.336976,8971,240.06516
DE,18299,"Hohen Sprenz",Mecklenburg-Vorpommern,53.918529,12.336976,8971,240.06516
DE,18299,Laage,Mecklenburg-Vorpommern,53.918529,12.336976,8971,240.06516
DE,18299,Wardow,Mecklenburg-Vorpommern,53.918529,12.336976,8971,240.06516
DE,18311,Ribnitz-Damgarten,Mecklenburg-Vorpommern,54.243166,12.429079,15160,89.026616
DE,18314,Divitz-Spoldershagen,Mecklenburg-Vorpommern,54.315598,12.701731,2262,81.074203
DE,18314,Kenz-Küstrow,Mecklenburg-Vorpommern,54.315598,12.701731,2262,81.074203
DE,18314,Löbnitz,Mecklenburg-Vorpommern,54.315598,12.701731,2262,81.074203
DE,18314,Lüdershagen,Mecklenburg-Vorpommern,54.315598,12.701731,2262,81.074203
DE,18317,Saal,Mecklenburg-Vorpommern,54.309456,12.538432,1572,49.124396
DE,18320,Ahrenshagen-Daskow,Mecklenburg-Vorpommern,54.242962,12.618585,3611,114.456588
DE,18320,Schlemmin,Mecklenburg-Vorpommern,54.242962,12.618585,3611,114.456588
DE,18320,Trinwillershagen,Mecklenburg-Vorpommern,54.242962,12.618585,3611,114.456588
DE,18334,"Bad Sülze",Mecklenburg-Vorpommern,54.127231,12.649916,5014,202.179159
DE,18334,Dettmannsdorf,Mecklenburg-Vorpommern,54.127231,12.649916,5014,202.179159
DE,18334,Eixen,Mecklenburg-Vorpommern,54.127231,12.649916,5014,202.179159
DE,18334,Lindholz,Mecklenburg-Vorpommern,54.127231,12.649916,5014,202.179159
DE,18334,Semlow,Mecklenburg-Vorpommern,54.127231,12.649916,5014,202.179159
DE,18337,Marlow,Mecklenburg-Vorpommern,54.163441,12.493877,4794,140.565414
DE,18347,Ahrenshoop,Mecklenburg-Vorpommern,54.302494,12.359916,3401,40.016107
DE,18347,Dierhagen,Mecklenburg-Vorpommern,54.302494,12.359916,3401,40.016107
DE,18347,Wustrow,Mecklenburg-Vorpommern,54.302494,12.359916,3401,40.016107
DE,18356,Barth,Mecklenburg-Vorpommern,54.362064,12.665066,10282,66.726145
DE,18356,Fuhlendorf,Mecklenburg-Vorpommern,54.362064,12.665066,10282,66.726145
DE,18356,Pruchten,Mecklenburg-Vorpommern,54.362064,12.665066,10282,66.726145
DE,18374,Zingst,Mecklenburg-Vorpommern,54.42987,12.77665,3120,50.093062
DE,18375,"Born a. Darß",Mecklenburg-Vorpommern,54.422749,12.5337,3462,82.672347
DE,18375,Prerow,Mecklenburg-Vorpommern,54.422749,12.5337,3462,82.672347
DE,18375,"Wieck a. Darß",Mecklenburg-Vorpommern,54.422749,12.5337,3462,82.672347
DE,18435,Stralsund,Mecklenburg-Vorpommern,54.328669,13.066566,25370,6.669145
DE,18437,Stralsund,Mecklenburg-Vorpommern,54.301663,13.049984,16367,15.606867
DE,18439,Stralsund,Mecklenburg-Vorpommern,54.280361,13.111513,14996,17.377326
DE,18442,"Groß Kordshagen",Mecklenburg-Vorpommern,54.282652,12.950334,8375,181.649454
DE,18442,Jakobsdorf,Mecklenburg-Vorpommern,54.282652,12.950334,8375,181.649454
DE,18442,Lüssow,Mecklenburg-Vorpommern,54.282652,12.950334,8375,181.649454
DE,18442,Niepars,Mecklenburg-Vorpommern,54.282652,12.950334,8375,181.649454
DE,18442,Pantelitz,Mecklenburg-Vorpommern,54.282652,12.950334,8375,181.649454
DE,18442,Steinhagen,Mecklenburg-Vorpommern,54.282652,12.950334,8375,181.649454
DE,18442,Wendorf,Mecklenburg-Vorpommern,54.282652,12.950334,8375,181.649454
DE,18445,Altenpleen,Mecklenburg-Vorpommern,54.384511,12.985388,7181,121.584147
DE,18445,"Groß Mohrdorf",Mecklenburg-Vorpommern,54.384511,12.985388,7181,121.584147
DE,18445,Klausdorf,Mecklenburg-Vorpommern,54.384511,12.985388,7181,121.584147
DE,18445,Kramerhof,Mecklenburg-Vorpommern,54.384511,12.985388,7181,121.584147
DE,18445,Preetz,Mecklenburg-Vorpommern,54.384511,12.985388,7181,121.584147
DE,18445,Prohn,Mecklenburg-Vorpommern,54.384511,12.985388,7181,121.584147
DE,18461,Franzburg,Mecklenburg-Vorpommern,54.176171,12.855166,4281,123.783829
DE,18461,Gremersdorf-Buchholz,Mecklenburg-Vorpommern,54.176171,12.855166,4281,123.783829
DE,18461,Millienhagen-Oebelitz,Mecklenburg-Vorpommern,54.176171,12.855166,4281,123.783829
DE,18461,Richtenberg,Mecklenburg-Vorpommern,54.176171,12.855166,4281,123.783829
DE,18461,Weitenhagen,Mecklenburg-Vorpommern,54.176171,12.855166,4281,123.783829
DE,18465,Drechow,Mecklenburg-Vorpommern,54.112466,12.780631,3123,84.819968
DE,18465,Hugoldsdorf,Mecklenburg-Vorpommern,54.112466,12.780631,3123,84.819968
DE,18465,Tribsees,Mecklenburg-Vorpommern,54.112466,12.780631,3123,84.819968
DE,18469,Karnin,Mecklenburg-Vorpommern,54.267088,12.816822,2105,84.62885
DE,18469,Velgast,Mecklenburg-Vorpommern,54.267088,12.816822,2105,84.62885
DE,18507,Grimmen,Mecklenburg-Vorpommern,54.11907,13.049664,10114,50.549488
DE,18510,Elmenhorst,Mecklenburg-Vorpommern,54.186524,13.024488,3574,95.27624
DE,18510,Papenhagen,Mecklenburg-Vorpommern,54.186524,13.024488,3574,95.27624
DE,18510,Wittenhagen,Mecklenburg-Vorpommern,54.186524,13.024488,3574,95.27624
DE,18510,Zarrendorf,Mecklenburg-Vorpommern,54.186524,13.024488,3574,95.27624
DE,18513,Deyelsdorf,Mecklenburg-Vorpommern,54.053123,12.897817,3337,178.996429
DE,18513,Glewitz,Mecklenburg-Vorpommern,54.053123,12.897817,3337,178.996429
DE,18513,Grammendorf,Mecklenburg-Vorpommern,54.053123,12.897817,3337,178.996429
DE,18513,Gransebieth,Mecklenburg-Vorpommern,54.053123,12.897817,3337,178.996429
DE,18513,Splietsdorf,Mecklenburg-Vorpommern,54.053123,12.897817,3337,178.996429
DE,18513,"Wendisch Baggendorf",Mecklenburg-Vorpommern,54.053123,12.897817,3337,178.996429
DE,18516,Süderholz,Mecklenburg-Vorpommern,54.072666,13.128292,4110,149.710364
DE,18519,Sundhagen,Mecklenburg-Vorpommern,54.188576,13.204645,5255,160.525733
DE,18528,"Bergen auf Rügen",Mecklenburg-Vorpommern,54.433261,13.438258,17820,191.979162
DE,18528,Buschvitz,Mecklenburg-Vorpommern,54.433261,13.438258,17820,191.979162
DE,18528,Lietzow,Mecklenburg-Vorpommern,54.433261,13.438258,17820,191.979162
DE,18528,Parchtitz,Mecklenburg-Vorpommern,54.433261,13.438258,17820,191.979162
DE,18528,Patzig,Mecklenburg-Vorpommern,54.433261,13.438258,17820,191.979162
DE,18528,Ralswiek,Mecklenburg-Vorpommern,54.433261,13.438258,17820,191.979162
DE,18528,Rappin,Mecklenburg-Vorpommern,54.433261,13.438258,17820,191.979162
DE,18528,Sehlen,Mecklenburg-Vorpommern,54.433261,13.438258,17820,191.979162
DE,18528,Zirkow,Mecklenburg-Vorpommern,54.433261,13.438258,17820,191.979162
DE,18546,Sassnitz,Mecklenburg-Vorpommern,54.524084,13.615205,9754,47.9398
DE,18551,Glowe,Mecklenburg-Vorpommern,54.552866,13.544487,3947,64.169568
DE,18551,Lohme,Mecklenburg-Vorpommern,54.552866,13.544487,3947,64.169568
DE,18551,Sagard,Mecklenburg-Vorpommern,54.552866,13.544487,3947,64.169568
DE,18556,Altenkirchen,Mecklenburg-Vorpommern,54.628037,13.318744,4295,99.48584
DE,18556,Breege,Mecklenburg-Vorpommern,54.628037,13.318744,4295,99.48584
DE,18556,Dranske,Mecklenburg-Vorpommern,54.628037,13.318744,4295,99.48584
DE,18556,Putgarten,Mecklenburg-Vorpommern,54.628037,13.318744,4295,99.48584
DE,18556,Wiek,Mecklenburg-Vorpommern,54.628037,13.318744,4295,99.48584
DE,18565,"Insel Hiddensee",Mecklenburg-Vorpommern,54.548386,13.103151,994,18.164695
DE,18569,Gingst,Mecklenburg-Vorpommern,54.489053,13.254926,3958,165.906813
DE,18569,Kluis,Mecklenburg-Vorpommern,54.489053,13.254926,3958,165.906813
DE,18569,Neuenkirchen,Mecklenburg-Vorpommern,54.489053,13.254926,3958,165.906813
DE,18569,Schaprode,Mecklenburg-Vorpommern,54.489053,13.254926,3958,165.906813
DE,18569,Trent,Mecklenburg-Vorpommern,54.489053,13.254926,3958,165.906813
DE,18569,Ummanz,Mecklenburg-Vorpommern,54.489053,13.254926,3958,165.906813
DE,18573,Altefähr,Mecklenburg-Vorpommern,54.35994,13.243217,5033,107.44652
DE,18573,Dreschvitz,Mecklenburg-Vorpommern,54.35994,13.243217,5033,107.44652
DE,18573,Rambin,Mecklenburg-Vorpommern,54.35994,13.243217,5033,107.44652
DE,18573,Samtens,Mecklenburg-Vorpommern,54.35994,13.243217,5033,107.44652
DE,18574,Garz/Rügen,Mecklenburg-Vorpommern,54.295785,13.310355,4045,135.579319
DE,18574,Gustow,Mecklenburg-Vorpommern,54.295785,13.310355,4045,135.579319
DE,18574,Poseritz,Mecklenburg-Vorpommern,54.295785,13.310355,4045,135.579319
DE,18581,Putbus,Mecklenburg-Vorpommern,54.348185,13.465429,4386,65.894192
DE,18586,Baabe,Mecklenburg-Vorpommern,54.342828,13.676873,6348,58.178588
DE,18586,Göhren,Mecklenburg-Vorpommern,54.342828,13.676873,6348,58.178588
DE,18586,Lancken-Granitz,Mecklenburg-Vorpommern,54.342828,13.676873,6348,58.178588
DE,18586,Mönchgut,Mecklenburg-Vorpommern,54.342828,13.676873,6348,58.178588
DE,18586,Sellin,Mecklenburg-Vorpommern,54.342828,13.676873,6348,58.178588
DE,18609,Binz,Mecklenburg-Vorpommern,54.416292,13.594442,5206,23.863495
DE,19053,Schwerin,Mecklenburg-Vorpommern,53.625794,11.406527,15826,3.385165
DE,19055,Schwerin,Mecklenburg-Vorpommern,53.657786,11.434493,11937,36.403358
DE,19057,Schwerin,Mecklenburg-Vorpommern,53.65029,11.349169,17265,20.692509
DE,19059,Schwerin,Mecklenburg-Vorpommern,53.637479,11.390686,10794,4.146581
DE,19061,Schwerin,Mecklenburg-Vorpommern,53.584628,11.413462,18820,47.853269
DE,19063,Schwerin,Mecklenburg-Vorpommern,53.607628,11.474056,16702,18.133742
DE,19065,Gneven,Mecklenburg-Vorpommern,53.620119,11.551189,3478,45.993124
DE,19065,"Langen Brütz",Mecklenburg-Vorpommern,53.620119,11.551189,3478,45.993124
DE,19065,Pinnow,Mecklenburg-Vorpommern,53.620119,11.551189,3478,45.993124
DE,19065,"Raben Steinfeld",Mecklenburg-Vorpommern,53.620119,11.551189,3478,45.993124
DE,19067,Cambs,Mecklenburg-Vorpommern,53.701728,11.53264,5091,90.555719
DE,19067,"Dobin am See",Mecklenburg-Vorpommern,53.701728,11.53264,5091,90.555719
DE,19067,"Langen Brütz",Mecklenburg-Vorpommern,53.701728,11.53264,5091,90.555719
DE,19067,Leezen,Mecklenburg-Vorpommern,53.701728,11.53264,5091,90.555719
DE,19069,"Alt Meteln",Mecklenburg-Vorpommern,53.724891,11.396819,5695,111.37949
DE,19069,"Klein Trebbow",Mecklenburg-Vorpommern,53.724891,11.396819,5695,111.37949
DE,19069,Lübstorf,Mecklenburg-Vorpommern,53.724891,11.396819,5695,111.37949
DE,19069,Pingelshagen,Mecklenburg-Vorpommern,53.724891,11.396819,5695,111.37949
DE,19069,Seehof,Mecklenburg-Vorpommern,53.724891,11.396819,5695,111.37949
DE,19069,Zickhusen,Mecklenburg-Vorpommern,53.724891,11.396819,5695,111.37949
DE,19071,Brüsewitz,Mecklenburg-Vorpommern,53.67074,11.27857,3756,66.668045
DE,19071,Cramonshagen,Mecklenburg-Vorpommern,53.67074,11.27857,3756,66.668045
DE,19071,Dalberg-Wendelstorf,Mecklenburg-Vorpommern,53.67074,11.27857,3756,66.668045
DE,19071,Grambow,Mecklenburg-Vorpommern,53.67074,11.27857,3756,66.668045
DE,19073,Dümmer,Mecklenburg-Vorpommern,53.580328,11.264018,7197,84.659906
DE,19073,Grambow,Mecklenburg-Vorpommern,53.580328,11.264018,7197,84.659906
DE,19073,"Klein Rogahn",Mecklenburg-Vorpommern,53.580328,11.264018,7197,84.659906
DE,19073,Schossin,Mecklenburg-Vorpommern,53.580328,11.264018,7197,84.659906
DE,19073,Stralendorf,Mecklenburg-Vorpommern,53.580328,11.264018,7197,84.659906
DE,19073,Wittenförden,Mecklenburg-Vorpommern,53.580328,11.264018,7197,84.659906
DE,19073,Zülow,Mecklenburg-Vorpommern,53.580328,11.264018,7197,84.659906
DE,19075,Holthusen,Mecklenburg-Vorpommern,53.544486,11.330117,4627,50.296196
DE,19075,Pampow,Mecklenburg-Vorpommern,53.544486,11.330117,4627,50.296196
DE,19075,Schossin,Mecklenburg-Vorpommern,53.544486,11.330117,4627,50.296196
DE,19075,Warsow,Mecklenburg-Vorpommern,53.544486,11.330117,4627,50.296196
DE,19077,Lübesse,Mecklenburg-Vorpommern,53.472881,11.41709,3923,105.809244
DE,19077,Rastow,Mecklenburg-Vorpommern,53.472881,11.41709,3923,105.809244
DE,19077,Sülstorf,Mecklenburg-Vorpommern,53.472881,11.41709,3923,105.809244
DE,19077,Uelitz,Mecklenburg-Vorpommern,53.472881,11.41709,3923,105.809244
DE,19079,Banzkow,Mecklenburg-Vorpommern,53.511914,11.530897,4253,74.922692
DE,19079,Sukow,Mecklenburg-Vorpommern,53.511914,11.530897,4253,74.922692
DE,19086,Plate,Mecklenburg-Vorpommern,53.555558,11.49794,3377,21.14014
DE,19089,Barnin,Mecklenburg-Vorpommern,53.57524,11.691728,9214,251.939552
DE,19089,Bülow,Mecklenburg-Vorpommern,53.57524,11.691728,9214,251.939552
DE,19089,Crivitz,Mecklenburg-Vorpommern,53.57524,11.691728,9214,251.939552
DE,19089,Demen,Mecklenburg-Vorpommern,53.57524,11.691728,9214,251.939552
DE,19089,Friedrichsruhe,Mecklenburg-Vorpommern,53.57524,11.691728,9214,251.939552
DE,19089,Tramm,Mecklenburg-Vorpommern,53.57524,11.691728,9214,251.939552
DE,19089,Zapel,Mecklenburg-Vorpommern,53.57524,11.691728,9214,251.939552
DE,19205,Dragun,Mecklenburg-Vorpommern,53.692747,11.102411,11436,245.396036
DE,19205,Gadebusch,Mecklenburg-Vorpommern,53.692747,11.102411,11436,245.396036
DE,19205,Holdorf,Mecklenburg-Vorpommern,53.692747,11.102411,11436,245.396036
DE,19205,Kneese,Mecklenburg-Vorpommern,53.692747,11.102411,11436,245.396036
DE,19205,Krembz,Mecklenburg-Vorpommern,53.692747,11.102411,11436,245.396036
DE,19205,"Mühlen Eichsen",Mecklenburg-Vorpommern,53.692747,11.102411,11436,245.396036
DE,19205,Pokrent,Mecklenburg-Vorpommern,53.692747,11.102411,11436,245.396036
DE,19205,Roggendorf,Mecklenburg-Vorpommern,53.692747,11.102411,11436,245.396036
DE,19205,Rögnitz,Mecklenburg-Vorpommern,53.692747,11.102411,11436,245.396036
DE,19205,Veelböken,Mecklenburg-Vorpommern,53.692747,11.102411,11436,245.396036
DE,19209,Gottesgabe,Mecklenburg-Vorpommern,53.629015,11.180502,3539,79.480911
DE,19209,Lützow,Mecklenburg-Vorpommern,53.629015,11.180502,3539,79.480911
DE,19209,Perlin,Mecklenburg-Vorpommern,53.629015,11.180502,3539,79.480911
DE,19209,Schildetal,Mecklenburg-Vorpommern,53.629015,11.180502,3539,79.480911
DE,19217,Carlow,Mecklenburg-Vorpommern,53.760606,10.961399,9224,215.361141
DE,19217,Dechow,Mecklenburg-Vorpommern,53.760606,10.961399,9224,215.361141
DE,19217,"Groß Molzahn",Mecklenburg-Vorpommern,53.760606,10.961399,9224,215.361141
DE,19217,Holdorf,Mecklenburg-Vorpommern,53.760606,10.961399,9224,215.361141
DE,19217,Königsfeld,Mecklenburg-Vorpommern,53.760606,10.961399,9224,215.361141
DE,19217,Rehna,Mecklenburg-Vorpommern,53.760606,10.961399,9224,215.361141
DE,19217,Rieps,Mecklenburg-Vorpommern,53.760606,10.961399,9224,215.361141
DE,19217,Schlagsdorf,Mecklenburg-Vorpommern,53.760606,10.961399,9224,215.361141
DE,19217,Thandorf,Mecklenburg-Vorpommern,53.760606,10.961399,9224,215.361141
DE,19217,Utecht,Mecklenburg-Vorpommern,53.760606,10.961399,9224,215.361141
DE,19217,Wedendorfersee,Mecklenburg-Vorpommern,53.760606,10.961399,9224,215.361141
DE,19230,"Alt Zachun",Mecklenburg-Vorpommern,53.413525,11.231522,20197,404.704251
DE,19230,Bandenitz,Mecklenburg-Vorpommern,53.413525,11.231522,20197,404.704251
DE,19230,Belsch,Mecklenburg-Vorpommern,53.413525,11.231522,20197,404.704251
DE,19230,Bobzin,Mecklenburg-Vorpommern,53.413525,11.231522,20197,404.704251
DE,19230,"Bresegard bei Picher",Mecklenburg-Vorpommern,53.413525,11.231522,20197,404.704251
DE,19230,Gammelin,Mecklenburg-Vorpommern,53.413525,11.231522,20197,404.704251
DE,19230,"Groß Krams",Mecklenburg-Vorpommern,53.413525,11.231522,20197,404.704251
DE,19230,Hagenow,Mecklenburg-Vorpommern,53.413525,11.231522,20197,404.704251
DE,19230,Hoort,Mecklenburg-Vorpommern,53.413525,11.231522,20197,404.704251
DE,19230,Hülseburg,Mecklenburg-Vorpommern,53.413525,11.231522,20197,404.704251
DE,19230,"Kirch Jesar",Mecklenburg-Vorpommern,53.413525,11.231522,20197,404.704251
DE,19230,Kuhstorf,Mecklenburg-Vorpommern,53.413525,11.231522,20197,404.704251
DE,19230,Moraas,Mecklenburg-Vorpommern,53.413525,11.231522,20197,404.704251
DE,19230,Picher,Mecklenburg-Vorpommern,53.413525,11.231522,20197,404.704251
DE,19230,Pritzier,Mecklenburg-Vorpommern,53.413525,11.231522,20197,404.704251
DE,19230,Pätow-Steegen,Mecklenburg-Vorpommern,53.413525,11.231522,20197,404.704251
DE,19230,Redefin,Mecklenburg-Vorpommern,53.413525,11.231522,20197,404.704251
DE,19230,Strohkirchen,Mecklenburg-Vorpommern,53.413525,11.231522,20197,404.704251
DE,19230,Toddin,Mecklenburg-Vorpommern,53.413525,11.231522,20197,404.704251
DE,19230,Warlitz,Mecklenburg-Vorpommern,53.413525,11.231522,20197,404.704251
DE,19243,Wittenburg,Mecklenburg-Vorpommern,53.517803,11.075872,9043,185.058409
DE,19243,Wittendörp,Mecklenburg-Vorpommern,53.517803,11.075872,9043,185.058409
DE,19246,Kogel,Mecklenburg-Vorpommern,53.552141,10.931355,6262,145.829713
DE,19246,Lüttow-Valluhn,Mecklenburg-Vorpommern,53.552141,10.931355,6262,145.829713
DE,19246,"Zarrentin am Schaalsee",Mecklenburg-Vorpommern,53.552141,10.931355,6262,145.829713
DE,19249,Lübtheen,Mecklenburg-Vorpommern,53.297836,11.087739,4615,120.687953
DE,19258,Bengerstorf,Mecklenburg-Vorpommern,53.419887,10.770608,15989,256.725443
DE,19258,Besitz,Mecklenburg-Vorpommern,53.419887,10.770608,15989,256.725443
DE,19258,Boizenburg/Elbe,Mecklenburg-Vorpommern,53.419887,10.770608,15989,256.725443
DE,19258,Gallin,Mecklenburg-Vorpommern,53.419887,10.770608,15989,256.725443
DE,19258,Gresse,Mecklenburg-Vorpommern,53.419887,10.770608,15989,256.725443
DE,19258,Greven,Mecklenburg-Vorpommern,53.419887,10.770608,15989,256.725443
DE,19258,"Neu Gülze",Mecklenburg-Vorpommern,53.419887,10.770608,15989,256.725443
DE,19258,Nostorf,Mecklenburg-Vorpommern,53.419887,10.770608,15989,256.725443
DE,19258,Schwanheide,Mecklenburg-Vorpommern,53.419887,10.770608,15989,256.725443
DE,19258,"Tessin b. Boizenburg",Mecklenburg-Vorpommern,53.419887,10.770608,15989,256.725443
DE,19260,Dersenow,Mecklenburg-Vorpommern,53.418084,10.95419,3012,122.224388
DE,19260,Vellahn,Mecklenburg-Vorpommern,53.418084,10.95419,3012,122.224388
DE,19273,"Amt Neuhaus",Niedersachsen,53.268966,10.950903,6836,308.488854
DE,19273,Bleckede,Niedersachsen,53.268966,10.950903,6836,308.488854
DE,19273,Brahlstorf,Mecklenburg-Vorpommern,53.268966,10.950903,6836,308.488854
DE,19273,Dersenow,Mecklenburg-Vorpommern,53.268966,10.950903,6836,308.488854
DE,19273,Teldau,Mecklenburg-Vorpommern,53.268966,10.950903,6836,308.488854
DE,19288,"Alt Krenzlin",Mecklenburg-Vorpommern,53.332834,11.416158,16334,236.290808
DE,19288,"Groß Laasch",Mecklenburg-Vorpommern,53.332834,11.416158,16334,236.290808
DE,19288,Göhlen,Mecklenburg-Vorpommern,53.332834,11.416158,16334,236.290808
DE,19288,Ludwigslust,Mecklenburg-Vorpommern,53.332834,11.416158,16334,236.290808
DE,19288,Lüblow,Mecklenburg-Vorpommern,53.332834,11.416158,16334,236.290808
DE,19288,Warlow,Mecklenburg-Vorpommern,53.332834,11.416158,16334,236.290808
DE,19288,Wöbbelin,Mecklenburg-Vorpommern,53.332834,11.416158,16334,236.290808
DE,19294,"Bresegard bei Eldena",Mecklenburg-Vorpommern,53.216297,11.385587,7228,238.241555
DE,19294,Eldena,Mecklenburg-Vorpommern,53.216297,11.385587,7228,238.241555
DE,19294,Gorlosen,Mecklenburg-Vorpommern,53.216297,11.385587,7228,238.241555
DE,19294,Grebs-Niendorf,Mecklenburg-Vorpommern,53.216297,11.385587,7228,238.241555
DE,19294,Karenz,Mecklenburg-Vorpommern,53.216297,11.385587,7228,238.241555
DE,19294,Karstädt,Mecklenburg-Vorpommern,53.216297,11.385587,7228,238.241555
DE,19294,"Malk Göhren",Mecklenburg-Vorpommern,53.216297,11.385587,7228,238.241555
DE,19294,Malliß,Mecklenburg-Vorpommern,53.216297,11.385587,7228,238.241555
DE,19294,"Neu Kaliß",Mecklenburg-Vorpommern,53.216297,11.385587,7228,238.241555
DE,19300,Balow,Mecklenburg-Vorpommern,53.247652,11.599584,8711,217.1548
DE,19300,Grabow,Mecklenburg-Vorpommern,53.247652,11.599584,8711,217.1548
DE,19300,Kremmin,Mecklenburg-Vorpommern,53.247652,11.599584,8711,217.1548
DE,19300,Milow,Mecklenburg-Vorpommern,53.247652,11.599584,8711,217.1548
DE,19300,Muchow,Mecklenburg-Vorpommern,53.247652,11.599584,8711,217.1548
DE,19300,Möllenbeck,Mecklenburg-Vorpommern,53.247652,11.599584,8711,217.1548
DE,19300,Prislich,Mecklenburg-Vorpommern,53.247652,11.599584,8711,217.1548
DE,19300,Zierzow,Mecklenburg-Vorpommern,53.247652,11.599584,8711,217.1548
DE,19303,Dömitz,Mecklenburg-Vorpommern,53.196814,11.222,4494,138.11901
DE,19303,Vielank,Mecklenburg-Vorpommern,53.196814,11.222,4494,138.11901
DE,19306,Blievenstorf,Mecklenburg-Vorpommern,53.396545,11.599179,7512,128.110215
DE,19306,Brenz,Mecklenburg-Vorpommern,53.396545,11.599179,7512,128.110215
DE,19306,Neustadt-Glewe,Mecklenburg-Vorpommern,53.396545,11.599179,7512,128.110215
DE,19309,Lanz,Brandenburg,53.092367,11.494396,3684,198.626492
DE,19309,"Lenzen (Elbe)",Brandenburg,53.092367,11.494396,3684,198.626492
DE,19309,Lenzerwische,Brandenburg,53.092367,11.494396,3684,198.626492
DE,19322,Breese,Brandenburg,52.994694,11.779036,21671,140.986897
DE,19322,Cumlosen,Brandenburg,52.994694,11.779036,21671,140.986897
DE,19322,Rühstädt,Brandenburg,52.994694,11.779036,21671,140.986897
DE,19322,Weisen,Brandenburg,52.994694,11.779036,21671,140.986897
DE,19322,Wittenberge,Brandenburg,52.994694,11.779036,21671,140.986897
DE,19336,"Bad Wilsnack",Brandenburg,52.952439,11.949162,3307,121.596803
DE,19336,Legde/Quitzöbel,Brandenburg,52.952439,11.949162,3307,121.596803
DE,19339,Plattenburg,Brandenburg,52.983439,12.046063,3643,201.98863
DE,19348,Berge,Brandenburg,53.134398,11.865639,14042,227.324514
DE,19348,Gülitz-Reetz,Brandenburg,53.134398,11.865639,14042,227.324514
DE,19348,Perleberg,Brandenburg,53.134398,11.865639,14042,227.324514
DE,19348,Pirow,Brandenburg,53.134398,11.865639,14042,227.324514
DE,19357,Dambeck,Mecklenburg-Vorpommern,53.17121,11.708188,6757,276.975768
DE,19357,Karstädt,Brandenburg,53.17121,11.708188,6757,276.975768
DE,19370,Parchim,Mecklenburg-Vorpommern,53.426739,11.845434,17490,101.579054
DE,19372,Brunow,Mecklenburg-Vorpommern,53.372325,11.785378,5076,221.623153
DE,19372,"Groß Godems",Mecklenburg-Vorpommern,53.372325,11.785378,5076,221.623153
DE,19372,Karrenzin,Mecklenburg-Vorpommern,53.372325,11.785378,5076,221.623153
DE,19372,Lewitzrand,Mecklenburg-Vorpommern,53.372325,11.785378,5076,221.623153
DE,19372,Rom,Mecklenburg-Vorpommern,53.372325,11.785378,5076,221.623153
DE,19372,Spornitz,Mecklenburg-Vorpommern,53.372325,11.785378,5076,221.623153
DE,19372,Stolpe,Mecklenburg-Vorpommern,53.372325,11.785378,5076,221.623153
DE,19372,Ziegendorf,Mecklenburg-Vorpommern,53.372325,11.785378,5076,221.623153
DE,19374,Domsühl,Mecklenburg-Vorpommern,53.525815,11.8246,5097,204.795082
DE,19374,Lewitzrand,Mecklenburg-Vorpommern,53.525815,11.8246,5097,204.795082
DE,19374,Mestlin,Mecklenburg-Vorpommern,53.525815,11.8246,5097,204.795082
DE,19374,"Obere Warnow",Mecklenburg-Vorpommern,53.525815,11.8246,5097,204.795082
DE,19374,Parchim,Mecklenburg-Vorpommern,53.525815,11.8246,5097,204.795082
DE,19374,Zölkow,Mecklenburg-Vorpommern,53.525815,11.8246,5097,204.795082
DE,19376,"Ruhner Berge",Mecklenburg-Vorpommern,53.346466,11.944189,2926,150.119896
DE,19376,Siggelkow,Mecklenburg-Vorpommern,53.346466,11.944189,2926,150.119896
DE,19386,Gallin-Kuppentin,Mecklenburg-Vorpommern,53.459745,12.068026,10250,253.430641
DE,19386,Gehlsbach,Mecklenburg-Vorpommern,53.459745,12.068026,10250,253.430641
DE,19386,Granzin,Mecklenburg-Vorpommern,53.459745,12.068026,10250,253.430641
DE,19386,Kreien,Mecklenburg-Vorpommern,53.459745,12.068026,10250,253.430641
DE,19386,Kritzow,Mecklenburg-Vorpommern,53.459745,12.068026,10250,253.430641
DE,19386,Lübz,Mecklenburg-Vorpommern,53.459745,12.068026,10250,253.430641
DE,19386,Passow,Mecklenburg-Vorpommern,53.459745,12.068026,10250,253.430641
DE,19386,Werder,Mecklenburg-Vorpommern,53.459745,12.068026,10250,253.430641
DE,19395,Barkhagen,Mecklenburg-Vorpommern,53.443035,12.24425,8314,234.664462
DE,19395,Ganzlin,Mecklenburg-Vorpommern,53.443035,12.24425,8314,234.664462
DE,19395,"Plau am See",Mecklenburg-Vorpommern,53.443035,12.24425,8314,234.664462
DE,19399,Dobbertin,Mecklenburg-Vorpommern,53.588709,12.09213,6519,213.085888
DE,19399,Goldberg,Mecklenburg-Vorpommern,53.588709,12.09213,6519,213.085888
DE,19399,"Neu Poserin",Mecklenburg-Vorpommern,53.588709,12.09213,6519,213.085888
DE,19399,Techentin,Mecklenburg-Vorpommern,53.588709,12.09213,6519,213.085888
DE,19406,Borkow,Mecklenburg-Vorpommern,53.684453,11.891451,8081,226.678701
DE,19406,Dabel,Mecklenburg-Vorpommern,53.684453,11.891451,8081,226.678701
DE,19406,"Hohen Pritz",Mecklenburg-Vorpommern,53.684453,11.891451,8081,226.678701
DE,19406,Kobrow,Mecklenburg-Vorpommern,53.684453,11.891451,8081,226.678701
DE,19406,Mustin,Mecklenburg-Vorpommern,53.684453,11.891451,8081,226.678701
DE,19406,Sternberg,Mecklenburg-Vorpommern,53.684453,11.891451,8081,226.678701
DE,19406,Witzin,Mecklenburg-Vorpommern,53.684453,11.891451,8081,226.678701
DE,19412,Blankenberg,Mecklenburg-Vorpommern,53.716574,11.684417,5070,165.783325
DE,19412,Brüel,Mecklenburg-Vorpommern,53.716574,11.684417,5070,165.783325
DE,19412,"Kloster Tempzin",Mecklenburg-Vorpommern,53.716574,11.684417,5070,165.783325
DE,19412,Kuhlen-Wendorf,Mecklenburg-Vorpommern,53.716574,11.684417,5070,165.783325
DE,19412,Weitendorf,Mecklenburg-Vorpommern,53.716574,11.684417,5070,165.783325
DE,19417,Bibow,Mecklenburg-Vorpommern,53.800159,11.669259,5007,102.610737
DE,19417,Jesendorf,Mecklenburg-Vorpommern,53.800159,11.669259,5007,102.610737
DE,19417,Ventschow,Mecklenburg-Vorpommern,53.800159,11.669259,5007,102.610737
DE,19417,Warin,Mecklenburg-Vorpommern,53.800159,11.669259,5007,102.610737
DE,20095,Hamburg,Hamburg,53.551428,10.000411,3172,0.77031
DE,20097,Hamburg,Hamburg,53.546598,10.019782,1690,1.965846
DE,20099,Hamburg,Hamburg,53.557532,10.011749,9050,1.575485
DE,20144,Hamburg,Hamburg,53.574825,9.977489,10733,0.914383
DE,20146,Hamburg,Hamburg,53.567751,9.981442,10420,0.931521
DE,20148,Hamburg,Hamburg,53.568532,9.996353,5236,1.166056
DE,20149,Hamburg,Hamburg,53.578228,9.992538,7777,1.311007
DE,20249,Hamburg,Hamburg,53.588257,9.989054,9681,0.92713
DE,20251,Hamburg,Hamburg,53.591506,9.979771,21451,1.950684
DE,20253,Hamburg,Hamburg,53.579438,9.967551,16529,1.002431
DE,20255,Hamburg,Hamburg,53.578951,9.952374,13770,0.703132
DE,20257,Hamburg,Hamburg,53.5753,9.944836,14409,0.704028
DE,20259,Hamburg,Hamburg,53.571788,9.958253,12541,0.904718
DE,20354,Hamburg,Hamburg,53.558845,9.994202,2273,1.285909
DE,20355,Hamburg,Hamburg,53.556587,9.980041,4381,1.116726
DE,20357,Hamburg,Hamburg,53.563508,9.968023,15020,1.192272
DE,20359,Hamburg,Hamburg,53.5503,9.964405,13185,1.383956
DE,20457,Hamburg,Hamburg,53.532653,9.978464,2566,14.500486
DE,20459,Hamburg,Hamburg,53.546504,9.978469,7147,1.005763
DE,20535,Hamburg,Hamburg,53.559123,10.050133,25471,2.011915
DE,20537,Hamburg,Hamburg,53.549441,10.048839,16495,3.433468
DE,20539,Hamburg,Hamburg,53.526705,10.045844,13780,11.432067
DE,21029,Hamburg,Hamburg,53.482987,10.226839,18701,6.453903
DE,21031,Hamburg,Hamburg,53.50825,10.196668,28754,5.545359
DE,21033,Hamburg,Hamburg,53.502467,10.160034,15749,13.349038
DE,21035,Hamburg,Hamburg,53.487154,10.151127,30603,10.063058
DE,21037,Hamburg,Hamburg,53.446684,10.146694,15646,74.305658
DE,21039,Börnsen,Schleswig-Holstein,53.453625,10.266874,15164,54.809787
DE,21039,Escheburg,Schleswig-Holstein,53.453625,10.266874,15164,54.809787
DE,21039,Hamburg,Hamburg,53.453625,10.266874,15164,54.809787
DE,21039,Kröppelshagen-Fahrendorf,Schleswig-Holstein,53.453625,10.266874,15164,54.809787
DE,21073,Hamburg,Hamburg,53.457074,9.971815,27665,3.402982
DE,21075,Hamburg,Hamburg,53.461519,9.933358,24780,8.300639
DE,21077,Hamburg,Hamburg,53.435703,9.950603,23700,14.976563
DE,21079,Hamburg,Hamburg,53.467172,9.975048,22838,32.119669
DE,21107,Hamburg,Hamburg,53.501384,9.974085,22136,15.979381
DE,21109,Hamburg,Hamburg,53.491326,10.028388,26277,19.357166
DE,21129,Hamburg,Hamburg,53.522002,9.848014,17415,61.915526
DE,21147,Hamburg,Hamburg,53.483334,9.853693,19794,15.482834
DE,21149,Hamburg,Hamburg,53.46043,9.85771,22947,18.231435
DE,21217,Seevetal,Niedersachsen,53.425259,10.046309,16607,34.204145
DE,21218,Seevetal,Niedersachsen,53.387017,9.973117,9674,29.568672
DE,21220,Seevetal,Niedersachsen,53.358651,10.047169,13640,41.389524
DE,21224,Rosengarten,Niedersachsen,53.395725,9.892019,12888,63.734589
DE,21227,Bendestorf,Niedersachsen,53.335209,9.974588,2235,4.008552
DE,21228,Harmstorf,Niedersachsen,53.349082,9.983069,899,5.848489
DE,21244,"Buchholz in der Nordheide",Niedersachsen,53.320308,9.858621,36715,74.692213
DE,21244,Tostedt,Niedersachsen,53.320308,9.858621,36715,74.692213
DE,21255,Dohren,Niedersachsen,53.278421,9.711346,17834,104.286248
DE,21255,Kakenstorf,Niedersachsen,53.278421,9.711346,17834,104.286248
DE,21255,Königsmoor,Niedersachsen,53.278421,9.711346,17834,104.286248
DE,21255,Otter,Niedersachsen,53.278421,9.711346,17834,104.286248
DE,21255,Tostedt,Niedersachsen,53.278421,9.711346,17834,104.286248
DE,21255,Wistedt,Niedersachsen,53.278421,9.711346,17834,104.286248
DE,21256,Handeloh,Niedersachsen,53.247251,9.842399,2424,27.016313
DE,21258,Heidenau,Niedersachsen,53.310293,9.630776,2123,38.960118
DE,21259,Otter,Niedersachsen,53.225083,9.7511,1496,32.234815
DE,21261,Welle,Niedersachsen,53.233384,9.797026,1192,19.957254
DE,21266,Jesteburg,Niedersachsen,53.305845,9.93512,7559,28.050044
DE,21271,Asendorf,Niedersachsen,53.256409,9.985966,7175,74.043812
DE,21271,Hanstedt,Niedersachsen,53.256409,9.985966,7175,74.043812
DE,21272,Egestorf,Niedersachsen,53.179604,10.048691,2440,49.261853
DE,21274,Undeloh,Niedersachsen,53.207897,9.923927,945,45.567606
DE,21279,Appel,Niedersachsen,53.363925,9.74244,7311,64.610965
DE,21279,Drestedt,Niedersachsen,53.363925,9.74244,7311,64.610965
DE,21279,Hollenstedt,Niedersachsen,53.363925,9.74244,7311,64.610965
DE,21279,Wenzendorf,Niedersachsen,53.363925,9.74244,7311,64.610965
DE,21335,Lüneburg,Niedersachsen,53.218349,10.386816,24314,21.020708
DE,21337,Lüneburg,Niedersachsen,53.244001,10.456859,23465,30.149707
DE,21339,Lüneburg,Niedersachsen,53.261295,10.386902,22237,19.259745
DE,21354,Bleckede,Niedersachsen,53.291414,10.728146,9510,123.593433
DE,21357,Bardowick,Niedersachsen,53.321113,10.38144,9816,45.220596
DE,21357,Barum,Niedersachsen,53.321113,10.38144,9816,45.220596
DE,21357,Wittorf,Niedersachsen,53.321113,10.38144,9816,45.220596
DE,21358,Mechtersen,Niedersachsen,53.280154,10.299817,660,14.414986
DE,21360,Vögelsen,Niedersachsen,53.282423,10.33949,2247,8.278164
DE,21365,Adendorf,Niedersachsen,53.286447,10.454706,10126,16.086107
DE,21368,Boitze,Niedersachsen,53.187553,10.721719,4384,93.545373
DE,21368,Dahlem,Niedersachsen,53.187553,10.721719,4384,93.545373
DE,21368,Dahlenburg,Niedersachsen,53.187553,10.721719,4384,93.545373
DE,21369,Nahrendorf,Niedersachsen,53.169435,10.837971,1228,44.399874
DE,21371,Tosterglope,Niedersachsen,53.208332,10.824532,570,19.006245
DE,21376,Eyendorf,Niedersachsen,53.216496,10.141223,7873,82.645284
DE,21376,Garlstorf,Niedersachsen,53.216496,10.141223,7873,82.645284
DE,21376,Gödenstorf,Niedersachsen,53.216496,10.141223,7873,82.645284
DE,21376,Salzhausen,Niedersachsen,53.216496,10.141223,7873,82.645284
DE,21379,Echem,Niedersachsen,53.304437,10.540875,6906,79.795886
DE,21379,Lüdersburg,Niedersachsen,53.304437,10.540875,6906,79.795886
DE,21379,Neetze,Niedersachsen,53.304437,10.540875,6906,79.795886
DE,21379,Rullstorf,Niedersachsen,53.304437,10.540875,6906,79.795886
DE,21379,Scharnebeck,Niedersachsen,53.304437,10.540875,6906,79.795886
DE,21380,Artlenburg,Niedersachsen,53.36445,10.486481,1596,11.722118
DE,21382,Brietlingen,Niedersachsen,53.336514,10.448772,3335,19.863067
DE,21385,Amelinghausen,Niedersachsen,53.112912,10.187251,5676,127.622836
DE,21385,"Oldendorf (Luhe)",Niedersachsen,53.112912,10.187251,5676,127.622836
DE,21385,Rehlingen,Niedersachsen,53.112912,10.187251,5676,127.622836
DE,21386,Betzendorf,Niedersachsen,53.131999,10.303432,1175,32.097093
DE,21388,Soderstorf,Niedersachsen,53.146278,10.135024,1489,35.646009
DE,21391,Reppenstedt,Niedersachsen,53.254872,10.329707,7198,14.888359
DE,21394,Kirchgellersen,Niedersachsen,53.222915,10.276581,5579,54.902434
DE,21394,Südergellersen,Niedersachsen,53.222915,10.276581,5579,54.902434
DE,21394,Westergellersen,Niedersachsen,53.222915,10.276581,5579,54.902434
DE,21395,Tespe,Niedersachsen,53.381776,10.414885,4042,24.907978
DE,21397,Barendorf,Niedersachsen,53.204456,10.55125,3221,31.308444
DE,21397,Vastorf,Niedersachsen,53.204456,10.55125,3221,31.308444
DE,21398,Neetze,Niedersachsen,53.274355,10.636892,2584,26.369256
DE,21400,Reinstorf,Niedersachsen,53.240103,10.572057,1322,30.428508
DE,21401,Thomasburg,Niedersachsen,53.220739,10.642054,1295,26.687991
DE,21403,"Wendisch Evern",Niedersachsen,53.210332,10.475907,1777,14.80272
DE,21406,Barnstedt,Niedersachsen,53.156456,10.386204,4152,35.725266
DE,21406,Melbeck,Niedersachsen,53.156456,10.386204,4152,35.725266
DE,21407,"Deutsch Evern",Niedersachsen,53.191361,10.441934,3741,11.296386
DE,21409,Embsen,Niedersachsen,53.177375,10.3301,2676,22.897172
DE,21423,Drage,Niedersachsen,53.359719,10.223479,36513,140.348967
DE,21423,"Winsen (Luhe)",Niedersachsen,53.359719,10.223479,36513,140.348967
DE,21435,Stelle,Niedersachsen,53.380791,10.109678,10856,38.661664
DE,21436,Marschacht,Niedersachsen,53.393877,10.351705,3730,26.102082
DE,21438,Brackel,Niedersachsen,53.301728,10.057272,1752,14.001653
DE,21439,Marxen,Niedersachsen,53.310894,10.008903,1370,13.430771
DE,21441,Garstedt,Niedersachsen,53.281244,10.169492,1441,14.936034
DE,21442,Toppenstedt,Niedersachsen,53.272261,10.101707,2128,29.176203
DE,21444,Kirchgellersen,Niedersachsen,53.268043,10.230637,998,17.991054
DE,21444,Vierhöfen,Niedersachsen,53.268043,10.230637,998,17.991054
DE,21445,Wulfsen,Niedersachsen,53.302364,10.136738,1616,8.531346
DE,21447,Handorf,Niedersachsen,53.342028,10.33887,1954,9.83199
DE,21449,Radbruch,Niedersachsen,53.309035,10.268961,1958,22.511709
DE,21465,Reinbek,Schleswig-Holstein,53.530601,10.263823,38058,38.139721
DE,21465,"Wentorf bei Hamburg",Schleswig-Holstein,53.530601,10.263823,38058,38.139721
DE,21481,Buchhorst,Schleswig-Holstein,53.386295,10.524179,12180,27.837369
DE,21481,Lauenburg/Elbe,Schleswig-Holstein,53.386295,10.524179,12180,27.837369
DE,21481,Schnakenbek,Schleswig-Holstein,53.386295,10.524179,12180,27.837369
DE,21483,Basedow,Schleswig-Holstein,53.427632,10.540083,4203,77.995229
DE,21483,Dalldorf,Schleswig-Holstein,53.427632,10.540083,4203,77.995229
DE,21483,Gülzow,Schleswig-Holstein,53.427632,10.540083,4203,77.995229
DE,21483,Juliusburg,Schleswig-Holstein,53.427632,10.540083,4203,77.995229
DE,21483,Krukow,Schleswig-Holstein,53.427632,10.540083,4203,77.995229
DE,21483,Krüzen,Schleswig-Holstein,53.427632,10.540083,4203,77.995229
DE,21483,Lanze,Schleswig-Holstein,53.427632,10.540083,4203,77.995229
DE,21483,Lütau,Schleswig-Holstein,53.427632,10.540083,4203,77.995229
DE,21483,Wangelau,Schleswig-Holstein,53.427632,10.540083,4203,77.995229
DE,21493,Basthorst,Schleswig-Holstein,53.544691,10.508145,19610,98.154707
DE,21493,Elmenhorst,Schleswig-Holstein,53.544691,10.508145,19610,98.154707
DE,21493,Fuhlenhagen,Schleswig-Holstein,53.544691,10.508145,19610,98.154707
DE,21493,Grabau,Schleswig-Holstein,53.544691,10.508145,19610,98.154707
DE,21493,Grove,Schleswig-Holstein,53.544691,10.508145,19610,98.154707
DE,21493,"Groß Pampau",Schleswig-Holstein,53.544691,10.508145,19610,98.154707
DE,21493,Havekost,Schleswig-Holstein,53.544691,10.508145,19610,98.154707
DE,21493,Kollow,Schleswig-Holstein,53.544691,10.508145,19610,98.154707
DE,21493,Möhnsen,Schleswig-Holstein,53.544691,10.508145,19610,98.154707
DE,21493,Mühlenrade,Schleswig-Holstein,53.544691,10.508145,19610,98.154707
DE,21493,Müssen,Schleswig-Holstein,53.544691,10.508145,19610,98.154707
DE,21493,Sahms,Schleswig-Holstein,53.544691,10.508145,19610,98.154707
DE,21493,Schretstaken,Schleswig-Holstein,53.544691,10.508145,19610,98.154707
DE,21493,Schwarzenbek,Schleswig-Holstein,53.544691,10.508145,19610,98.154707
DE,21493,Talkau,Schleswig-Holstein,53.544691,10.508145,19610,98.154707
DE,21502,Geesthacht,Schleswig-Holstein,53.439573,10.40166,29803,51.054466
DE,21502,Hamwarde,Schleswig-Holstein,53.439573,10.40166,29803,51.054466
DE,21502,Wiershop,Schleswig-Holstein,53.439573,10.40166,29803,51.054466
DE,21502,Worth,Schleswig-Holstein,53.439573,10.40166,29803,51.054466
DE,21509,Glinde,Schleswig-Holstein,53.540633,10.21292,16670,11.150991
DE,21514,Bröthen,Schleswig-Holstein,53.505403,10.650984,10489,119.289262
DE,21514,Büchen,Schleswig-Holstein,53.505403,10.650984,10489,119.289262
DE,21514,Fitzen,Schleswig-Holstein,53.505403,10.650984,10489,119.289262
DE,21514,Göttin,Schleswig-Holstein,53.505403,10.650984,10489,119.289262
DE,21514,Güster,Schleswig-Holstein,53.505403,10.650984,10489,119.289262
DE,21514,Hornbek,Schleswig-Holstein,53.505403,10.650984,10489,119.289262
DE,21514,Kankelau,Schleswig-Holstein,53.505403,10.650984,10489,119.289262
DE,21514,"Klein Pampau",Schleswig-Holstein,53.505403,10.650984,10489,119.289262
DE,21514,Langenlehsten,Schleswig-Holstein,53.505403,10.650984,10489,119.289262
DE,21514,Roseburg,Schleswig-Holstein,53.505403,10.650984,10489,119.289262
DE,21514,Siebeneichen,Schleswig-Holstein,53.505403,10.650984,10489,119.289262
DE,21514,Witzeeze,Schleswig-Holstein,53.505403,10.650984,10489,119.289262
DE,21516,Müssen,Schleswig-Holstein,53.521418,10.586484,2045,33.395802
DE,21516,Schulendorf,Schleswig-Holstein,53.521418,10.586484,2045,33.395802
DE,21516,Tramm,Schleswig-Holstein,53.521418,10.586484,2045,33.395802
DE,21516,Woltersdorf,Schleswig-Holstein,53.521418,10.586484,2045,33.395802
DE,21521,Aumühle,Schleswig-Holstein,53.525432,10.364246,8715,75.678272
DE,21521,Dassendorf,Schleswig-Holstein,53.525432,10.364246,8715,75.678272
DE,21521,Sachsenwald,Schleswig-Holstein,53.525432,10.364246,8715,75.678272
DE,21521,Wohltorf,Schleswig-Holstein,53.525432,10.364246,8715,75.678272
DE,21522,Hittbergen,Niedersachsen,53.35248,10.581962,3363,24.862006
DE,21522,"Hohnstorf (Elbe)",Niedersachsen,53.35248,10.581962,3363,24.862006
DE,21524,Brunstorf,Schleswig-Holstein,53.493371,10.426891,651,13.658963
DE,21526,Hohenhorn,Schleswig-Holstein,53.472,10.37311,511,6.8697
DE,21527,Kollow,Schleswig-Holstein,53.464747,10.460736,589,6.315968
DE,21529,Kröppelshagen-Fahrendorf,Schleswig-Holstein,53.482661,10.329503,1061,7.248067
DE,21614,Buxtehude,Niedersachsen,53.462887,9.691966,39558,76.415288
DE,21629,"Neu Wulmstorf",Niedersachsen,53.43149,9.795859,19888,56.446106
DE,21635,Jork,Niedersachsen,53.529875,9.703091,11716,62.35205
DE,21635,Mittelnkirchen,Niedersachsen,53.529875,9.703091,11716,62.35205
DE,21640,Bliedersdorf,Niedersachsen,53.499871,9.578273,9577,44.213577
DE,21640,Horneburg,Niedersachsen,53.499871,9.578273,9577,44.213577
DE,21640,Neuenkirchen,Niedersachsen,53.499871,9.578273,9577,44.213577
DE,21640,Nottensdorf,Niedersachsen,53.499871,9.578273,9577,44.213577
DE,21641,Apensen,Niedersachsen,53.438561,9.602187,3560,20.941822
DE,21643,Beckdorf,Niedersachsen,53.411238,9.621778,2634,22.052952
DE,21644,Sauensiek,Niedersachsen,53.387021,9.563356,2304,31.504463
DE,21646,Halvesbostel,Niedersachsen,53.350777,9.612383,743,18.302912
DE,21647,Moisburg,Niedersachsen,53.403879,9.710603,1750,11.112819
DE,21649,Regesbostel,Niedersachsen,53.37898,9.65488,1080,16.229177
DE,21680,Stade,Niedersachsen,53.587715,9.47435,17446,10.699619
DE,21682,Stade,Niedersachsen,53.605304,9.45898,13380,8.104645
DE,21683,Stade,Niedersachsen,53.63799,9.459678,6777,48.114957
DE,21684,Agathenburg,Niedersachsen,53.566403,9.475409,8783,44.018472
DE,21684,Stade,Niedersachsen,53.566403,9.475409,8783,44.018472
DE,21698,Bargstedt,Niedersachsen,53.451469,9.464001,15013,103.181522
DE,21698,Brest,Niedersachsen,53.451469,9.464001,15013,103.181522
DE,21698,Harsefeld,Niedersachsen,53.451469,9.464001,15013,103.181522
DE,21702,Ahlerstedt,Niedersachsen,53.391915,9.440057,5063,62.342946
DE,21706,Drochtersen,Niedersachsen,53.70875,9.367009,11418,104.346334
DE,21709,Burweg,Niedersachsen,53.613192,9.297961,6932,44.623125
DE,21709,Düdenbüttel,Niedersachsen,53.613192,9.297961,6932,44.623125
DE,21709,Himmelpforten,Niedersachsen,53.613192,9.297961,6932,44.623125
DE,21710,Engelschoff,Niedersachsen,53.660573,9.316712,786,19.535604
DE,21712,Großenwörden,Niedersachsen,53.681885,9.26818,464,12.045696
DE,21714,Hammah,Niedersachsen,53.624969,9.373163,2846,29.368103
DE,21717,Deinste,Niedersachsen,53.52547,9.418643,7908,75.7596
DE,21717,Fredenbeck,Niedersachsen,53.52547,9.418643,7908,75.7596
DE,21720,Grünendeich,Niedersachsen,53.555166,9.60294,5585,25.607439
DE,21720,Guderhandviertel,Niedersachsen,53.555166,9.60294,5585,25.607439
DE,21720,Mittelnkirchen,Niedersachsen,53.555166,9.60294,5585,25.607439
DE,21720,Steinkirchen,Niedersachsen,53.555166,9.60294,5585,25.607439
DE,21723,Hollern-Twielenfleth,Niedersachsen,53.594392,9.54069,3326,18.430122
DE,21726,Heinbockel,Niedersachsen,53.574994,9.265187,5138,60.94874
DE,21726,Kranenburg,Niedersachsen,53.574994,9.265187,5138,60.94874
DE,21726,Oldendorf,Niedersachsen,53.574994,9.265187,5138,60.94874
DE,21727,Estorf,Niedersachsen,53.56167,9.200946,1441,29.349295
DE,21729,"Freiburg (Elbe)",Niedersachsen,53.827352,9.281054,1904,26.34517
DE,21730,Balje,Niedersachsen,53.832709,9.109932,1074,59.519516
DE,21732,Krummendeich,Niedersachsen,53.836561,9.207467,497,31.00828
DE,21734,Oederquart,Niedersachsen,53.786742,9.230854,1205,37.3275
DE,21737,Wischhafen,Niedersachsen,53.768487,9.309732,3088,27.238753
DE,21739,Dollern,Niedersachsen,53.538195,9.538275,1819,12.012721
DE,21745,Hemmoor,Niedersachsen,53.685734,9.145386,8841,45.113516
DE,21755,Hechthausen,Niedersachsen,53.644442,9.220963,3504,30.669498
DE,21756,Osten,Niedersachsen,53.726466,9.22226,1874,47.934942
DE,21762,Osterbruch,Niedersachsen,53.80268,8.910007,7660,43.772614
DE,21762,Otterndorf,Niedersachsen,53.80268,8.910007,7660,43.772614
DE,21763,Neuenkirchen,Niedersachsen,53.772983,8.894281,1405,19.634944
DE,21765,Nordleda,Niedersachsen,53.767089,8.812537,1121,21.244655
DE,21769,Armstorf,Niedersachsen,53.611054,9.077171,4854,113.083768
DE,21769,Hollnseth,Niedersachsen,53.611054,9.077171,4854,113.083768
DE,21769,Lamstedt,Niedersachsen,53.611054,9.077171,4854,113.083768
DE,21770,Mittelstenahe,Niedersachsen,53.661029,9.032874,633,33.678686
DE,21772,Stinstedt,Niedersachsen,53.655405,8.971823,585,30.310685
DE,21775,Ihlienworth,Niedersachsen,53.703054,8.894876,3108,89.769953
DE,21775,Odisheim,Niedersachsen,53.703054,8.894876,3108,89.769953
DE,21775,Steinau,Niedersachsen,53.703054,8.894876,3108,89.769953
DE,21776,Wanna,Niedersachsen,53.724167,8.779346,2301,53.936115
DE,21781,Cadenberge,Niedersachsen,53.784408,9.077727,4138,30.863373
DE,21782,Bülkau,Niedersachsen,53.738055,8.983295,918,23.180312
DE,21785,Belum,Niedersachsen,53.806022,8.998193,2074,35.551338
DE,21785,Neuhaus,Niedersachsen,53.806022,8.998193,2074,35.551338
DE,21787,Oberndorf,Niedersachsen,53.750865,9.153582,1485,32.926038
DE,21789,Wingst,Niedersachsen,53.732865,9.050794,3511,55.699559
DE,22041,Hamburg,Hamburg,53.575505,10.078898,14620,3.005444
DE,22043,Hamburg,Hamburg,53.569223,10.104926,20460,5.421969
DE,22045,Hamburg,Hamburg,53.583009,10.128703,22989,5.321459
DE,22047,Hamburg,Hamburg,53.58839,10.093635,16747,3.315969
DE,22049,Hamburg,Hamburg,53.58641,10.069307,21955,2.214692
DE,22081,Hamburg,Hamburg,53.575632,10.043799,13124,1.678475
DE,22083,Hamburg,Hamburg,53.579235,10.031009,17977,1.634229
DE,22085,Hamburg,Hamburg,53.573207,10.014821,11889,1.516969
DE,22087,Hamburg,Hamburg,53.563495,10.024151,12136,1.57003
DE,22089,Hamburg,Hamburg,53.567876,10.047994,19734,1.775989
DE,22111,Hamburg,Hamburg,53.548449,10.083533,30180,4.315777
DE,22113,Hamburg,Hamburg,53.525741,10.128722,11801,28.370823
DE,22113,Oststeinbek,Schleswig-Holstein,53.525741,10.128722,11801,28.370823
DE,22115,Hamburg,Hamburg,53.530053,10.149074,20877,3.518433
DE,22117,Hamburg,Hamburg,53.548238,10.135135,24207,7.915293
DE,22119,Hamburg,Hamburg,53.556506,10.108053,28977,5.473822
DE,22143,Hamburg,Hamburg,53.606255,10.170008,18114,6.12382
DE,22145,Braak,Schleswig-Holstein,53.617023,10.21112,23258,27.865453
DE,22145,Hamburg,Hamburg,53.617023,10.21112,23258,27.865453
DE,22145,Stapelfeld,Schleswig-Holstein,53.617023,10.21112,23258,27.865453
DE,22147,Hamburg,Hamburg,53.611209,10.137232,22546,3.853263
DE,22149,Hamburg,Hamburg,53.590185,10.166359,24291,6.400518
DE,22159,Hamburg,Hamburg,53.613736,10.118756,33386,8.403622
DE,22175,Hamburg,Hamburg,53.625943,10.099028,18966,4.338928
DE,22177,Hamburg,Hamburg,53.606017,10.067541,11631,1.867191
DE,22179,Hamburg,Hamburg,53.606108,10.083643,18537,3.762015
DE,22297,Hamburg,Hamburg,53.607266,10.012036,15444,4.584998
DE,22299,Hamburg,Hamburg,53.594818,9.999541,14218,1.297839
DE,22301,Hamburg,Hamburg,53.583621,10.005729,10827,1.278899
DE,22303,Hamburg,Hamburg,53.591419,10.022006,18319,3.174076
DE,22305,Hamburg,Hamburg,53.588672,10.050174,13746,1.789763
DE,22307,Hamburg,Hamburg,53.598582,10.04422,19125,1.793871
DE,22309,Hamburg,Hamburg,53.610966,10.055237,22569,2.84169
DE,22335,Hamburg,Hamburg,53.62794,9.999167,13788,8.657195
DE,22337,Hamburg,Hamburg,53.623546,10.049641,12153,6.492778
DE,22339,Hamburg,Hamburg,53.642751,10.041068,14181,5.15808
DE,22359,Hamburg,Hamburg,53.653101,10.163688,22287,12.565129
DE,22391,Hamburg,Hamburg,53.641319,10.080332,15391,5.892507
DE,22393,Hamburg,Hamburg,53.647185,10.11819,18194,6.708167
DE,22395,Hamburg,Hamburg,53.670079,10.119146,13023,8.237296
DE,22397,Hamburg,Hamburg,53.70392,10.125128,16798,31.971414
DE,22399,Hamburg,Hamburg,53.664792,10.072303,20063,6.549773
DE,22415,Hamburg,Hamburg,53.647507,10.008558,12366,4.389974
DE,22417,Hamburg,Hamburg,53.667952,10.035616,13277,7.993768
DE,22419,Hamburg,Hamburg,53.666138,10.003721,14865,4.808175
DE,22453,Hamburg,Hamburg,53.618355,9.96558,17053,9.282509
DE,22455,Hamburg,Hamburg,53.640769,9.951398,18197,5.005616
DE,22457,Hamburg,Hamburg,53.641787,9.917815,20065,7.09
DE,22459,Hamburg,Hamburg,53.62648,9.936805,18991,3.967737
DE,22523,Hamburg,Hamburg,53.613459,9.898707,25436,6.45387
DE,22525,Hamburg,Hamburg,53.584828,9.911914,14169,8.683636
DE,22527,Hamburg,Hamburg,53.598499,9.930773,16778,4.64443
DE,22529,Hamburg,Hamburg,53.596669,9.958554,22812,4.952236
DE,22547,Hamburg,Hamburg,53.59864,9.877703,24283,4.351458
DE,22549,Hamburg,Hamburg,53.584164,9.854668,26300,6.345808
DE,22559,Hamburg,Hamburg,53.58756,9.760984,14638,16.467148
DE,22587,Hamburg,Hamburg,53.563376,9.799047,15583,9.63902
DE,22589,Hamburg,Hamburg,53.583099,9.80716,19984,8.425326
DE,22605,Hamburg,Hamburg,53.550037,9.886941,10206,5.124318
DE,22607,Hamburg,Hamburg,53.568667,9.879953,16502,4.316004
DE,22609,Hamburg,Hamburg,53.558052,9.849947,11730,5.752148
DE,22761,Hamburg,Hamburg,53.567656,9.911876,18409,3.719968
DE,22763,Hamburg,Hamburg,53.551895,9.914166,18982,2.531858
DE,22765,Hamburg,Hamburg,53.555548,9.934974,24286,2.193002
DE,22767,Hamburg,Hamburg,53.550249,9.947046,27239,2.581647
DE,22769,Hamburg,Hamburg,53.566216,9.945905,16433,1.564064
DE,22844,Norderstedt,Schleswig-Holstein,53.728168,10.00016,20242,16.052279
DE,22846,Norderstedt,Schleswig-Holstein,53.706173,9.971487,16690,11.268643
DE,22848,Norderstedt,Schleswig-Holstein,53.669229,9.965112,10422,13.630496
DE,22850,Norderstedt,Schleswig-Holstein,53.689206,9.997119,16177,4.399145
DE,22851,Norderstedt,Schleswig-Holstein,53.698372,10.042126,10463,12.737221
DE,22869,Schenefeld,Schleswig-Holstein,53.601597,9.826305,18143,10.000219
DE,22880,Wedel,Schleswig-Holstein,53.588853,9.704315,31266,32.512531
DE,22885,Barsbüttel,Schleswig-Holstein,53.574144,10.214051,11843,24.741183
DE,22889,Tangstedt,Schleswig-Holstein,53.738706,10.086157,6301,39.803736
DE,22926,Ahrensburg,Schleswig-Holstein,53.668522,10.23687,31365,35.269952
DE,22927,Großhansdorf,Schleswig-Holstein,53.665305,10.282624,9284,11.183774
DE,22929,"Hamfelde (Lauenburg)",Schleswig-Holstein,53.621993,10.427092,3720,38.930175
DE,22929,"Hamfelde (Stormarn)",Schleswig-Holstein,53.621993,10.427092,3720,38.930175
DE,22929,Kasseburg,Schleswig-Holstein,53.621993,10.427092,3720,38.930175
DE,22929,"Köthel (Lauenburg)",Schleswig-Holstein,53.621993,10.427092,3720,38.930175
DE,22929,"Köthel (Stormarn)",Schleswig-Holstein,53.621993,10.427092,3720,38.930175
DE,22929,Rausdorf,Schleswig-Holstein,53.621993,10.427092,3720,38.930175
DE,22929,Schönberg,Schleswig-Holstein,53.621993,10.427092,3720,38.930175
DE,22941,Bargteheide,Schleswig-Holstein,53.725726,10.25375,20276,49.810731
DE,22941,Delingsdorf,Schleswig-Holstein,53.725726,10.25375,20276,49.810731
DE,22941,Hammoor,Schleswig-Holstein,53.725726,10.25375,20276,49.810731
DE,22941,Jersbek,Schleswig-Holstein,53.725726,10.25375,20276,49.810731
DE,22946,Brunsbek,Schleswig-Holstein,53.608176,10.371387,12234,66.542018
DE,22946,Dahmker,Schleswig-Holstein,53.608176,10.371387,12234,66.542018
DE,22946,Grande,Schleswig-Holstein,53.608176,10.371387,12234,66.542018
DE,22946,Großensee,Schleswig-Holstein,53.608176,10.371387,12234,66.542018
DE,22946,Trittau,Schleswig-Holstein,53.608176,10.371387,12234,66.542018
DE,22949,Ammersbek,Schleswig-Holstein,53.693265,10.192277,9545,17.631821
DE,22952,Lütjensee,Schleswig-Holstein,53.652519,10.371601,3278,13.880745
DE,22955,Hoisdorf,Schleswig-Holstein,53.653246,10.323615,3189,10.687245
DE,22956,Grönwohld,Schleswig-Holstein,53.647419,10.411995,1338,9.841458
DE,22958,Kuddewörde,Schleswig-Holstein,53.580088,10.40765,1345,7.309978
DE,22959,Linau,Schleswig-Holstein,53.645626,10.472346,1186,9.730531
DE,22961,Hoisdorf,Schleswig-Holstein,53.673237,10.343013,295,5.290635
DE,22962,Siek,Schleswig-Holstein,53.632589,10.283427,2234,12.445604
DE,22964,Steinburg,Schleswig-Holstein,53.707498,10.399345,2605,23.631676
DE,22965,Todendorf,Schleswig-Holstein,53.695855,10.346855,1157,12.908197
DE,22967,Tremsbüttel,Schleswig-Holstein,53.744539,10.315935,1924,10.341428
DE,22969,Witzhave,Schleswig-Holstein,53.573169,10.333924,1389,7.899771
DE,23552,Lübeck,Schleswig-Holstein,53.866984,10.688048,13074,1.64127
DE,23554,Lübeck,Schleswig-Holstein,53.890489,10.681689,22351,9.911358
DE,23556,Lübeck,Schleswig-Holstein,53.873543,10.615314,16972,20.517385
DE,23558,Lübeck,Schleswig-Holstein,53.856142,10.657431,26615,4.844439
DE,23560,Lübeck,Schleswig-Holstein,53.815751,10.640253,21055,53.317303
DE,23562,Lübeck,Schleswig-Holstein,53.827019,10.718686,21513,18.788738
DE,23564,Lübeck,Schleswig-Holstein,53.852352,10.721536,19405,6.11733
DE,23566,Lübeck,Schleswig-Holstein,53.872491,10.737297,21089,12.819537
DE,23568,Lübeck,Schleswig-Holstein,53.891571,10.750826,16174,17.76
DE,23569,Lübeck,Schleswig-Holstein,53.914283,10.809156,17528,30.311274
DE,23570,Lübeck,Schleswig-Holstein,53.945489,10.877203,13807,34.925242
DE,23611,"Bad Schwartau",Schleswig-Holstein,53.926581,10.696933,23703,23.246789
DE,23611,Ratekau,Schleswig-Holstein,53.926581,10.696933,23703,23.246789
DE,23617,Stockelsdorf,Schleswig-Holstein,53.930417,10.617693,16493,56.900017
DE,23619,Badendorf,Schleswig-Holstein,53.877938,10.523826,5654,56.798339
DE,23619,Hamberge,Schleswig-Holstein,53.877938,10.523826,5654,56.798339
DE,23619,Heilshoop,Schleswig-Holstein,53.877938,10.523826,5654,56.798339
DE,23619,Mönkhagen,Schleswig-Holstein,53.877938,10.523826,5654,56.798339
DE,23619,Rehhorst,Schleswig-Holstein,53.877938,10.523826,5654,56.798339
DE,23619,Zarpen,Schleswig-Holstein,53.877938,10.523826,5654,56.798339
DE,23623,Ahrensbök,Schleswig-Holstein,54.002245,10.567014,8449,94.431199
DE,23626,Ratekau,Schleswig-Holstein,53.952903,10.777326,5362,30.650227
DE,23627,"Groß Grönau",Schleswig-Holstein,53.782989,10.729839,4431,22.315645
DE,23627,"Groß Sarau",Schleswig-Holstein,53.782989,10.729839,4431,22.315645
DE,23628,Klempau,Schleswig-Holstein,53.77223,10.661788,3229,16.576758
DE,23628,Krummesse,Schleswig-Holstein,53.77223,10.661788,3229,16.576758
DE,23628,Lübeck,Schleswig-Holstein,53.77223,10.661788,3229,16.576758
DE,23629,Scharbeutz,Schleswig-Holstein,53.99142,10.666329,352,6.155528
DE,23669,Ratekau,Schleswig-Holstein,53.982944,10.777059,8753,21.783785
DE,23669,"Timmendorfer Strand",Schleswig-Holstein,53.982944,10.777059,8753,21.783785
DE,23683,Scharbeutz,Schleswig-Holstein,54.033516,10.745086,5899,9.060346
DE,23684,Scharbeutz,Schleswig-Holstein,54.02864,10.677631,4727,37.907088
DE,23684,Süsel,Schleswig-Holstein,54.02864,10.677631,4727,37.907088
DE,23689,Ratekau,Schleswig-Holstein,53.981811,10.71027,5681,21.989973
DE,23701,Eutin,Schleswig-Holstein,54.112141,10.650224,21624,116.304978
DE,23701,Süsel,Schleswig-Holstein,54.112141,10.650224,21624,116.304978
DE,23714,Kirchnüchel,Schleswig-Holstein,54.191232,10.587015,10717,78.451472
DE,23714,Malente,Schleswig-Holstein,54.191232,10.587015,10717,78.451472
DE,23715,Bosau,Schleswig-Holstein,54.094016,10.509198,3498,64.334248
DE,23717,Kasseedorf,Schleswig-Holstein,54.165704,10.705385,1483,34.584867
DE,23719,Glasau,Schleswig-Holstein,54.048966,10.525932,916,18.677182
DE,23730,Altenkrempe,Schleswig-Holstein,54.124733,10.820223,19855,116.705491
DE,23730,"Neustadt in Holstein",Schleswig-Holstein,54.124733,10.820223,19855,116.705491
DE,23730,Schashagen,Schleswig-Holstein,54.124733,10.820223,19855,116.705491
DE,23730,Sierksdorf,Schleswig-Holstein,54.124733,10.820223,19855,116.705491
DE,23738,Beschendorf,Schleswig-Holstein,54.223518,10.896656,8772,104.301343
DE,23738,Damlos,Schleswig-Holstein,54.223518,10.896656,8772,104.301343
DE,23738,Harmsdorf,Schleswig-Holstein,54.223518,10.896656,8772,104.301343
DE,23738,Kabelhorst,Schleswig-Holstein,54.223518,10.896656,8772,104.301343
DE,23738,Lensahn,Schleswig-Holstein,54.223518,10.896656,8772,104.301343
DE,23738,Manhagen,Schleswig-Holstein,54.223518,10.896656,8772,104.301343
DE,23738,Riepsdorf,Schleswig-Holstein,54.223518,10.896656,8772,104.301343
DE,23743,Grömitz,Schleswig-Holstein,54.176641,10.967495,7003,51.654207
DE,23744,"Schönwalde am Bungsberg",Schleswig-Holstein,54.198007,10.76643,2629,39.248099
DE,23746,Kellenhusen,Schleswig-Holstein,54.193343,11.049844,1051,10.459351
DE,23747,Dahme,Schleswig-Holstein,54.2199,11.073701,1269,9.997597
DE,23749,Grube,Schleswig-Holstein,54.243138,11.043596,1003,20.909603
DE,23758,Gremersdorf,Schleswig-Holstein,54.295314,10.85839,14663,174.51777
DE,23758,Göhl,Schleswig-Holstein,54.295314,10.85839,14663,174.51777
DE,23758,"Oldenburg in Holstein",Schleswig-Holstein,54.295314,10.85839,14663,174.51777
DE,23758,Wangels,Schleswig-Holstein,54.295314,10.85839,14663,174.51777
DE,23769,Fehmarn,Schleswig-Holstein,54.465294,11.148474,12517,182.045148
DE,23774,Heiligenhafen,Schleswig-Holstein,54.367566,10.973327,9085,18.499781
DE,23775,Großenbrode,Schleswig-Holstein,54.367733,11.070358,2102,21.101034
DE,23777,Heringsdorf,Schleswig-Holstein,54.285755,11.026439,1117,29.767541
DE,23779,Neukirchen,Schleswig-Holstein,54.325696,11.033055,1229,28.923609
DE,23795,"Bad Segeberg",Schleswig-Holstein,53.941218,10.311026,25776,113.939232
DE,23795,Fahrenkrug,Schleswig-Holstein,53.941218,10.311026,25776,113.939232
DE,23795,"Groß Rönnau",Schleswig-Holstein,53.941218,10.311026,25776,113.939232
DE,23795,Högersdorf,Schleswig-Holstein,53.941218,10.311026,25776,113.939232
DE,23795,"Klein Gladebrügge",Schleswig-Holstein,53.941218,10.311026,25776,113.939232
DE,23795,"Klein Rönnau",Schleswig-Holstein,53.941218,10.311026,25776,113.939232
DE,23795,Mözen,Schleswig-Holstein,53.941218,10.311026,25776,113.939232
DE,23795,Negernbötel,Schleswig-Holstein,53.941218,10.311026,25776,113.939232
DE,23795,Schackendorf,Schleswig-Holstein,53.941218,10.311026,25776,113.939232
DE,23795,Schieren,Schleswig-Holstein,53.941218,10.311026,25776,113.939232
DE,23795,Schwissel,Schleswig-Holstein,53.941218,10.311026,25776,113.939232
DE,23795,Stipsdorf,Schleswig-Holstein,53.941218,10.311026,25776,113.939232
DE,23795,Traventhal,Schleswig-Holstein,53.941218,10.311026,25776,113.939232
DE,23795,Weede,Schleswig-Holstein,53.941218,10.311026,25776,113.939232
DE,23812,Buchholz,Schleswig-Holstein,53.944238,10.14138,9402,52.213916
DE,23812,Wahlstedt,Schleswig-Holstein,53.944238,10.14138,9402,52.213916
DE,23813,Blunk,Schleswig-Holstein,54.017503,10.333227,1214,25.965834
DE,23813,Nehms,Schleswig-Holstein,54.017503,10.333227,1214,25.965834
DE,23815,Geschendorf,Schleswig-Holstein,53.922391,10.463276,1289,18.491788
DE,23815,Strukdorf,Schleswig-Holstein,53.922391,10.463276,1289,18.491788
DE,23815,Westerrade,Schleswig-Holstein,53.922391,10.463276,1289,18.491788
DE,23816,Bebensee,Schleswig-Holstein,53.862823,10.258655,3758,39.539284
DE,23816,"Groß Niendorf",Schleswig-Holstein,53.862823,10.258655,3758,39.539284
DE,23816,Leezen,Schleswig-Holstein,53.862823,10.258655,3758,39.539284
DE,23816,Neversdorf,Schleswig-Holstein,53.862823,10.258655,3758,39.539284
DE,23818,Neuengörs,Schleswig-Holstein,53.898927,10.390103,774,13.185145
DE,23820,Pronstorf,Schleswig-Holstein,53.953544,10.496591,1650,36.264983
DE,23821,Rohlstorf,Schleswig-Holstein,53.962202,10.398346,1203,19.626818
DE,23823,Seedorf,Schleswig-Holstein,54.048082,10.420695,2176,48.848668
DE,23824,Damsdorf,Schleswig-Holstein,54.054979,10.314468,963,15.453405
DE,23824,Tensfeld,Schleswig-Holstein,54.054979,10.314468,963,15.453405
DE,23826,Bark,Schleswig-Holstein,53.899394,10.158713,2407,47.417241
DE,23826,Fredesdorf,Schleswig-Holstein,53.899394,10.158713,2407,47.417241
DE,23826,Todesfelde,Schleswig-Holstein,53.899394,10.158713,2407,47.417241
DE,23827,"Krems II",Schleswig-Holstein,53.999299,10.40703,1496,39.963324
DE,23827,Travenhorst,Schleswig-Holstein,53.999299,10.40703,1496,39.963324
DE,23827,Wensin,Schleswig-Holstein,53.999299,10.40703,1496,39.963324
DE,23829,Kükels,Schleswig-Holstein,53.908868,10.226494,1293,13.697847
DE,23829,Wittenborn,Schleswig-Holstein,53.908868,10.226494,1293,13.697847
DE,23843,"Bad Oldesloe",Schleswig-Holstein,53.812646,10.348937,27693,99.220673
DE,23843,Neritz,Schleswig-Holstein,53.812646,10.348937,27693,99.220673
DE,23843,Rümpel,Schleswig-Holstein,53.812646,10.348937,27693,99.220673
DE,23843,Travenbrück,Schleswig-Holstein,53.812646,10.348937,27693,99.220673
DE,23845,Bahrenhof,Schleswig-Holstein,53.840763,10.241519,8236,64.763455
DE,23845,Bühnsdorf,Schleswig-Holstein,53.840763,10.241519,8236,64.763455
DE,23845,Grabau,Schleswig-Holstein,53.840763,10.241519,8236,64.763455
DE,23845,Itzstedt,Schleswig-Holstein,53.840763,10.241519,8236,64.763455
DE,23845,Oering,Schleswig-Holstein,53.840763,10.241519,8236,64.763455
DE,23845,Seth,Schleswig-Holstein,53.840763,10.241519,8236,64.763455
DE,23845,Sülfeld,Schleswig-Holstein,53.840763,10.241519,8236,64.763455
DE,23845,"Wakendorf I",Schleswig-Holstein,53.840763,10.241519,8236,64.763455
DE,23847,Bliestorf,Schleswig-Holstein,53.752552,10.48132,10322,128.225371
DE,23847,Düchelsdorf,Schleswig-Holstein,53.752552,10.48132,10322,128.225371
DE,23847,Grinau,Schleswig-Holstein,53.752552,10.48132,10322,128.225371
DE,23847,"Groß Boden",Schleswig-Holstein,53.752552,10.48132,10322,128.225371
DE,23847,Kastorf,Schleswig-Holstein,53.752552,10.48132,10322,128.225371
DE,23847,Lasbek,Schleswig-Holstein,53.752552,10.48132,10322,128.225371
DE,23847,Meddewade,Schleswig-Holstein,53.752552,10.48132,10322,128.225371
DE,23847,Pölitz,Schleswig-Holstein,53.752552,10.48132,10322,128.225371
DE,23847,Rethwisch,Schleswig-Holstein,53.752552,10.48132,10322,128.225371
DE,23847,Schiphorst,Schleswig-Holstein,53.752552,10.48132,10322,128.225371
DE,23847,Schürensöhlen,Schleswig-Holstein,53.752552,10.48132,10322,128.225371
DE,23847,Siebenbäumen,Schleswig-Holstein,53.752552,10.48132,10322,128.225371
DE,23847,Sierksrade,Schleswig-Holstein,53.752552,10.48132,10322,128.225371
DE,23847,Steinhorst,Schleswig-Holstein,53.752552,10.48132,10322,128.225371
DE,23847,Stubben,Schleswig-Holstein,53.752552,10.48132,10322,128.225371
DE,23847,Westerau,Schleswig-Holstein,53.752552,10.48132,10322,128.225371
DE,23858,Barnitz,Schleswig-Holstein,53.834761,10.48091,11988,59.935018
DE,23858,Feldhorst,Schleswig-Holstein,53.834761,10.48091,11988,59.935018
DE,23858,Heidekamp,Schleswig-Holstein,53.834761,10.48091,11988,59.935018
DE,23858,Reinfeld,Schleswig-Holstein,53.834761,10.48091,11988,59.935018
DE,23858,Wesenberg,Schleswig-Holstein,53.834761,10.48091,11988,59.935018
DE,23860,"Groß Schenkenberg",Schleswig-Holstein,53.801109,10.560072,1326,15.211324
DE,23860,"Klein Wesenberg",Schleswig-Holstein,53.801109,10.560072,1326,15.211324
DE,23863,Bargfeld-Stegen,Schleswig-Holstein,53.76892,10.174859,4460,32.517365
DE,23863,Kayhude,Schleswig-Holstein,53.76892,10.174859,4460,32.517365
DE,23863,Nienwohld,Schleswig-Holstein,53.76892,10.174859,4460,32.517365
DE,23866,Nahe,Schleswig-Holstein,53.796872,10.131485,2354,11.250854
DE,23867,Sülfeld,Schleswig-Holstein,53.801819,10.230886,2519,14.205976
DE,23869,Elmenhorst,Schleswig-Holstein,53.765143,10.27297,2475,14.765375
DE,23879,Mölln,Schleswig-Holstein,53.618069,10.700371,18473,25.417212
DE,23881,"Alt Mölln",Schleswig-Holstein,53.62564,10.610685,5150,73.049772
DE,23881,Borstorf,Schleswig-Holstein,53.62564,10.610685,5150,73.049772
DE,23881,Breitenfelde,Schleswig-Holstein,53.62564,10.610685,5150,73.049772
DE,23881,Bälau,Schleswig-Holstein,53.62564,10.610685,5150,73.049772
DE,23881,Koberg,Schleswig-Holstein,53.62564,10.610685,5150,73.049772
DE,23881,Lankau,Schleswig-Holstein,53.62564,10.610685,5150,73.049772
DE,23881,Niendorf/Stecknitz,Schleswig-Holstein,53.62564,10.610685,5150,73.049772
DE,23883,Brunsmark,Schleswig-Holstein,53.605593,10.814938,3570,114.138673
DE,23883,Grambek,Schleswig-Holstein,53.605593,10.814938,3570,114.138673
DE,23883,Hollenbek,Schleswig-Holstein,53.605593,10.814938,3570,114.138673
DE,23883,Horst,Schleswig-Holstein,53.605593,10.814938,3570,114.138673
DE,23883,"Klein Zecher",Schleswig-Holstein,53.605593,10.814938,3570,114.138673
DE,23883,Lehmrade,Schleswig-Holstein,53.605593,10.814938,3570,114.138673
DE,23883,Salem,Schleswig-Holstein,53.605593,10.814938,3570,114.138673
DE,23883,Seedorf,Schleswig-Holstein,53.605593,10.814938,3570,114.138673
DE,23883,Sterley,Schleswig-Holstein,53.605593,10.814938,3570,114.138673
DE,23896,Nusse,Schleswig-Holstein,53.652023,10.588399,2539,40.439585
DE,23896,Panten,Schleswig-Holstein,53.652023,10.588399,2539,40.439585
DE,23896,Poggensee,Schleswig-Holstein,53.652023,10.588399,2539,40.439585
DE,23896,Ritzerau,Schleswig-Holstein,53.652023,10.588399,2539,40.439585
DE,23896,Walksfelde,Schleswig-Holstein,53.652023,10.588399,2539,40.439585
DE,23898,Duvensee,Schleswig-Holstein,53.69106,10.538092,5374,56.283277
DE,23898,Klinkrade,Schleswig-Holstein,53.69106,10.538092,5374,56.283277
DE,23898,Kühsen,Schleswig-Holstein,53.69106,10.538092,5374,56.283277
DE,23898,Labenz,Schleswig-Holstein,53.69106,10.538092,5374,56.283277
DE,23898,Lüchow,Schleswig-Holstein,53.69106,10.538092,5374,56.283277
DE,23898,Sandesneben,Schleswig-Holstein,53.69106,10.538092,5374,56.283277
DE,23898,Sirksfelde,Schleswig-Holstein,53.69106,10.538092,5374,56.283277
DE,23898,"Wentorf (Amt Sandesneben)",Schleswig-Holstein,53.69106,10.538092,5374,56.283277
DE,23899,Besenthal,Schleswig-Holstein,53.549159,10.773459,1765,54.843202
DE,23899,Gudow,Schleswig-Holstein,53.549159,10.773459,1765,54.843202
DE,23909,Albsfelde,Schleswig-Holstein,53.699634,10.762489,14950,69.475565
DE,23909,Bäk,Schleswig-Holstein,53.699634,10.762489,14950,69.475565
DE,23909,Fredeburg,Schleswig-Holstein,53.699634,10.762489,14950,69.475565
DE,23909,Giesensdorf,Schleswig-Holstein,53.699634,10.762489,14950,69.475565
DE,23909,Mechow,Schleswig-Holstein,53.699634,10.762489,14950,69.475565
DE,23909,Ratzeburg,Schleswig-Holstein,53.699634,10.762489,14950,69.475565
DE,23909,Römnitz,Schleswig-Holstein,53.699634,10.762489,14950,69.475565
DE,23909,Salem,Schleswig-Holstein,53.699634,10.762489,14950,69.475565
DE,23909,Schmilau,Schleswig-Holstein,53.699634,10.762489,14950,69.475565
DE,23911,Buchholz,Schleswig-Holstein,53.686309,10.816872,4517,85.964912
DE,23911,Einhaus,Schleswig-Holstein,53.686309,10.816872,4517,85.964912
DE,23911,"Groß Disnack",Schleswig-Holstein,53.686309,10.816872,4517,85.964912
DE,23911,Harmsdorf,Schleswig-Holstein,53.686309,10.816872,4517,85.964912
DE,23911,Kittlitz,Schleswig-Holstein,53.686309,10.816872,4517,85.964912
DE,23911,Kulpin,Schleswig-Holstein,53.686309,10.816872,4517,85.964912
DE,23911,Mustin,Schleswig-Holstein,53.686309,10.816872,4517,85.964912
DE,23911,Pogeez,Schleswig-Holstein,53.686309,10.816872,4517,85.964912
DE,23911,Salem,Schleswig-Holstein,53.686309,10.816872,4517,85.964912
DE,23911,Schmilau,Schleswig-Holstein,53.686309,10.816872,4517,85.964912
DE,23911,Ziethen,Schleswig-Holstein,53.686309,10.816872,4517,85.964912
DE,23919,Behlendorf,Schleswig-Holstein,53.725488,10.638912,3708,39.99424
DE,23919,Berkenthin,Schleswig-Holstein,53.725488,10.638912,3708,39.99424
DE,23919,Göldenitz,Schleswig-Holstein,53.725488,10.638912,3708,39.99424
DE,23919,"Niendorf bei Berkenthin",Schleswig-Holstein,53.725488,10.638912,3708,39.99424
DE,23919,Rondeshagen,Schleswig-Holstein,53.725488,10.638912,3708,39.99424
DE,23923,Lüdersdorf,Mecklenburg-Vorpommern,53.842753,10.886636,13729,189.2073
DE,23923,Menzendorf,Mecklenburg-Vorpommern,53.842753,10.886636,13729,189.2073
DE,23923,Roduchelstorf,Mecklenburg-Vorpommern,53.842753,10.886636,13729,189.2073
DE,23923,Schönberg,Mecklenburg-Vorpommern,53.842753,10.886636,13729,189.2073
DE,23923,Selmsdorf,Mecklenburg-Vorpommern,53.842753,10.886636,13729,189.2073
DE,23923,Siemz-Niendorf,Mecklenburg-Vorpommern,53.842753,10.886636,13729,189.2073
DE,23936,Bernstorf,Mecklenburg-Vorpommern,53.848205,11.170643,16798,241.474868
DE,23936,Grevesmühlen,Mecklenburg-Vorpommern,53.848205,11.170643,16798,241.474868
DE,23936,Grieben,Mecklenburg-Vorpommern,53.848205,11.170643,16798,241.474868
DE,23936,Roggenstorf,Mecklenburg-Vorpommern,53.848205,11.170643,16798,241.474868
DE,23936,Rüting,Mecklenburg-Vorpommern,53.848205,11.170643,16798,241.474868
DE,23936,Stepenitztal,Mecklenburg-Vorpommern,53.848205,11.170643,16798,241.474868
DE,23936,Testorf-Steinfort,Mecklenburg-Vorpommern,53.848205,11.170643,16798,241.474868
DE,23936,Upahl,Mecklenburg-Vorpommern,53.848205,11.170643,16798,241.474868
DE,23936,Warnow,Mecklenburg-Vorpommern,53.848205,11.170643,16798,241.474868
DE,23942,Dassow,Mecklenburg-Vorpommern,53.939629,10.991063,4997,94.807018
DE,23942,Kalkhorst,Mecklenburg-Vorpommern,53.939629,10.991063,4997,94.807018
DE,23946,Boltenhagen,Mecklenburg-Vorpommern,53.981528,11.199797,2488,21.008558
DE,23948,Damshagen,Mecklenburg-Vorpommern,53.953655,11.138311,5263,108.497169
DE,23948,Kalkhorst,Mecklenburg-Vorpommern,53.953655,11.138311,5263,108.497169
DE,23948,Klütz,Mecklenburg-Vorpommern,53.953655,11.138311,5263,108.497169
DE,23948,Warnow,Mecklenburg-Vorpommern,53.953655,11.138311,5263,108.497169
DE,23966,Bobitz,Mecklenburg-Vorpommern,53.844082,11.365829,20772,32.362691
DE,23966,Wismar,Mecklenburg-Vorpommern,53.844082,11.365829,20772,32.362691
DE,23968,Barnekow,Mecklenburg-Vorpommern,53.899343,11.338986,17207,98.260426
DE,23968,Gägelow,Mecklenburg-Vorpommern,53.899343,11.338986,17207,98.260426
DE,23968,Hohenkirchen,Mecklenburg-Vorpommern,53.899343,11.338986,17207,98.260426
DE,23968,Wismar,Mecklenburg-Vorpommern,53.899343,11.338986,17207,98.260426
DE,23968,Zierow,Mecklenburg-Vorpommern,53.899343,11.338986,17207,98.260426
DE,23970,Benz,Mecklenburg-Vorpommern,53.904097,11.54377,11255,50.479012
DE,23970,"Dorf Mecklenburg",Mecklenburg-Vorpommern,53.904097,11.54377,11255,50.479012
DE,23970,Hornstorf,Mecklenburg-Vorpommern,53.904097,11.54377,11255,50.479012
DE,23970,Wismar,Mecklenburg-Vorpommern,53.904097,11.54377,11255,50.479012
DE,23972,"Dorf Mecklenburg",Mecklenburg-Vorpommern,53.83977,11.495769,5422,79.943855
DE,23972,"Groß Stieten",Mecklenburg-Vorpommern,53.83977,11.495769,5422,79.943855
DE,23972,Lübow,Mecklenburg-Vorpommern,53.83977,11.495769,5422,79.943855
DE,23972,Metelsdorf,Mecklenburg-Vorpommern,53.83977,11.495769,5422,79.943855
DE,23974,Blowatz,Mecklenburg-Vorpommern,53.962655,11.566062,5103,109.055907
DE,23974,Boiensdorf,Mecklenburg-Vorpommern,53.962655,11.566062,5103,109.055907
DE,23974,Hornstorf,Mecklenburg-Vorpommern,53.962655,11.566062,5103,109.055907
DE,23974,Krusenhagen,Mecklenburg-Vorpommern,53.962655,11.566062,5103,109.055907
DE,23974,Neuburg,Mecklenburg-Vorpommern,53.962655,11.566062,5103,109.055907
DE,23992,Glasin,Mecklenburg-Vorpommern,53.890987,11.694982,6798,156.853166
DE,23992,Lübberstorf,Mecklenburg-Vorpommern,53.890987,11.694982,6798,156.853166
DE,23992,Neukloster,Mecklenburg-Vorpommern,53.890987,11.694982,6798,156.853166
DE,23992,Passee,Mecklenburg-Vorpommern,53.890987,11.694982,6798,156.853166
DE,23992,Zurow,Mecklenburg-Vorpommern,53.890987,11.694982,6798,156.853166
DE,23992,Züsow,Mecklenburg-Vorpommern,53.890987,11.694982,6798,156.853166
DE,23996,"Bad Kleinen",Mecklenburg-Vorpommern,53.794076,11.424939,6209,84.966447
DE,23996,Bobitz,Mecklenburg-Vorpommern,53.794076,11.424939,6209,84.966447
DE,23996,"Hohen Viecheln",Mecklenburg-Vorpommern,53.794076,11.424939,6209,84.966447
DE,23999,"Insel Poel",Mecklenburg-Vorpommern,53.993495,11.436254,2566,34.814782
DE,24103,Kiel,Schleswig-Holstein,54.322676,10.134682,10868,1.931788
DE,24105,Kiel,Schleswig-Holstein,54.338123,10.1432,19856,3.21958
DE,24106,Kiel,Schleswig-Holstein,54.358933,10.119411,17727,8.366621
DE,24107,Kiel,Schleswig-Holstein,54.341913,10.024699,12106,26.792732
DE,24107,Ottendorf,Schleswig-Holstein,54.341913,10.024699,12106,26.792732
DE,24107,Quarnbek,Schleswig-Holstein,54.341913,10.024699,12106,26.792732
DE,24109,Kiel,Schleswig-Holstein,54.317861,10.049711,23256,12.471842
DE,24109,Melsdorf,Schleswig-Holstein,54.317861,10.049711,23256,12.471842
DE,24111,Kiel,Schleswig-Holstein,54.304085,10.065759,7284,3.288019
DE,24113,Kiel,Schleswig-Holstein,54.287283,10.08616,21753,16.992758
DE,24113,Molfsee,Schleswig-Holstein,54.287283,10.08616,21753,16.992758
DE,24114,Kiel,Schleswig-Holstein,54.31389,10.115783,13442,2.972409
DE,24116,Kiel,Schleswig-Holstein,54.327497,10.111387,11916,2.474517
DE,24118,Kiel,Schleswig-Holstein,54.341195,10.118435,12079,3.082699
DE,24119,Kronshagen,Schleswig-Holstein,54.336516,10.082556,11601,5.336151
DE,24143,Kiel,Schleswig-Holstein,54.308996,10.14776,20188,4.566198
DE,24145,Kiel,Schleswig-Holstein,54.27418,10.143676,11494,24.497632
DE,24146,Kiel,Schleswig-Holstein,54.285867,10.189946,10760,4.295315
DE,24147,Kiel,Schleswig-Holstein,54.301975,10.17744,6583,2.360983
DE,24148,Kiel,Schleswig-Holstein,54.319273,10.177875,13845,6.081033
DE,24149,Kiel,Schleswig-Holstein,54.33368,10.192146,12081,4.413647
DE,24159,Kiel,Schleswig-Holstein,54.396286,10.15934,19917,19.186931
DE,24161,Altenholz,Schleswig-Holstein,54.3914,10.099365,9920,22.74255
DE,24161,Felm,Schleswig-Holstein,54.3914,10.099365,9920,22.74255
DE,24161,Neuwittenbek,Schleswig-Holstein,54.3914,10.099365,9920,22.74255
DE,24211,Honigsee,Schleswig-Holstein,54.230156,10.285569,21825,149.579296
DE,24211,Kühren,Schleswig-Holstein,54.230156,10.285569,21825,149.579296
DE,24211,Lehmkuhlen,Schleswig-Holstein,54.230156,10.285569,21825,149.579296
DE,24211,Pohnsdorf,Schleswig-Holstein,54.230156,10.285569,21825,149.579296
DE,24211,Postfeld,Schleswig-Holstein,54.230156,10.285569,21825,149.579296
DE,24211,Preetz,Schleswig-Holstein,54.230156,10.285569,21825,149.579296
DE,24211,Rastorf,Schleswig-Holstein,54.230156,10.285569,21825,149.579296
DE,24211,Schellhorn,Schleswig-Holstein,54.230156,10.285569,21825,149.579296
DE,24211,Wahlstorf,Schleswig-Holstein,54.230156,10.285569,21825,149.579296
DE,24214,Gettorf,Schleswig-Holstein,54.397418,9.962867,13442,102.936044
DE,24214,Lindau,Schleswig-Holstein,54.397418,9.962867,13442,102.936044
DE,24214,Neudorf-Bornstein,Schleswig-Holstein,54.397418,9.962867,13442,102.936044
DE,24214,Neuwittenbek,Schleswig-Holstein,54.397418,9.962867,13442,102.936044
DE,24214,Noer,Schleswig-Holstein,54.397418,9.962867,13442,102.936044
DE,24214,Schinkel,Schleswig-Holstein,54.397418,9.962867,13442,102.936044
DE,24214,Tüttendorf,Schleswig-Holstein,54.397418,9.962867,13442,102.936044
DE,24217,Barsbek,Schleswig-Holstein,54.394661,10.371162,9880,66.076522
DE,24217,Bendfeld,Schleswig-Holstein,54.394661,10.371162,9880,66.076522
DE,24217,Fiefbergen,Schleswig-Holstein,54.394661,10.371162,9880,66.076522
DE,24217,Höhndorf,Schleswig-Holstein,54.394661,10.371162,9880,66.076522
DE,24217,Krokau,Schleswig-Holstein,54.394661,10.371162,9880,66.076522
DE,24217,Krummbek,Schleswig-Holstein,54.394661,10.371162,9880,66.076522
DE,24217,"Schönberg (Holstein)",Schleswig-Holstein,54.394661,10.371162,9880,66.076522
DE,24217,Stakendorf,Schleswig-Holstein,54.394661,10.371162,9880,66.076522
DE,24217,Wisch,Schleswig-Holstein,54.394661,10.371162,9880,66.076522
DE,24220,Boksee,Schleswig-Holstein,54.235579,10.083176,8611,36.26846
DE,24220,Böhnhusen,Schleswig-Holstein,54.235579,10.083176,8611,36.26846
DE,24220,Flintbek,Schleswig-Holstein,54.235579,10.083176,8611,36.26846
DE,24220,Schönhorst,Schleswig-Holstein,54.235579,10.083176,8611,36.26846
DE,24220,Techelsdorf,Schleswig-Holstein,54.235579,10.083176,8611,36.26846
DE,24222,Schwentinental,Schleswig-Holstein,54.302611,10.21054,5816,6.514492
DE,24223,Pohnsdorf,Schleswig-Holstein,54.27368,10.246572,7708,13.695938
DE,24223,Schwentinental,Schleswig-Holstein,54.27368,10.246572,7708,13.695938
DE,24226,Heikendorf,Schleswig-Holstein,54.367601,10.218937,8188,14.766079
DE,24229,Dänischenhagen,Schleswig-Holstein,54.451835,10.110564,8395,57.560281
DE,24229,Schwedeneck,Schleswig-Holstein,54.451835,10.110564,8395,57.560281
DE,24229,Strande,Schleswig-Holstein,54.451835,10.110564,8395,57.560281
DE,24232,Dobersdorf,Schleswig-Holstein,54.31861,10.269015,7361,37.896448
DE,24232,Schönkirchen,Schleswig-Holstein,54.31861,10.269015,7361,37.896448
DE,24235,Brodersdorf,Schleswig-Holstein,54.402949,10.261998,7548,20.654709
DE,24235,Laboe,Schleswig-Holstein,54.402949,10.261998,7548,20.654709
DE,24235,Lutterbek,Schleswig-Holstein,54.402949,10.261998,7548,20.654709
DE,24235,Stein,Schleswig-Holstein,54.402949,10.261998,7548,20.654709
DE,24235,Wendtorf,Schleswig-Holstein,54.402949,10.261998,7548,20.654709
DE,24238,Lammershagen,Schleswig-Holstein,54.272163,10.430675,3204,64.743291
DE,24238,Martensrade,Schleswig-Holstein,54.272163,10.430675,3204,64.743291
DE,24238,Mucheln,Schleswig-Holstein,54.272163,10.430675,3204,64.743291
DE,24238,Selent,Schleswig-Holstein,54.272163,10.430675,3204,64.743291
DE,24239,Achterwehr,Schleswig-Holstein,54.302793,9.986278,986,13.81677
DE,24241,Blumenthal,Schleswig-Holstein,54.223103,10.005166,1947,34.55442
DE,24241,Grevenkrug,Schleswig-Holstein,54.223103,10.005166,1947,34.55442
DE,24241,Reesdorf,Schleswig-Holstein,54.223103,10.005166,1947,34.55442
DE,24241,Schierensee,Schleswig-Holstein,54.223103,10.005166,1947,34.55442
DE,24241,Schmalstede,Schleswig-Holstein,54.223103,10.005166,1947,34.55442
DE,24241,Sören,Schleswig-Holstein,54.223103,10.005166,1947,34.55442
DE,24242,Felde,Schleswig-Holstein,54.306207,9.927027,2078,16.264052
DE,24244,Felm,Schleswig-Holstein,54.405503,10.056152,1061,12.887488
DE,24245,Barmissen,Schleswig-Holstein,54.214769,10.158137,1339,14.082636
DE,24245,Großbarkau,Schleswig-Holstein,54.214769,10.158137,1339,14.082636
DE,24245,Kirchbarkau,Schleswig-Holstein,54.214769,10.158137,1339,14.082636
DE,24245,"Klein Barkau",Schleswig-Holstein,54.214769,10.158137,1339,14.082636
DE,24247,Mielkendorf,Schleswig-Holstein,54.282935,10.020986,1945,14.763298
DE,24247,Rodenbek,Schleswig-Holstein,54.282935,10.020986,1945,14.763298
DE,24248,Mönkeberg,Schleswig-Holstein,54.348052,10.194869,3832,2.766004
DE,24250,Bothkamp,Schleswig-Holstein,54.177614,10.172561,1402,33.490109
DE,24250,Löptin,Schleswig-Holstein,54.177614,10.172561,1402,33.490109
DE,24250,Nettelsee,Schleswig-Holstein,54.177614,10.172561,1402,33.490109
DE,24250,Warnau,Schleswig-Holstein,54.177614,10.172561,1402,33.490109
DE,24251,Osdorf,Schleswig-Holstein,54.432509,10.014285,2367,19.671516
DE,24253,Fahren,Schleswig-Holstein,54.362928,10.292822,2989,27.678172
DE,24253,Passade,Schleswig-Holstein,54.362928,10.292822,2989,27.678172
DE,24253,Prasdorf,Schleswig-Holstein,54.362928,10.292822,2989,27.678172
DE,24253,Probsteierhagen,Schleswig-Holstein,54.362928,10.292822,2989,27.678172
DE,24254,Rumohr,Schleswig-Holstein,54.254408,10.021917,803,8.879643
DE,24256,Fargau-Pratjau,Schleswig-Holstein,54.327086,10.368502,1580,39.207457
DE,24256,Schlesen,Schleswig-Holstein,54.327086,10.368502,1580,39.207457
DE,24256,Stoltenberg,Schleswig-Holstein,54.327086,10.368502,1580,39.207457
DE,24257,Hohenfelde,Schleswig-Holstein,54.363054,10.471262,2703,38.665775
DE,24257,Köhn,Schleswig-Holstein,54.363054,10.471262,2703,38.665775
DE,24257,Schwartbuck,Schleswig-Holstein,54.363054,10.471262,2703,38.665775
DE,24259,Westensee,Schleswig-Holstein,54.274472,9.907078,1536,36.535606
DE,24306,Bösdorf,Schleswig-Holstein,54.161729,10.43347,11356,94.038716
DE,24306,Dörnick,Schleswig-Holstein,54.161729,10.43347,11356,94.038716
DE,24306,Lebrade,Schleswig-Holstein,54.161729,10.43347,11356,94.038716
DE,24306,Plön,Schleswig-Holstein,54.161729,10.43347,11356,94.038716
DE,24306,Rathjensdorf,Schleswig-Holstein,54.161729,10.43347,11356,94.038716
DE,24306,Wittmoldt,Schleswig-Holstein,54.161729,10.43347,11356,94.038716
DE,24321,Behrensdorf,Schleswig-Holstein,54.31447,10.562123,11048,124.860042
DE,24321,Giekau,Schleswig-Holstein,54.31447,10.562123,11048,124.860042
DE,24321,Helmstorf,Schleswig-Holstein,54.31447,10.562123,11048,124.860042
DE,24321,Hohwacht,Schleswig-Holstein,54.31447,10.562123,11048,124.860042
DE,24321,Klamp,Schleswig-Holstein,54.31447,10.562123,11048,124.860042
DE,24321,Lütjenburg,Schleswig-Holstein,54.31447,10.562123,11048,124.860042
DE,24321,Panker,Schleswig-Holstein,54.31447,10.562123,11048,124.860042
DE,24321,Tröndel,Schleswig-Holstein,54.31447,10.562123,11048,124.860042
DE,24326,Ascheberg,Schleswig-Holstein,54.122229,10.337758,5588,77.654782
DE,24326,Dersau,Schleswig-Holstein,54.122229,10.337758,5588,77.654782
DE,24326,Dörnick,Schleswig-Holstein,54.122229,10.337758,5588,77.654782
DE,24326,Kalübbe,Schleswig-Holstein,54.122229,10.337758,5588,77.654782
DE,24326,Nehmten,Schleswig-Holstein,54.122229,10.337758,5588,77.654782
DE,24326,Seedorf,Schleswig-Holstein,54.122229,10.337758,5588,77.654782
DE,24326,Stocksee,Schleswig-Holstein,54.122229,10.337758,5588,77.654782
DE,24327,Blekendorf,Schleswig-Holstein,54.265686,10.662925,2312,60.3422
DE,24327,Högsdorf,Schleswig-Holstein,54.265686,10.662925,2312,60.3422
DE,24327,Kletkamp,Schleswig-Holstein,54.265686,10.662925,2312,60.3422
DE,24329,Dannau,Schleswig-Holstein,54.224568,10.513113,1944,49.999291
DE,24329,Grebin,Schleswig-Holstein,54.224568,10.513113,1944,49.999291
DE,24329,Rantzau,Schleswig-Holstein,54.224568,10.513113,1944,49.999291
DE,24340,Altenhof,Schleswig-Holstein,54.460707,9.82587,24562,60.492051
DE,24340,Eckernförde,Schleswig-Holstein,54.460707,9.82587,24562,60.492051
DE,24340,Gammelby,Schleswig-Holstein,54.460707,9.82587,24562,60.492051
DE,24340,Goosefeld,Schleswig-Holstein,54.460707,9.82587,24562,60.492051
DE,24340,Windeby,Schleswig-Holstein,54.460707,9.82587,24562,60.492051
DE,24351,Damp,Schleswig-Holstein,54.583178,9.934742,1928,41.078228
DE,24351,Thumby,Schleswig-Holstein,54.583178,9.934742,1928,41.078228
DE,24354,Kosel,Schleswig-Holstein,54.535545,9.791562,4044,70.10109
DE,24354,Rieseby,Schleswig-Holstein,54.535545,9.791562,4044,70.10109
DE,24357,Fleckeby,Schleswig-Holstein,54.473573,9.69344,3145,32.525072
DE,24357,Güby,Schleswig-Holstein,54.473573,9.69344,3145,32.525072
DE,24357,Hummelfeld,Schleswig-Holstein,54.473573,9.69344,3145,32.525072
DE,24358,Ahlefeld-Bistensee,Schleswig-Holstein,54.422323,9.692287,1684,26.866394
DE,24358,Ascheffel,Schleswig-Holstein,54.422323,9.692287,1684,26.866394
DE,24358,Hütten,Schleswig-Holstein,54.422323,9.692287,1684,26.866394
DE,24360,Barkelsby,Schleswig-Holstein,54.498594,9.866831,1476,19.709778
DE,24361,Damendorf,Schleswig-Holstein,54.401948,9.760406,2759,46.951527
DE,24361,Goosefeld,Schleswig-Holstein,54.401948,9.760406,2759,46.951527
DE,24361,"Groß Wittensee",Schleswig-Holstein,54.401948,9.760406,2759,46.951527
DE,24361,Haby,Schleswig-Holstein,54.401948,9.760406,2759,46.951527
DE,24361,Holtsee,Schleswig-Holstein,54.401948,9.760406,2759,46.951527
DE,24361,Holzbunge,Schleswig-Holstein,54.401948,9.760406,2759,46.951527
DE,24361,"Klein Wittensee",Schleswig-Holstein,54.401948,9.760406,2759,46.951527
DE,24363,Holtsee,Schleswig-Holstein,54.401038,9.866496,1237,21.41303
DE,24364,Holzdorf,Schleswig-Holstein,54.556239,9.90883,898,15.873563
DE,24366,Loose,Schleswig-Holstein,54.523078,9.885122,783,13.14263
DE,24367,Osterby,Schleswig-Holstein,54.448562,9.759529,940,9.830657
DE,24369,Waabs,Schleswig-Holstein,54.530488,9.966812,1429,33.152347
DE,24376,Grödersby,Schleswig-Holstein,54.673849,9.953983,10706,68.433344
DE,24376,Hasselberg,Schleswig-Holstein,54.673849,9.953983,10706,68.433344
DE,24376,Kappeln,Schleswig-Holstein,54.673849,9.953983,10706,68.433344
DE,24376,Rabel,Schleswig-Holstein,54.673849,9.953983,10706,68.433344
DE,24392,Boren,Schleswig-Holstein,54.633277,9.796141,7687,77.40592
DE,24392,Norderbrarup,Schleswig-Holstein,54.633277,9.796141,7687,77.40592
DE,24392,Nottfeld,Schleswig-Holstein,54.633277,9.796141,7687,77.40592
DE,24392,Rügge,Schleswig-Holstein,54.633277,9.796141,7687,77.40592
DE,24392,Saustrup,Schleswig-Holstein,54.633277,9.796141,7687,77.40592
DE,24392,Scheggerott,Schleswig-Holstein,54.633277,9.796141,7687,77.40592
DE,24392,Süderbrarup,Schleswig-Holstein,54.633277,9.796141,7687,77.40592
DE,24392,Wagersrott,Schleswig-Holstein,54.633277,9.796141,7687,77.40592
DE,24395,Gelting,Schleswig-Holstein,54.74397,9.898778,3724,63.71547
DE,24395,Kronsgaard,Schleswig-Holstein,54.74397,9.898778,3724,63.71547
DE,24395,Nieby,Schleswig-Holstein,54.74397,9.898778,3724,63.71547
DE,24395,Niesgrau,Schleswig-Holstein,54.74397,9.898778,3724,63.71547
DE,24395,Pommerby,Schleswig-Holstein,54.74397,9.898778,3724,63.71547
DE,24395,Rabenholz,Schleswig-Holstein,54.74397,9.898778,3724,63.71547
DE,24395,Stangheck,Schleswig-Holstein,54.74397,9.898778,3724,63.71547
DE,24398,Brodersby,Schleswig-Holstein,54.615452,9.976684,2560,36.418322
DE,24398,Dörphof,Schleswig-Holstein,54.615452,9.976684,2560,36.418322
DE,24398,Karby,Schleswig-Holstein,54.615452,9.976684,2560,36.418322
DE,24398,Winnemark,Schleswig-Holstein,54.615452,9.976684,2560,36.418322
DE,24399,Arnis,Schleswig-Holstein,54.627846,9.92246,323,1.394017
DE,24401,Böel,Schleswig-Holstein,54.646297,9.701003,730,12.223419
DE,24402,Esgrus,Schleswig-Holstein,54.712433,9.80969,805,18.631123
DE,24404,Maasholm,Schleswig-Holstein,54.690507,10.009011,640,9.458618
DE,24405,Böel,Schleswig-Holstein,54.679935,9.722344,1326,21.469507
DE,24405,Mohrkirch,Schleswig-Holstein,54.679935,9.722344,1326,21.469507
DE,24405,Rügge,Schleswig-Holstein,54.679935,9.722344,1326,21.469507
DE,24407,Oersberg,Schleswig-Holstein,54.653026,9.863599,999,21.163502
DE,24407,Rabenkirchen-Faulück,Schleswig-Holstein,54.653026,9.863599,999,21.163502
DE,24409,Stoltebüll,Schleswig-Holstein,54.692667,9.870793,808,16.235044
DE,24534,Neumünster,Schleswig-Holstein,54.074775,9.981082,20810,4.225996
DE,24536,Neumünster,Schleswig-Holstein,54.110316,10.005964,19886,30.383042
DE,24536,Tasdorf,Schleswig-Holstein,54.110316,10.005964,19886,30.383042
DE,24537,Neumünster,Schleswig-Holstein,54.086567,9.953434,16240,17.112092
DE,24539,Neumünster,Schleswig-Holstein,54.046589,9.993574,20727,25.17258
DE,24558,Henstedt-Ulzburg,Schleswig-Holstein,53.782413,10.025807,27988,51.873357
DE,24558,"Wakendorf II",Schleswig-Holstein,53.782413,10.025807,27988,51.873357
DE,24568,Kaltenkirchen,Schleswig-Holstein,53.841373,9.954814,22980,64.743631
DE,24568,Kattendorf,Schleswig-Holstein,53.841373,9.954814,22980,64.743631
DE,24568,Nützen,Schleswig-Holstein,53.841373,9.954814,22980,64.743631
DE,24568,Oersdorf,Schleswig-Holstein,53.841373,9.954814,22980,64.743631
DE,24568,Winsen,Schleswig-Holstein,53.841373,9.954814,22980,64.743631
DE,24576,"Bad Bramstedt",Schleswig-Holstein,53.91489,9.879503,17598,84.985406
DE,24576,Bimöhlen,Schleswig-Holstein,53.91489,9.879503,17598,84.985406
DE,24576,Hagen,Schleswig-Holstein,53.91489,9.879503,17598,84.985406
DE,24576,Hitzhusen,Schleswig-Holstein,53.91489,9.879503,17598,84.985406
DE,24576,Mönkloh,Schleswig-Holstein,53.91489,9.879503,17598,84.985406
DE,24576,Weddelbrook,Schleswig-Holstein,53.91489,9.879503,17598,84.985406
DE,24582,Bissee,Schleswig-Holstein,54.173649,10.046138,12831,60.33353
DE,24582,Bordesholm,Schleswig-Holstein,54.173649,10.046138,12831,60.33353
DE,24582,Brügge,Schleswig-Holstein,54.173649,10.046138,12831,60.33353
DE,24582,"Groß Buchwald",Schleswig-Holstein,54.173649,10.046138,12831,60.33353
DE,24582,Hoffeld,Schleswig-Holstein,54.173649,10.046138,12831,60.33353
DE,24582,Mühbrook,Schleswig-Holstein,54.173649,10.046138,12831,60.33353
DE,24582,Schönbek,Schleswig-Holstein,54.173649,10.046138,12831,60.33353
DE,24582,Wattenbek,Schleswig-Holstein,54.173649,10.046138,12831,60.33353
DE,24589,Borgdorf-Seedorf,Schleswig-Holstein,54.177937,9.875011,9242,55.819898
DE,24589,Dätgen,Schleswig-Holstein,54.177937,9.875011,9242,55.819898
DE,24589,Eisendorf,Schleswig-Holstein,54.177937,9.875011,9242,55.819898
DE,24589,Ellerdorf,Schleswig-Holstein,54.177937,9.875011,9242,55.819898
DE,24589,Nortorf,Schleswig-Holstein,54.177937,9.875011,9242,55.819898
DE,24589,"Schülp bei Nortorf",Schleswig-Holstein,54.177937,9.875011,9242,55.819898
DE,24594,Grauel,Schleswig-Holstein,54.09792,9.681577,8166,99.229593
DE,24594,Heinkenborstel,Schleswig-Holstein,54.09792,9.681577,8166,99.229593
DE,24594,Hohenwestedt,Schleswig-Holstein,54.09792,9.681577,8166,99.229593
DE,24594,Jahrsdorf,Schleswig-Holstein,54.09792,9.681577,8166,99.229593
DE,24594,Meezen,Schleswig-Holstein,54.09792,9.681577,8166,99.229593
DE,24594,Mörel,Schleswig-Holstein,54.09792,9.681577,8166,99.229593
DE,24594,Nindorf,Schleswig-Holstein,54.09792,9.681577,8166,99.229593
DE,24594,"Rade b. Hohenwestedt",Schleswig-Holstein,54.09792,9.681577,8166,99.229593
DE,24594,Remmels,Schleswig-Holstein,54.09792,9.681577,8166,99.229593
DE,24594,Tappendorf,Schleswig-Holstein,54.09792,9.681577,8166,99.229593
DE,24594,Wapelfeld,Schleswig-Holstein,54.09792,9.681577,8166,99.229593
DE,24598,Boostedt,Schleswig-Holstein,53.991513,10.055084,5863,60.633518
DE,24598,Heidmühlen,Schleswig-Holstein,53.991513,10.055084,5863,60.633518
DE,24598,Latendorf,Schleswig-Holstein,53.991513,10.055084,5863,60.633518
DE,24601,Belau,Schleswig-Holstein,54.123236,10.220895,5532,64.87437
DE,24601,Ruhwinkel,Schleswig-Holstein,54.123236,10.220895,5532,64.87437
DE,24601,Stolpe,Schleswig-Holstein,54.123236,10.220895,5532,64.87437
DE,24601,Wankendorf,Schleswig-Holstein,54.123236,10.220895,5532,64.87437
DE,24610,Gönnebek,Schleswig-Holstein,54.047065,10.181286,5562,18.308012
DE,24610,Trappenkamp,Schleswig-Holstein,54.047065,10.181286,5562,18.308012
DE,24613,Aukrug,Schleswig-Holstein,54.075412,9.78826,3761,54.413997
DE,24613,Wiedenborstel,Schleswig-Holstein,54.075412,9.78826,3761,54.413997
DE,24616,Armstedt,Schleswig-Holstein,53.996826,9.831112,4067,60.215414
DE,24616,Borstel,Schleswig-Holstein,53.996826,9.831112,4067,60.215414
DE,24616,Brokstedt,Schleswig-Holstein,53.996826,9.831112,4067,60.215414
DE,24616,Hardebek,Schleswig-Holstein,53.996826,9.831112,4067,60.215414
DE,24616,Hasenkrug,Schleswig-Holstein,53.996826,9.831112,4067,60.215414
DE,24616,Sarlhusen,Schleswig-Holstein,53.996826,9.831112,4067,60.215414
DE,24616,Willenscharen,Schleswig-Holstein,53.996826,9.831112,4067,60.215414
DE,24619,Bornhöved,Schleswig-Holstein,54.065273,10.202775,4377,43.800815
DE,24619,Rendswühren,Schleswig-Holstein,54.065273,10.202775,4377,43.800815
DE,24619,Tarbek,Schleswig-Holstein,54.065273,10.202775,4377,43.800815
DE,24620,Bönebüttel,Schleswig-Holstein,54.075294,10.065923,2024,20.468993
DE,24622,Gnutz,Schleswig-Holstein,54.129799,9.821846,1201,22.911699
DE,24623,Großenaspe,Schleswig-Holstein,53.977769,9.973289,2812,45.793014
DE,24625,Großharrie,Schleswig-Holstein,54.130195,10.067918,908,25.328396
DE,24625,Negenharrie,Schleswig-Holstein,54.130195,10.067918,908,25.328396
DE,24626,"Groß Kummerfeld",Schleswig-Holstein,54.03527,10.090639,1980,29.860052
DE,24628,Hartenholm,Schleswig-Holstein,53.895626,10.0715,1777,16.243861
DE,24629,Kisdorf,Schleswig-Holstein,53.813878,10.047912,3775,24.459557
DE,24631,Langwedel,Schleswig-Holstein,54.21887,9.934361,1507,24.369799
DE,24632,Heidmoor,Schleswig-Holstein,53.865236,9.859417,2671,39.32902
DE,24632,Lentföhrden,Schleswig-Holstein,53.865236,9.859417,2671,39.32902
DE,24634,Arpsdorf,Schleswig-Holstein,54.031171,9.896184,1813,26.613095
DE,24634,Padenstedt,Schleswig-Holstein,54.031171,9.896184,1813,26.613095
DE,24635,Daldorf,Schleswig-Holstein,54.005702,10.195616,3927,53.902058
DE,24635,Rickling,Schleswig-Holstein,54.005702,10.195616,3927,53.902058
DE,24637,Schillsdorf,Schleswig-Holstein,54.114044,10.129798,894,26.798718
DE,24638,Schmalensee,Schleswig-Holstein,54.0813,10.283813,451,8.695401
DE,24640,Hasenmoor,Schleswig-Holstein,53.893717,9.995309,2586,37.831101
DE,24640,Schmalfeld,Schleswig-Holstein,53.893717,9.995309,2586,37.831101
DE,24641,Hüttblek,Schleswig-Holstein,53.848935,10.107264,2410,18.339642
DE,24641,Sievershütten,Schleswig-Holstein,53.848935,10.107264,2410,18.339642
DE,24641,Stuvenborn,Schleswig-Holstein,53.848935,10.107264,2410,18.339642
DE,24643,Struvenhütten,Schleswig-Holstein,53.866549,10.06208,1061,12.929888
DE,24644,Krogaspe,Schleswig-Holstein,54.130008,9.91388,1746,35.486097
DE,24644,Loop,Schleswig-Holstein,54.130008,9.91388,1746,35.486097
DE,24644,Timmaspe,Schleswig-Holstein,54.130008,9.91388,1746,35.486097
DE,24646,Warder,Schleswig-Holstein,54.214005,9.886304,619,8.572607
DE,24647,Ehndorf,Schleswig-Holstein,54.070511,9.884207,2879,38.233277
DE,24647,Wasbek,Schleswig-Holstein,54.070511,9.884207,2879,38.233277
DE,24649,Fuhlendorf,Schleswig-Holstein,53.957482,9.904278,1983,23.612148
DE,24649,Wiemersdorf,Schleswig-Holstein,53.957482,9.904278,1983,23.612148
DE,24768,Rendsburg,Schleswig-Holstein,54.302282,9.654252,27651,23.882695
DE,24782,Büdelsdorf,Schleswig-Holstein,54.326044,9.674875,11105,11.172611
DE,24782,Rickert,Schleswig-Holstein,54.326044,9.674875,11105,11.172611
DE,24783,Osterrönfeld,Schleswig-Holstein,54.274856,9.714096,5195,17.887539
DE,24784,Westerrönfeld,Schleswig-Holstein,54.272608,9.653381,4925,6.155134
DE,24787,Fockbek,Schleswig-Holstein,54.308832,9.58577,6351,27.472075
DE,24790,Haßmoor,Schleswig-Holstein,54.302942,9.765556,6167,42.287547
DE,24790,Ostenfeld,Schleswig-Holstein,54.302942,9.765556,6167,42.287547
DE,24790,Rade,Schleswig-Holstein,54.302942,9.765556,6167,42.287547
DE,24790,Schacht-Audorf,Schleswig-Holstein,54.302942,9.765556,6167,42.287547
DE,24790,Schülldorf,Schleswig-Holstein,54.302942,9.765556,6167,42.287547
DE,24791,"Alt Duvenstedt",Schleswig-Holstein,54.356583,9.632311,1922,21.729392
DE,24791,"Neu Duvenstedt",Schleswig-Holstein,54.356583,9.632311,1922,21.729392
DE,24793,Bargstedt,Schleswig-Holstein,54.176183,9.761501,1299,43.383007
DE,24793,Brammer,Schleswig-Holstein,54.176183,9.761501,1299,43.383007
DE,24793,Oldenhütten,Schleswig-Holstein,54.176183,9.761501,1299,43.383007
DE,24794,Borgstedt,Schleswig-Holstein,54.353912,9.726939,2114,28.566558
DE,24794,Bünsdorf,Schleswig-Holstein,54.353912,9.726939,2114,28.566558
DE,24794,"Neu Duvenstedt",Schleswig-Holstein,54.353912,9.726939,2114,28.566558
DE,24796,Bovenau,Schleswig-Holstein,54.332567,9.853845,3175,51.753465
DE,24796,Bredenbek,Schleswig-Holstein,54.332567,9.853845,3175,51.753465
DE,24796,Krummwisch,Schleswig-Holstein,54.332567,9.853845,3175,51.753465
DE,24797,Breiholz,Schleswig-Holstein,54.205801,9.537258,1576,36.201926
DE,24797,Hörsten,Schleswig-Holstein,54.205801,9.537258,1576,36.201926
DE,24797,Oldenbüttel,Schleswig-Holstein,54.205801,9.537258,1576,36.201926
DE,24797,"Schülp bei Rendsburg",Schleswig-Holstein,54.205801,9.537258,1576,36.201926
DE,24797,Tackesdorf,Schleswig-Holstein,54.205801,9.537258,1576,36.201926
DE,24799,Christiansholm,Schleswig-Holstein,54.326015,9.405768,1601,53.538185
DE,24799,Friedrichsgraben,Schleswig-Holstein,54.326015,9.405768,1601,53.538185
DE,24799,Friedrichsholm,Schleswig-Holstein,54.326015,9.405768,1601,53.538185
DE,24799,Hohn,Schleswig-Holstein,54.326015,9.405768,1601,53.538185
DE,24799,Königshügel,Schleswig-Holstein,54.326015,9.405768,1601,53.538185
DE,24799,Meggerdorf,Schleswig-Holstein,54.326015,9.405768,1601,53.538185
DE,24799,Tetenhusen,Schleswig-Holstein,54.326015,9.405768,1601,53.538185
DE,24800,Elsdorf-Westermühlen,Schleswig-Holstein,54.261726,9.52409,1633,27.49141
DE,24802,Bokel,Schleswig-Holstein,54.243607,9.817404,3071,63.902975
DE,24802,Emkendorf,Schleswig-Holstein,54.243607,9.817404,3071,63.902975
DE,24802,"Groß Vollstedt",Schleswig-Holstein,54.243607,9.817404,3071,63.902975
DE,24803,Erfde,Schleswig-Holstein,54.30962,9.327092,2301,47.100143
DE,24803,Tielen,Schleswig-Holstein,54.30962,9.327092,2301,47.100143
DE,24805,Hamdorf,Schleswig-Holstein,54.225874,9.491014,1471,36.170836
DE,24805,Prinzenmoor,Schleswig-Holstein,54.225874,9.491014,1471,36.170836
DE,24806,Bargstall,Schleswig-Holstein,54.306382,9.499718,3466,55.121849
DE,24806,Hohn,Schleswig-Holstein,54.306382,9.499718,3466,55.121849
DE,24806,Lohe-Föhrden,Schleswig-Holstein,54.306382,9.499718,3466,55.121849
DE,24806,Sophienhamm,Schleswig-Holstein,54.306382,9.499718,3466,55.121849
DE,24808,Jevenstedt,Schleswig-Holstein,54.225739,9.683687,3314,46.615815
DE,24809,Nübbel,Schleswig-Holstein,54.265092,9.597626,1574,14.53532
DE,24811,Brekendorf,Schleswig-Holstein,54.402524,9.612809,4572,56.222283
DE,24811,Owschlag,Schleswig-Holstein,54.402524,9.612809,4572,56.222283
DE,24813,"Schülp bei Rendsburg",Schleswig-Holstein,54.24946,9.629903,1022,7.505982
DE,24814,Sehestedt,Schleswig-Holstein,54.369207,9.821644,839,15.444672
DE,24816,Brinjahe,Schleswig-Holstein,54.176948,9.657229,1404,42.381655
DE,24816,Hamweddel,Schleswig-Holstein,54.176948,9.657229,1404,42.381655
DE,24816,Luhnstedt,Schleswig-Holstein,54.176948,9.657229,1404,42.381655
DE,24816,Stafstedt,Schleswig-Holstein,54.176948,9.657229,1404,42.381655
DE,24817,Tetenhusen,Schleswig-Holstein,54.355963,9.478917,949,23.034071
DE,24819,Embühren,Schleswig-Holstein,54.154517,9.57779,2417,48.79388
DE,24819,Haale,Schleswig-Holstein,54.154517,9.57779,2417,48.79388
DE,24819,Nienborstel,Schleswig-Holstein,54.154517,9.57779,2417,48.79388
DE,24819,Todenbüttel,Schleswig-Holstein,54.154517,9.57779,2417,48.79388
DE,24837,Schleswig,Schleswig-Holstein,54.519761,9.558018,23684,24.947109
DE,24848,"Alt Bennebek",Schleswig-Holstein,54.405045,9.488326,7399,82.577144
DE,24848,"Klein Bennebek",Schleswig-Holstein,54.405045,9.488326,7399,82.577144
DE,24848,"Klein Rheide",Schleswig-Holstein,54.405045,9.488326,7399,82.577144
DE,24848,Kropp,Schleswig-Holstein,54.405045,9.488326,7399,82.577144
DE,24848,Owschlag,Schleswig-Holstein,54.405045,9.488326,7399,82.577144
DE,24850,Hüsby,Schleswig-Holstein,54.521689,9.466957,4487,49.312195
DE,24850,Lürschau,Schleswig-Holstein,54.521689,9.466957,4487,49.312195
DE,24850,Schuby,Schleswig-Holstein,54.521689,9.466957,4487,49.312195
DE,24852,Eggebek,Schleswig-Holstein,54.603204,9.341536,4060,52.75896
DE,24852,Langstedt,Schleswig-Holstein,54.603204,9.341536,4060,52.75896
DE,24852,Sollerup,Schleswig-Holstein,54.603204,9.341536,4060,52.75896
DE,24852,Süderhackstedt,Schleswig-Holstein,54.603204,9.341536,4060,52.75896
DE,24855,Bollingstedt,Schleswig-Holstein,54.575193,9.424582,4126,42.398918
DE,24855,Jübek,Schleswig-Holstein,54.575193,9.424582,4126,42.398918
DE,24857,Borgwedel,Schleswig-Holstein,54.497284,9.625854,3179,21.999357
DE,24857,Fahrdorf,Schleswig-Holstein,54.497284,9.625854,3179,21.999357
DE,24860,Böklund,Schleswig-Holstein,54.620496,9.571102,2472,28.874194
DE,24860,Klappholz,Schleswig-Holstein,54.620496,9.571102,2472,28.874194
DE,24860,Süderfahrenstedt,Schleswig-Holstein,54.620496,9.571102,2472,28.874194
DE,24860,Uelsby,Schleswig-Holstein,54.620496,9.571102,2472,28.874194
DE,24861,Bergenhusen,Schleswig-Holstein,54.37453,9.31504,742,19.00821
DE,24861,Meggerdorf,Schleswig-Holstein,54.37453,9.31504,742,19.00821
DE,24863,Börm,Schleswig-Holstein,54.401844,9.377487,785,23.979636
DE,24863,"Klein Bennebek",Schleswig-Holstein,54.401844,9.377487,785,23.979636
DE,24864,Brodersby-Goltoft,Schleswig-Holstein,54.537741,9.70555,762,13.45114
DE,24866,Busdorf,Schleswig-Holstein,54.4893,9.550745,2074,5.275558
DE,24867,Dannewerk,Schleswig-Holstein,54.476587,9.49231,1121,16.476802
DE,24869,Dörpstedt,Schleswig-Holstein,54.432376,9.355443,552,16.661396
DE,24870,Ellingstedt,Schleswig-Holstein,54.477958,9.407855,810,21.30674
DE,24872,"Groß Rheide",Schleswig-Holstein,54.441203,9.426151,915,15.370656
DE,24873,Havetoft,Schleswig-Holstein,54.656669,9.515841,925,14.452156
DE,24876,Hollingstedt,Schleswig-Holstein,54.467737,9.34913,1051,17.704567
DE,24878,Jagel,Schleswig-Holstein,54.451198,9.551006,1171,17.517808
DE,24878,Lottorf,Schleswig-Holstein,54.451198,9.551006,1171,17.517808
DE,24879,Idstedt,Schleswig-Holstein,54.572261,9.511757,1966,17.911327
DE,24879,Neuberend,Schleswig-Holstein,54.572261,9.511757,1966,17.911327
DE,24881,Nübel,Schleswig-Holstein,54.561623,9.578056,1358,18.660992
DE,24882,Schaalby,Schleswig-Holstein,54.538696,9.637762,1694,24.304851
DE,24884,Geltorf,Schleswig-Holstein,54.466308,9.595861,1219,18.399098
DE,24884,Selk,Schleswig-Holstein,54.466308,9.595861,1219,18.399098
DE,24885,Sieverstedt,Schleswig-Holstein,54.641045,9.463493,1677,31.061068
DE,24887,Silberstedt,Schleswig-Holstein,54.536478,9.366953,2182,37.954121
DE,24888,Loit,Schleswig-Holstein,54.604203,9.726541,1043,15.443293
DE,24888,Steinfeld,Schleswig-Holstein,54.604203,9.726541,1043,15.443293
DE,24890,Stolk,Schleswig-Holstein,54.595788,9.539064,1279,21.270501
DE,24890,Süderfahrenstedt,Schleswig-Holstein,54.595788,9.539064,1279,21.270501
DE,24891,Böel,Schleswig-Holstein,54.639392,9.639492,1302,24.861634
DE,24891,Schnarup-Thumby,Schleswig-Holstein,54.639392,9.639492,1302,24.861634
DE,24891,Struxdorf,Schleswig-Holstein,54.639392,9.639492,1302,24.861634
DE,24891,Uelsby,Schleswig-Holstein,54.639392,9.639492,1302,24.861634
DE,24893,Taarstedt,Schleswig-Holstein,54.571414,9.690852,906,14.192912
DE,24894,Tolk,Schleswig-Holstein,54.594789,9.656247,1594,23.013889
DE,24894,Twedt,Schleswig-Holstein,54.594789,9.656247,1594,23.013889
DE,24896,Treia,Schleswig-Holstein,54.518714,9.316193,1506,21.964662
DE,24897,Ulsnis,Schleswig-Holstein,54.572937,9.755006,701,19.740351
DE,24899,Wohlde,Schleswig-Holstein,54.405285,9.300536,554,14.957912
DE,24937,Flensburg,Schleswig-Holstein,54.784348,9.430142,13476,4.283353
DE,24939,Flensburg,Schleswig-Holstein,54.803417,9.41879,19980,6.092119
DE,24941,Flensburg,Schleswig-Holstein,54.768973,9.406346,10038,18.192668
DE,24943,Flensburg,Schleswig-Holstein,54.785788,9.472939,26018,14.294514
DE,24944,Flensburg,Schleswig-Holstein,54.811312,9.478001,12779,6.120526
DE,24955,Harrislee,Schleswig-Holstein,54.811853,9.383611,10914,18.286264
DE,24960,"Glücksburg (Ostsee)",Schleswig-Holstein,54.831866,9.567015,6988,28.834409
DE,24960,Munkbrarup,Schleswig-Holstein,54.831866,9.567015,6988,28.834409
DE,24963,Jerrishoe,Schleswig-Holstein,54.660018,9.381331,6159,32.038883
DE,24963,Tarp,Schleswig-Holstein,54.660018,9.381331,6159,32.038883
DE,24966,Sörup,Schleswig-Holstein,54.724077,9.661024,4372,43.922713
DE,24969,Großenwiehe,Schleswig-Holstein,54.698863,9.211997,4915,84.037554
DE,24969,Lindewitt,Schleswig-Holstein,54.698863,9.211997,4915,84.037554
DE,24972,Steinberg,Schleswig-Holstein,54.768561,9.754841,3667,45.952698
DE,24972,Steinbergkirche,Schleswig-Holstein,54.768561,9.754841,3667,45.952698
DE,24975,Ausacker,Schleswig-Holstein,54.759126,9.55476,5186,56.527001
DE,24975,Husby,Schleswig-Holstein,54.759126,9.55476,5186,56.527001
DE,24975,Hürup,Schleswig-Holstein,54.759126,9.55476,5186,56.527001
DE,24976,Handewitt,Schleswig-Holstein,54.740738,9.408618,4323,13.592205
DE,24977,Grundhof,Schleswig-Holstein,54.795637,9.640826,3785,34.292982
DE,24977,Langballig,Schleswig-Holstein,54.795637,9.640826,3785,34.292982
DE,24977,Ringsberg,Schleswig-Holstein,54.795637,9.640826,3785,34.292982
DE,24977,Westerholz,Schleswig-Holstein,54.795637,9.640826,3785,34.292982
DE,24980,Hörup,Schleswig-Holstein,54.75471,9.171627,5266,74.795133
DE,24980,Meyn,Schleswig-Holstein,54.75471,9.171627,5266,74.795133
DE,24980,Nordhackstedt,Schleswig-Holstein,54.75471,9.171627,5266,74.795133
DE,24980,Schafflund,Schleswig-Holstein,54.75471,9.171627,5266,74.795133
DE,24980,Wallsbüll,Schleswig-Holstein,54.75471,9.171627,5266,74.795133
DE,24983,Handewitt,Schleswig-Holstein,54.760608,9.317431,6387,64.353703
DE,24986,Mittelangeln,Schleswig-Holstein,54.678224,9.59341,4918,44.890827
DE,24988,Oeversee,Schleswig-Holstein,54.707728,9.429715,3350,36.491463
DE,24989,Dollerup,Schleswig-Holstein,54.781675,9.682963,1046,13.148856
DE,24991,Freienwill,Schleswig-Holstein,54.710749,9.511257,3413,40.540595
DE,24991,Großsolt,Schleswig-Holstein,54.710749,9.511257,3413,40.540595
DE,24992,Janneby,Schleswig-Holstein,54.628218,9.275638,1247,34.293386
DE,24992,Jörl,Schleswig-Holstein,54.628218,9.275638,1247,34.293386
DE,24992,Süderhackstedt,Schleswig-Holstein,54.628218,9.275638,1247,34.293386
DE,24994,Böxlund,Schleswig-Holstein,54.824386,9.170643,2298,77.911781
DE,24994,Holt,Schleswig-Holstein,54.824386,9.170643,2298,77.911781
DE,24994,Jardelund,Schleswig-Holstein,54.824386,9.170643,2298,77.911781
DE,24994,Medelby,Schleswig-Holstein,54.824386,9.170643,2298,77.911781
DE,24994,Osterby,Schleswig-Holstein,54.824386,9.170643,2298,77.911781
DE,24994,Weesby,Schleswig-Holstein,54.824386,9.170643,2298,77.911781
DE,24996,Ahneby,Schleswig-Holstein,54.719021,9.746164,1649,20.963899
DE,24996,Sterup,Schleswig-Holstein,54.719021,9.746164,1649,20.963899
DE,24997,Wanderup,Schleswig-Holstein,54.683925,9.320163,2186,28.178176
DE,24999,Wees,Schleswig-Holstein,54.807349,9.533199,2290,12.804694
DE,25335,Altenmoor,Schleswig-Holstein,53.754059,9.61207,23663,51.286848
DE,25335,Bokholt-Hanredder,Schleswig-Holstein,53.754059,9.61207,23663,51.286848
DE,25335,Elmshorn,Schleswig-Holstein,53.754059,9.61207,23663,51.286848
DE,25335,"Neuendorf bei Elmshorn",Schleswig-Holstein,53.754059,9.61207,23663,51.286848
DE,25335,Raa-Besenbek,Schleswig-Holstein,53.754059,9.61207,23663,51.286848
DE,25336,Elmshorn,Schleswig-Holstein,53.728805,9.66693,15378,16.793502
DE,25336,"Klein Nordende",Schleswig-Holstein,53.728805,9.66693,15378,16.793502
DE,25337,Elmshorn,Schleswig-Holstein,53.746418,9.710668,18041,20.514919
DE,25337,Kölln-Reisiek,Schleswig-Holstein,53.746418,9.710668,18041,20.514919
DE,25337,Seeth-Ekholt,Schleswig-Holstein,53.746418,9.710668,18041,20.514919
DE,25348,"Blomesche Wildnis",Schleswig-Holstein,53.790052,9.439742,12796,23.335202
DE,25348,"Engelbrechtsche Wildnis",Schleswig-Holstein,53.790052,9.439742,12796,23.335202
DE,25348,Glückstadt,Schleswig-Holstein,53.790052,9.439742,12796,23.335202
DE,25355,Barmstedt,Schleswig-Holstein,53.802025,9.777849,12731,76.576868
DE,25355,Bevern,Schleswig-Holstein,53.802025,9.777849,12731,76.576868
DE,25355,Bullenkuhlen,Schleswig-Holstein,53.802025,9.777849,12731,76.576868
DE,25355,"Groß Offenseth-Aspern",Schleswig-Holstein,53.802025,9.777849,12731,76.576868
DE,25355,Heede,Schleswig-Holstein,53.802025,9.777849,12731,76.576868
DE,25355,Lutzhorn,Schleswig-Holstein,53.802025,9.777849,12731,76.576868
DE,25358,Hohenfelde,Schleswig-Holstein,53.817279,9.605529,7016,65.590999
DE,25358,Horst,Schleswig-Holstein,53.817279,9.605529,7016,65.590999
DE,25358,Sommerland,Schleswig-Holstein,53.817279,9.605529,7016,65.590999
DE,25361,Elskop,Schleswig-Holstein,53.82718,9.521982,3589,29.360679
DE,25361,Grevenkop,Schleswig-Holstein,53.82718,9.521982,3589,29.360679
DE,25361,Krempe,Schleswig-Holstein,53.82718,9.521982,3589,29.360679
DE,25361,Neuenbrook,Schleswig-Holstein,53.82718,9.521982,3589,29.360679
DE,25361,Süderau,Schleswig-Holstein,53.82718,9.521982,3589,29.360679
DE,25364,Bokel,Schleswig-Holstein,53.862554,9.713738,3955,44.868915
DE,25364,Brande-Hörnerkirchen,Schleswig-Holstein,53.862554,9.713738,3955,44.868915
DE,25364,Osterhorn,Schleswig-Holstein,53.862554,9.713738,3955,44.868915
DE,25364,Westerhorn,Schleswig-Holstein,53.862554,9.713738,3955,44.868915
DE,25365,"Klein Offenseth-Sparrieshoop",Schleswig-Holstein,53.802112,9.682628,2835,16.968938
DE,25368,Kiebitzreihe,Schleswig-Holstein,53.779886,9.592801,2242,8.633523
DE,25370,Seester,Schleswig-Holstein,53.720252,9.609318,914,11.592724
DE,25371,Seestermühe,Schleswig-Holstein,53.696891,9.557315,959,14.974599
DE,25373,Ellerhoop,Schleswig-Holstein,53.728833,9.782958,1423,10.927111
DE,25376,Borsfleth,Schleswig-Holstein,53.827066,9.449085,1027,19.047227
DE,25376,Krempdorf,Schleswig-Holstein,53.827066,9.449085,1027,19.047227
DE,25377,Kollmar,Schleswig-Holstein,53.739991,9.492801,1736,29.508387
DE,25379,Herzhorn,Schleswig-Holstein,53.775129,9.505686,1056,12.460456
DE,25421,Pinneberg,Schleswig-Holstein,53.647351,9.792301,41070,21.466606
DE,25436,"Groß Nordende",Schleswig-Holstein,53.69091,9.676858,37921,62.279682
DE,25436,Heidgraben,Schleswig-Holstein,53.69091,9.676858,37921,62.279682
DE,25436,Moorrege,Schleswig-Holstein,53.69091,9.676858,37921,62.279682
DE,25436,Neuendeich,Schleswig-Holstein,53.69091,9.676858,37921,62.279682
DE,25436,Tornesch,Schleswig-Holstein,53.69091,9.676858,37921,62.279682
DE,25436,Uetersen,Schleswig-Holstein,53.69091,9.676858,37921,62.279682
DE,25451,Quickborn,Schleswig-Holstein,53.73352,9.903829,19730,42.729789
DE,25462,Rellingen,Schleswig-Holstein,53.647584,9.852007,13608,13.142629
DE,25469,Halstenbek,Schleswig-Holstein,53.62462,9.838431,16265,12.577696
DE,25474,Bönningstedt,Schleswig-Holstein,53.677395,9.905537,11837,31.416024
DE,25474,Ellerbek,Schleswig-Holstein,53.677395,9.905537,11837,31.416024
DE,25474,Hasloh,Schleswig-Holstein,53.677395,9.905537,11837,31.416024
DE,25479,Ellerau,Schleswig-Holstein,53.760302,9.925902,5817,7.287071
DE,25482,Appen,Schleswig-Holstein,53.652282,9.737162,4914,20.390455
DE,25485,Bilsen,Schleswig-Holstein,53.773782,9.849248,2948,32.720827
DE,25485,Hemdingen,Schleswig-Holstein,53.773782,9.849248,2948,32.720827
DE,25485,Langeln,Schleswig-Holstein,53.773782,9.849248,2948,32.720827
DE,25486,Alveslohe,Schleswig-Holstein,53.790197,9.915168,2595,21.907948
DE,25488,Holm,Schleswig-Holstein,53.624252,9.694525,3094,15.987281
DE,25489,Haselau,Schleswig-Holstein,53.64537,9.600591,2729,29.519494
DE,25489,Haseldorf,Schleswig-Holstein,53.64537,9.600591,2729,29.519494
DE,25491,Hetlingen,Schleswig-Holstein,53.614618,9.609462,1316,18.578367
DE,25492,Heist,Schleswig-Holstein,53.647199,9.67234,2835,10.067904
DE,25494,Borstel-Hohenraden,Schleswig-Holstein,53.702673,9.822609,2264,15.072561
DE,25495,Kummerfeld,Schleswig-Holstein,53.700888,9.790161,2097,6.403047
DE,25497,Prisdorf,Schleswig-Holstein,53.680351,9.762198,2185,5.219863
DE,25499,Tangstedt,Schleswig-Holstein,53.685412,9.856618,2223,12.435646
DE,25524,Bekmünde,Schleswig-Holstein,53.924536,9.528266,35898,65.632718
DE,25524,Breitenburg,Schleswig-Holstein,53.924536,9.528266,35898,65.632718
DE,25524,Heiligenstedten,Schleswig-Holstein,53.924536,9.528266,35898,65.632718
DE,25524,Heiligenstedtenerkamp,Schleswig-Holstein,53.924536,9.528266,35898,65.632718
DE,25524,Itzehoe,Schleswig-Holstein,53.924536,9.528266,35898,65.632718
DE,25524,Oelixdorf,Schleswig-Holstein,53.924536,9.528266,35898,65.632718
DE,25541,Brunsbüttel,Schleswig-Holstein,53.905389,9.122762,12843,64.950693
DE,25548,Auufer,Schleswig-Holstein,53.956788,9.704754,9114,49.958726
DE,25548,Kellinghusen,Schleswig-Holstein,53.956788,9.704754,9114,49.958726
DE,25548,Mühlenbarbek,Schleswig-Holstein,53.956788,9.704754,9114,49.958726
DE,25548,Oeschebüttel,Schleswig-Holstein,53.956788,9.704754,9114,49.958726
DE,25548,Rosdorf,Schleswig-Holstein,53.956788,9.704754,9114,49.958726
DE,25548,Störkathen,Schleswig-Holstein,53.956788,9.704754,9114,49.958726
DE,25548,Wittenbergen,Schleswig-Holstein,53.956788,9.704754,9114,49.958726
DE,25551,Hohenlockstedt,Schleswig-Holstein,53.99331,9.623955,7992,86.534132
DE,25551,Lockstedt,Schleswig-Holstein,53.99331,9.623955,7992,86.534132
DE,25551,Lohbarbek,Schleswig-Holstein,53.99331,9.623955,7992,86.534132
DE,25551,Peissen,Schleswig-Holstein,53.99331,9.623955,7992,86.534132
DE,25551,Schlotfeld,Schleswig-Holstein,53.99331,9.623955,7992,86.534132
DE,25551,Silzen,Schleswig-Holstein,53.99331,9.623955,7992,86.534132
DE,25551,Winseldorf,Schleswig-Holstein,53.99331,9.623955,7992,86.534132
DE,25554,Bekdorf,Schleswig-Holstein,53.93033,9.359782,7286,82.503708
DE,25554,Dammfleth,Schleswig-Holstein,53.93033,9.359782,7286,82.503708
DE,25554,Kleve,Schleswig-Holstein,53.93033,9.359782,7286,82.503708
DE,25554,Krummendiek,Schleswig-Holstein,53.93033,9.359782,7286,82.503708
DE,25554,Landrecht,Schleswig-Holstein,53.93033,9.359782,7286,82.503708
DE,25554,Moorhusen,Schleswig-Holstein,53.93033,9.359782,7286,82.503708
DE,25554,Neuendorf-Sachsenbande,Schleswig-Holstein,53.93033,9.359782,7286,82.503708
DE,25554,Nortorf,Schleswig-Holstein,53.93033,9.359782,7286,82.503708
DE,25554,Stördorf,Schleswig-Holstein,53.93033,9.359782,7286,82.503708
DE,25554,Wilster,Schleswig-Holstein,53.93033,9.359782,7286,82.503708
DE,25557,Beldorf,Schleswig-Holstein,54.111911,9.407144,5900,96.861317
DE,25557,Bendorf,Schleswig-Holstein,54.111911,9.407144,5900,96.861317
DE,25557,Gokels,Schleswig-Holstein,54.111911,9.407144,5900,96.861317
DE,25557,Hanerau-Hademarschen,Schleswig-Holstein,54.111911,9.407144,5900,96.861317
DE,25557,Oldenbüttel,Schleswig-Holstein,54.111911,9.407144,5900,96.861317
DE,25557,Seefeld,Schleswig-Holstein,54.111911,9.407144,5900,96.861317
DE,25557,Steenfeld,Schleswig-Holstein,54.111911,9.407144,5900,96.861317
DE,25557,Thaden,Schleswig-Holstein,54.111911,9.407144,5900,96.861317
DE,25560,Aasbüttel,Schleswig-Holstein,54.055174,9.470768,4488,57.813684
DE,25560,Agethorst,Schleswig-Holstein,54.055174,9.470768,4488,57.813684
DE,25560,Bokhorst,Schleswig-Holstein,54.055174,9.470768,4488,57.813684
DE,25560,Hadenfeld,Schleswig-Holstein,54.055174,9.470768,4488,57.813684
DE,25560,Kaisborstel,Schleswig-Holstein,54.055174,9.470768,4488,57.813684
DE,25560,Oldenborstel,Schleswig-Holstein,54.055174,9.470768,4488,57.813684
DE,25560,Puls,Schleswig-Holstein,54.055174,9.470768,4488,57.813684
DE,25560,Pöschendorf,Schleswig-Holstein,54.055174,9.470768,4488,57.813684
DE,25560,Schenefeld,Schleswig-Holstein,54.055174,9.470768,4488,57.813684
DE,25560,Warringholz,Schleswig-Holstein,54.055174,9.470768,4488,57.813684
DE,25563,Föhrden-Barl,Schleswig-Holstein,53.926766,9.758666,3662,43.933464
DE,25563,Hingstheide,Schleswig-Holstein,53.926766,9.758666,3662,43.933464
DE,25563,Quarnstedt,Schleswig-Holstein,53.926766,9.758666,3662,43.933464
DE,25563,Wrist,Schleswig-Holstein,53.926766,9.758666,3662,43.933464
DE,25563,Wulfsmoor,Schleswig-Holstein,53.926766,9.758666,3662,43.933464
DE,25566,Lägerdorf,Schleswig-Holstein,53.873609,9.590889,3165,15.821575
DE,25566,Rethwisch,Schleswig-Holstein,53.873609,9.590889,3165,15.821575
DE,25569,Bahrenfleth,Schleswig-Holstein,53.878473,9.4564,3813,27.691798
DE,25569,Hodorf,Schleswig-Holstein,53.878473,9.4564,3813,27.691798
DE,25569,Kremperheide,Schleswig-Holstein,53.878473,9.4564,3813,27.691798
DE,25569,Krempermoor,Schleswig-Holstein,53.878473,9.4564,3813,27.691798
DE,25572,Aebtissinwisch,Schleswig-Holstein,53.92521,9.258065,1785,49.999684
DE,25572,Büttel,Schleswig-Holstein,53.92521,9.258065,1785,49.999684
DE,25572,Ecklak,Schleswig-Holstein,53.92521,9.258065,1785,49.999684
DE,25572,Kudensee,Schleswig-Holstein,53.92521,9.258065,1785,49.999684
DE,25572,Landscheide,Schleswig-Holstein,53.92521,9.258065,1785,49.999684
DE,25572,"Sankt Margarethen",Schleswig-Holstein,53.92521,9.258065,1785,49.999684
DE,25573,Beidenfleth,Schleswig-Holstein,53.879388,9.404712,868,14.575131
DE,25575,Beringstedt,Schleswig-Holstein,54.11782,9.53288,725,14.111897
DE,25576,Brokdorf,Schleswig-Holstein,53.874007,9.320759,1001,13.515036
DE,25578,Dägeling,Schleswig-Holstein,53.867598,9.52851,1695,21.881494
DE,25578,Neuenbrook,Schleswig-Holstein,53.867598,9.52851,1695,21.881494
DE,25579,Fitzbek,Schleswig-Holstein,54.004049,9.755876,471,14.068368
DE,25579,Rade,Schleswig-Holstein,54.004049,9.755876,471,14.068368
DE,25581,Hennstedt,Schleswig-Holstein,54.033503,9.705381,1000,19.170855
DE,25581,Poyenberg,Schleswig-Holstein,54.033503,9.705381,1000,19.170855
DE,25582,Drage,Schleswig-Holstein,54.006293,9.521862,3100,48.942727
DE,25582,Hohenaspe,Schleswig-Holstein,54.006293,9.521862,3100,48.942727
DE,25582,Kaaks,Schleswig-Holstein,54.006293,9.521862,3100,48.942727
DE,25582,Looft,Schleswig-Holstein,54.006293,9.521862,3100,48.942727
DE,25584,Besdorf,Schleswig-Holstein,54.049823,9.343,675,19.414796
DE,25584,Holstenniendorf,Schleswig-Holstein,54.049823,9.343,675,19.414796
DE,25585,Lütjenwestedt,Schleswig-Holstein,54.153187,9.487048,630,26.822366
DE,25585,Tackesdorf,Schleswig-Holstein,54.153187,9.487048,630,26.822366
DE,25587,Münsterdorf,Schleswig-Holstein,53.900737,9.536295,1937,4.977281
DE,25588,Huje,Schleswig-Holstein,53.978012,9.440507,1888,24.354581
DE,25588,Mehlbek,Schleswig-Holstein,53.978012,9.440507,1888,24.354581
DE,25588,Oldendorf,Schleswig-Holstein,53.978012,9.440507,1888,24.354581
DE,25590,Osterstedt,Schleswig-Holstein,54.108316,9.583249,661,10.976127
DE,25591,Ottenbüttel,Schleswig-Holstein,53.969088,9.502716,746,9.692957
DE,25593,Christinenthal,Schleswig-Holstein,54.063393,9.565813,851,18.653772
DE,25593,Reher,Schleswig-Holstein,54.063393,9.565813,851,18.653772
DE,25594,Nutteln,Schleswig-Holstein,53.990633,9.35637,1682,28.295846
DE,25594,Vaale,Schleswig-Holstein,53.990633,9.35637,1682,28.295846
DE,25594,Vaalermoor,Schleswig-Holstein,53.990633,9.35637,1682,28.295846
DE,25596,Bokelrehm,Schleswig-Holstein,54.025001,9.364801,2608,26.958712
DE,25596,Gribbohm,Schleswig-Holstein,54.025001,9.364801,2608,26.958712
DE,25596,Nienbüttel,Schleswig-Holstein,54.025001,9.364801,2608,26.958712
DE,25596,Wacken,Schleswig-Holstein,54.025001,9.364801,2608,26.958712
DE,25597,Breitenberg,Schleswig-Holstein,53.906486,9.634672,1032,24.526477
DE,25597,Kronsmoor,Schleswig-Holstein,53.906486,9.634672,1032,24.526477
DE,25597,Moordiek,Schleswig-Holstein,53.906486,9.634672,1032,24.526477
DE,25597,Westermoor,Schleswig-Holstein,53.906486,9.634672,1032,24.526477
DE,25599,Wewelsfleth,Schleswig-Holstein,53.847727,9.388237,1508,17.46641
DE,25693,Gudendorf,Schleswig-Holstein,53.990729,9.091096,4694,53.910433
DE,25693,"Sankt Michaelisdonn",Schleswig-Holstein,53.990729,9.091096,4694,53.910433
DE,25693,Trennewurth,Schleswig-Holstein,53.990729,9.091096,4694,53.910433
DE,25693,Volsemenhusen,Schleswig-Holstein,53.990729,9.091096,4694,53.910433
DE,25704,Bargenstedt,Schleswig-Holstein,54.096607,9.054888,11982,125.876672
DE,25704,Elpersbüttel,Schleswig-Holstein,54.096607,9.054888,11982,125.876672
DE,25704,Epenwöhrden,Schleswig-Holstein,54.096607,9.054888,11982,125.876672
DE,25704,Meldorf,Schleswig-Holstein,54.096607,9.054888,11982,125.876672
DE,25704,Nindorf,Schleswig-Holstein,54.096607,9.054888,11982,125.876672
DE,25704,Nordermeldorf,Schleswig-Holstein,54.096607,9.054888,11982,125.876672
DE,25704,Wolmersdorf,Schleswig-Holstein,54.096607,9.054888,11982,125.876672
DE,25709,Diekhusen-Fahrstedt,Schleswig-Holstein,53.963028,8.982454,9025,66.602566
DE,25709,Helse,Schleswig-Holstein,53.963028,8.982454,9025,66.602566
DE,25709,Kaiser-Wilhelm-Koog,Schleswig-Holstein,53.963028,8.982454,9025,66.602566
DE,25709,Kronprinzenkoog,Schleswig-Holstein,53.963028,8.982454,9025,66.602566
DE,25709,Marne,Schleswig-Holstein,53.963028,8.982454,9025,66.602566
DE,25709,Marnerdeich,Schleswig-Holstein,53.963028,8.982454,9025,66.602566
DE,25712,Brickeln,Schleswig-Holstein,53.996492,9.232283,8051,64.939577
DE,25712,Buchholz,Schleswig-Holstein,53.996492,9.232283,8051,64.939577
DE,25712,"Burg (Dithmarschen)",Schleswig-Holstein,53.996492,9.232283,8051,64.939577
DE,25712,Großenrade,Schleswig-Holstein,53.996492,9.232283,8051,64.939577
DE,25712,Hochdonn,Schleswig-Holstein,53.996492,9.232283,8051,64.939577
DE,25712,Kuden,Schleswig-Holstein,53.996492,9.232283,8051,64.939577
DE,25712,Quickborn,Schleswig-Holstein,53.996492,9.232283,8051,64.939577
DE,25715,Averlak,Schleswig-Holstein,53.948912,9.145978,2870,29.845689
DE,25715,Dingen,Schleswig-Holstein,53.948912,9.145978,2870,29.845689
DE,25715,Eddelak,Schleswig-Holstein,53.948912,9.145978,2870,29.845689
DE,25715,Ramhusen,Schleswig-Holstein,53.948912,9.145978,2870,29.845689
DE,25718,Friedrichskoog,Schleswig-Holstein,54.004883,8.899943,2556,51.892837
DE,25719,Barlt,Schleswig-Holstein,54.026236,9.041687,1082,32.93364
DE,25719,Busenwurth,Schleswig-Holstein,54.026236,9.041687,1082,32.93364
DE,25721,Eggstedt,Schleswig-Holstein,54.056766,9.262727,780,12.579539
DE,25724,Neufeld,Schleswig-Holstein,53.917854,9.014162,971,25.96004
DE,25724,Schmedeswurth,Schleswig-Holstein,53.917854,9.014162,971,25.96004
DE,25725,Schafstedt,Schleswig-Holstein,54.085599,9.296886,1390,22.09323
DE,25727,Frestedt,Schleswig-Holstein,54.055426,9.195149,1774,42.418671
DE,25727,Krumstedt,Schleswig-Holstein,54.055426,9.195149,1774,42.418671
DE,25727,Süderhastedt,Schleswig-Holstein,54.055426,9.195149,1774,42.418671
DE,25729,Windbergen,Schleswig-Holstein,54.04298,9.126974,851,17.116323
DE,25746,Heide,Schleswig-Holstein,54.195079,9.089011,25418,66.213742
DE,25746,Lohe-Rickelshof,Schleswig-Holstein,54.195079,9.089011,25418,66.213742
DE,25746,Norderwöhrden,Schleswig-Holstein,54.195079,9.089011,25418,66.213742
DE,25746,Ostrohe,Schleswig-Holstein,54.195079,9.089011,25418,66.213742
DE,25746,Wesseln,Schleswig-Holstein,54.195079,9.089011,25418,66.213742
DE,25761,Büsum,Schleswig-Holstein,54.159428,8.866826,6743,44.643603
DE,25761,"Büsumer Deichhausen",Schleswig-Holstein,54.159428,8.866826,6743,44.643603
DE,25761,Hedwigenkoog,Schleswig-Holstein,54.159428,8.866826,6743,44.643603
DE,25761,Oesterdeichstrich,Schleswig-Holstein,54.159428,8.866826,6743,44.643603
DE,25761,Warwerort,Schleswig-Holstein,54.159428,8.866826,6743,44.643603
DE,25761,Westerdeichstrich,Schleswig-Holstein,54.159428,8.866826,6743,44.643603
DE,25764,Friedrichsgabekoog,Schleswig-Holstein,54.213829,8.913059,5782,95.317058
DE,25764,Hellschen-Heringsand-Unterschaar,Schleswig-Holstein,54.213829,8.913059,5782,95.317058
DE,25764,Hillgroven,Schleswig-Holstein,54.213829,8.913059,5782,95.317058
DE,25764,Norddeich,Schleswig-Holstein,54.213829,8.913059,5782,95.317058
DE,25764,Oesterwurth,Schleswig-Holstein,54.213829,8.913059,5782,95.317058
DE,25764,Reinsbüttel,Schleswig-Holstein,54.213829,8.913059,5782,95.317058
DE,25764,Schülp,Schleswig-Holstein,54.213829,8.913059,5782,95.317058
DE,25764,Süderdeich,Schleswig-Holstein,54.213829,8.913059,5782,95.317058
DE,25764,Wesselburen,Schleswig-Holstein,54.213829,8.913059,5782,95.317058
DE,25764,"Wesselburener Deichhausen",Schleswig-Holstein,54.213829,8.913059,5782,95.317058
DE,25764,Wesselburenerkoog,Schleswig-Holstein,54.213829,8.913059,5782,95.317058
DE,25767,Albersdorf,Schleswig-Holstein,54.152077,9.312238,6206,96.451007
DE,25767,Arkebek,Schleswig-Holstein,54.152077,9.312238,6206,96.451007
DE,25767,Beldorf,Schleswig-Holstein,54.152077,9.312238,6206,96.451007
DE,25767,Bunsoh,Schleswig-Holstein,54.152077,9.312238,6206,96.451007
DE,25767,Immenstedt,Schleswig-Holstein,54.152077,9.312238,6206,96.451007
DE,25767,Offenbüttel,Schleswig-Holstein,54.152077,9.312238,6206,96.451007
DE,25767,Osterrade,Schleswig-Holstein,54.152077,9.312238,6206,96.451007
DE,25767,Tensbüttel-Röst,Schleswig-Holstein,54.152077,9.312238,6206,96.451007
DE,25767,Wennbüttel,Schleswig-Holstein,54.152077,9.312238,6206,96.451007
DE,25770,Hemmingstedt,Schleswig-Holstein,54.151693,9.087427,3330,20.666021
DE,25770,Lieth,Schleswig-Holstein,54.151693,9.087427,3330,20.666021
DE,25774,Groven,Schleswig-Holstein,54.310558,8.998863,4172,68.792642
DE,25774,Hemme,Schleswig-Holstein,54.310558,8.998863,4172,68.792642
DE,25774,Karolinenkoog,Schleswig-Holstein,54.310558,8.998863,4172,68.792642
DE,25774,Krempel,Schleswig-Holstein,54.310558,8.998863,4172,68.792642
DE,25774,Lehe,Schleswig-Holstein,54.310558,8.998863,4172,68.792642
DE,25774,Lunden,Schleswig-Holstein,54.310558,8.998863,4172,68.792642
DE,25776,Kleve,Schleswig-Holstein,54.323962,9.07402,936,35.843017
DE,25776,Lehe,Schleswig-Holstein,54.323962,9.07402,936,35.843017
DE,25776,Rehm-Flehde-Bargen,Schleswig-Holstein,54.323962,9.07402,936,35.843017
DE,25776,"Sankt Annen",Schleswig-Holstein,54.323962,9.07402,936,35.843017
DE,25779,Bergewöhrden,Schleswig-Holstein,54.286791,9.146752,3896,76.433287
DE,25779,Fedderingen,Schleswig-Holstein,54.286791,9.146752,3896,76.433287
DE,25779,Glüsing,Schleswig-Holstein,54.286791,9.146752,3896,76.433287
DE,25779,Hennstedt,Schleswig-Holstein,54.286791,9.146752,3896,76.433287
DE,25779,Kleve,Schleswig-Holstein,54.286791,9.146752,3896,76.433287
DE,25779,Norderheistedt,Schleswig-Holstein,54.286791,9.146752,3896,76.433287
DE,25779,Schlichting,Schleswig-Holstein,54.286791,9.146752,3896,76.433287
DE,25779,Süderheistedt,Schleswig-Holstein,54.286791,9.146752,3896,76.433287
DE,25779,Wiemerstedt,Schleswig-Holstein,54.286791,9.146752,3896,76.433287
DE,25782,Gaushorn,Schleswig-Holstein,54.216239,9.273591,4549,74.99459
DE,25782,Hövede,Schleswig-Holstein,54.216239,9.273591,4549,74.99459
DE,25782,Schalkholz,Schleswig-Holstein,54.216239,9.273591,4549,74.99459
DE,25782,Schrum,Schleswig-Holstein,54.216239,9.273591,4549,74.99459
DE,25782,Süderdorf,Schleswig-Holstein,54.216239,9.273591,4549,74.99459
DE,25782,Tellingstedt,Schleswig-Holstein,54.216239,9.273591,4549,74.99459
DE,25782,Welmbüttel,Schleswig-Holstein,54.216239,9.273591,4549,74.99459
DE,25782,Westerborstel,Schleswig-Holstein,54.216239,9.273591,4549,74.99459
DE,25785,Nordhastedt,Schleswig-Holstein,54.148196,9.182929,3800,51.139779
DE,25785,Odderade,Schleswig-Holstein,54.148196,9.182929,3800,51.139779
DE,25785,Sarzbüttel,Schleswig-Holstein,54.148196,9.182929,3800,51.139779
DE,25786,Dellstedt,Schleswig-Holstein,54.243032,9.388828,783,21.784484
DE,25788,Delve,Schleswig-Holstein,54.305628,9.241852,1081,27.439311
DE,25788,Hollingstedt,Schleswig-Holstein,54.305628,9.241852,1081,27.439311
DE,25788,Wallen,Schleswig-Holstein,54.305628,9.241852,1081,27.439311
DE,25791,Barkenholm,Schleswig-Holstein,54.246491,9.191752,1072,17.268963
DE,25791,Linden,Schleswig-Holstein,54.246491,9.191752,1072,17.268963
DE,25792,Neuenkirchen,Schleswig-Holstein,54.238592,8.999263,1149,29.740716
DE,25792,Strübbel,Schleswig-Holstein,54.238592,8.999263,1149,29.740716
DE,25794,Dörpling,Schleswig-Holstein,54.26649,9.330782,1998,31.228969
DE,25794,Pahlen,Schleswig-Holstein,54.26649,9.330782,1998,31.228969
DE,25794,Tielenhemme,Schleswig-Holstein,54.26649,9.330782,1998,31.228969
DE,25795,Stelle-Wittenwurth,Schleswig-Holstein,54.244635,9.079498,2813,28.303753
DE,25795,Weddingstedt,Schleswig-Holstein,54.244635,9.079498,2813,28.303753
DE,25797,Wöhrden,Schleswig-Holstein,54.160429,9.009279,1329,21.781458
DE,25799,Wrohm,Schleswig-Holstein,54.216179,9.402573,692,12.371547
DE,25813,Husum,Schleswig-Holstein,54.465293,9.058044,24116,90.364109
DE,25813,Schwesing,Schleswig-Holstein,54.465293,9.058044,24116,90.364109
DE,25813,Simonsberg,Schleswig-Holstein,54.465293,9.058044,24116,90.364109
DE,25813,Südermarsch,Schleswig-Holstein,54.465293,9.058044,24116,90.364109
DE,25821,Almdorf,Schleswig-Holstein,54.610848,8.955646,10341,102.073584
DE,25821,Bordelum,Schleswig-Holstein,54.610848,8.955646,10341,102.073584
DE,25821,Bredstedt,Schleswig-Holstein,54.610848,8.955646,10341,102.073584
DE,25821,Breklum,Schleswig-Holstein,54.610848,8.955646,10341,102.073584
DE,25821,Reußenköge,Schleswig-Holstein,54.610848,8.955646,10341,102.073584
DE,25821,Struckum,Schleswig-Holstein,54.610848,8.955646,10341,102.073584
DE,25821,Sönnebüll,Schleswig-Holstein,54.610848,8.955646,10341,102.073584
DE,25821,Vollstedt,Schleswig-Holstein,54.610848,8.955646,10341,102.073584
DE,25826,"Sankt Peter-Ording",Schleswig-Holstein,54.30668,8.63647,3932,44.778006
DE,25832,Kotzenbüll,Schleswig-Holstein,54.307835,8.888546,5206,52.752863
DE,25832,Tönning,Schleswig-Holstein,54.307835,8.888546,5206,52.752863
DE,25836,Garding,Schleswig-Holstein,54.344103,8.776701,4051,75.543798
DE,25836,Grothusenkoog,Schleswig-Holstein,54.344103,8.776701,4051,75.543798
DE,25836,Katharinenheerd,Schleswig-Holstein,54.344103,8.776701,4051,75.543798
DE,25836,"Kirchspiel Garding",Schleswig-Holstein,54.344103,8.776701,4051,75.543798
DE,25836,Osterhever,Schleswig-Holstein,54.344103,8.776701,4051,75.543798
DE,25836,Poppenbüll,Schleswig-Holstein,54.344103,8.776701,4051,75.543798
DE,25836,Vollerwiek,Schleswig-Holstein,54.344103,8.776701,4051,75.543798
DE,25836,Welt,Schleswig-Holstein,54.344103,8.776701,4051,75.543798
DE,25840,Drage,Schleswig-Holstein,54.385493,9.088434,3569,39.103113
DE,25840,Friedrichstadt,Schleswig-Holstein,54.385493,9.088434,3569,39.103113
DE,25840,Koldenbüttel,Schleswig-Holstein,54.385493,9.088434,3569,39.103113
DE,25842,Bargum,Schleswig-Holstein,54.68635,8.920316,4415,94.092652
DE,25842,Bordelum,Schleswig-Holstein,54.68635,8.920316,4415,94.092652
DE,25842,Langenhorn,Schleswig-Holstein,54.68635,8.920316,4415,94.092652
DE,25842,Lütjenholm,Schleswig-Holstein,54.68635,8.920316,4415,94.092652
DE,25842,Ockholm,Schleswig-Holstein,54.68635,8.920316,4415,94.092652
DE,25845,Elisabeth-Sophien-Koog,Schleswig-Holstein,54.500035,8.880038,2340,61.160821
DE,25845,Nordstrand,Schleswig-Holstein,54.500035,8.880038,2340,61.160821
DE,25849,Pellworm,Schleswig-Holstein,54.520936,8.647971,1232,38.220446
DE,25850,Behrendorf,Schleswig-Holstein,54.56047,9.248653,780,24.444111
DE,25850,Bondelum,Schleswig-Holstein,54.56047,9.248653,780,24.444111
DE,25852,Bordelum,Schleswig-Holstein,54.643924,8.921835,1554,22.048996
DE,25853,Ahrenshöft,Schleswig-Holstein,54.589264,9.068222,2520,39.613537
DE,25853,Bohmstedt,Schleswig-Holstein,54.589264,9.068222,2520,39.613537
DE,25853,Drelsdorf,Schleswig-Holstein,54.589264,9.068222,2520,39.613537
DE,25855,Haselund,Schleswig-Holstein,54.598477,9.181682,912,12.767353
DE,25856,Hattstedt,Schleswig-Holstein,54.541676,9.004827,3335,32.321426
DE,25856,Hattstedtermarsch,Schleswig-Holstein,54.541676,9.004827,3335,32.321426
DE,25856,Wobbenbüll,Schleswig-Holstein,54.541676,9.004827,3335,32.321426
DE,25858,Högel,Schleswig-Holstein,54.649212,9.065124,476,16.302575
DE,25859,"Hallig Hooge",Schleswig-Holstein,54.56796,8.544836,114,5.76825
DE,25860,Arlewatt,Schleswig-Holstein,54.528451,9.089162,1527,26.050103
DE,25860,Horstedt,Schleswig-Holstein,54.528451,9.089162,1527,26.050103
DE,25860,Olderup,Schleswig-Holstein,54.528451,9.089162,1527,26.050103
DE,25862,Goldebek,Schleswig-Holstein,54.66359,9.127468,1587,43.281647
DE,25862,Goldelund,Schleswig-Holstein,54.66359,9.127468,1587,43.281647
DE,25862,Joldelund,Schleswig-Holstein,54.66359,9.127468,1587,43.281647
DE,25862,Kolkerheide,Schleswig-Holstein,54.66359,9.127468,1587,43.281647
DE,25863,Langeneß,Schleswig-Holstein,54.637757,8.597297,112,10.166148
DE,25864,Löwenstedt,Schleswig-Holstein,54.631312,9.182475,655,19.719134
DE,25866,Mildstedt,Schleswig-Holstein,54.468945,9.112137,3816,8.835476
DE,25870,Norderfriedrichskoog,Schleswig-Holstein,54.368919,8.934858,1353,50.196914
DE,25870,Oldenswort,Schleswig-Holstein,54.368919,8.934858,1353,50.196914
DE,25872,"Ostenfeld (Husum)",Schleswig-Holstein,54.463206,9.251898,2347,47.502486
DE,25872,Wittbek,Schleswig-Holstein,54.463206,9.251898,2347,47.502486
DE,25873,Oldersbek,Schleswig-Holstein,54.449428,9.15463,2306,24.499195
DE,25873,Rantrum,Schleswig-Holstein,54.449428,9.15463,2306,24.499195
DE,25876,Fresendelf,Schleswig-Holstein,54.400802,9.199599,2235,36.780114
DE,25876,Hude,Schleswig-Holstein,54.400802,9.199599,2235,36.780114
DE,25876,Ramstedt,Schleswig-Holstein,54.400802,9.199599,2235,36.780114
DE,25876,Schwabstedt,Schleswig-Holstein,54.400802,9.199599,2235,36.780114
DE,25876,Wisch,Schleswig-Holstein,54.400802,9.199599,2235,36.780114
DE,25878,Drage,Schleswig-Holstein,54.359063,9.167285,1187,20.982479
DE,25878,Seeth,Schleswig-Holstein,54.359063,9.167285,1187,20.982479
DE,25879,Stapel,Schleswig-Holstein,54.351393,9.2375,1845,32.861346
DE,25881,Tating,Schleswig-Holstein,54.344094,8.694981,1201,52.653566
DE,25881,"Tümlauer Koog",Schleswig-Holstein,54.344094,8.694981,1201,52.653566
DE,25881,Westerhever,Schleswig-Holstein,54.344094,8.694981,1201,52.653566
DE,25882,Tetenbüll,Schleswig-Holstein,54.374625,8.836628,648,36.616003
DE,25884,Norstedt,Schleswig-Holstein,54.583348,9.165727,2757,43.567121
DE,25884,Sollwitt,Schleswig-Holstein,54.583348,9.165727,2757,43.567121
DE,25884,Viöl,Schleswig-Holstein,54.583348,9.165727,2757,43.567121
DE,25885,Ahrenviöl,Schleswig-Holstein,54.519716,9.217944,3094,61.491907
DE,25885,Ahrenviölfeld,Schleswig-Holstein,54.519716,9.217944,3094,61.491907
DE,25885,Immenstedt,Schleswig-Holstein,54.519716,9.217944,3094,61.491907
DE,25885,Oster-Ohrstedt,Schleswig-Holstein,54.519716,9.217944,3094,61.491907
DE,25885,Wester-Ohrstedt,Schleswig-Holstein,54.519716,9.217944,3094,61.491907
DE,25887,Winnert,Schleswig-Holstein,54.430475,9.231265,722,18.903524
DE,25889,Uelvesbüll,Schleswig-Holstein,54.409436,8.988544,1360,39.264641
DE,25889,Witzwort,Schleswig-Holstein,54.409436,8.988544,1360,39.264641
DE,25899,Bosbüll,Schleswig-Holstein,54.767849,8.79346,12393,139.642417
DE,25899,Dagebüll,Schleswig-Holstein,54.767849,8.79346,12393,139.642417
DE,25899,Galmsbüll,Schleswig-Holstein,54.767849,8.79346,12393,139.642417
DE,25899,Klixbüll,Schleswig-Holstein,54.767849,8.79346,12393,139.642417
DE,25899,Niebüll,Schleswig-Holstein,54.767849,8.79346,12393,139.642417
DE,25917,Achtrup,Schleswig-Holstein,54.763506,9.013115,11907,124.581933
DE,25917,Enge-Sande,Schleswig-Holstein,54.763506,9.013115,11907,124.581933
DE,25917,Leck,Schleswig-Holstein,54.763506,9.013115,11907,124.581933
DE,25917,Sprakebüll,Schleswig-Holstein,54.763506,9.013115,11907,124.581933
DE,25917,Stadum,Schleswig-Holstein,54.763506,9.013115,11907,124.581933
DE,25917,Tinningstedt,Schleswig-Holstein,54.763506,9.013115,11907,124.581933
DE,25920,Risum-Lindholm,Schleswig-Holstein,54.749313,8.867164,4510,49.966254
DE,25920,Stedesand,Schleswig-Holstein,54.749313,8.867164,4510,49.966254
DE,25923,Braderup,Schleswig-Holstein,54.860783,8.891741,4334,80.561526
DE,25923,Ellhöft,Schleswig-Holstein,54.860783,8.891741,4334,80.561526
DE,25923,Holm,Schleswig-Holstein,54.860783,8.891741,4334,80.561526
DE,25923,Humptrup,Schleswig-Holstein,54.860783,8.891741,4334,80.561526
DE,25923,Lexgaard,Schleswig-Holstein,54.860783,8.891741,4334,80.561526
DE,25923,Süderlügum,Schleswig-Holstein,54.860783,8.891741,4334,80.561526
DE,25923,Uphusum,Schleswig-Holstein,54.860783,8.891741,4334,80.561526
DE,25924,Emmelsbüll-Horsbüll,Schleswig-Holstein,54.852286,8.675606,2550,79.867814
DE,25924,Friedrich-Wilhelm-Lübke-Koog,Schleswig-Holstein,54.852286,8.675606,2550,79.867814
DE,25924,Klanxbüll,Schleswig-Holstein,54.852286,8.675606,2550,79.867814
DE,25924,Rodenäs,Schleswig-Holstein,54.852286,8.675606,2550,79.867814
DE,25926,Bramstedtlund,Schleswig-Holstein,54.845609,9.026376,2234,71.495756
DE,25926,Karlum,Schleswig-Holstein,54.845609,9.026376,2234,71.495756
DE,25926,Ladelund,Schleswig-Holstein,54.845609,9.026376,2234,71.495756
DE,25926,Westre,Schleswig-Holstein,54.845609,9.026376,2234,71.495756
DE,25927,Aventoft,Schleswig-Holstein,54.871055,8.769327,1722,46.958887
DE,25927,Neukirchen,Schleswig-Holstein,54.871055,8.769327,1722,46.958887
DE,25938,Alkersum,Schleswig-Holstein,54.717813,8.498815,8572,82.690307
DE,25938,Borgsum,Schleswig-Holstein,54.717813,8.498815,8572,82.690307
DE,25938,Dunsum,Schleswig-Holstein,54.717813,8.498815,8572,82.690307
DE,25938,Midlum,Schleswig-Holstein,54.717813,8.498815,8572,82.690307
DE,25938,Nieblum,Schleswig-Holstein,54.717813,8.498815,8572,82.690307
DE,25938,Oevenum,Schleswig-Holstein,54.717813,8.498815,8572,82.690307
DE,25938,Oldsum,Schleswig-Holstein,54.717813,8.498815,8572,82.690307
DE,25938,Süderende,Schleswig-Holstein,54.717813,8.498815,8572,82.690307
DE,25938,Utersum,Schleswig-Holstein,54.717813,8.498815,8572,82.690307
DE,25938,Witsum,Schleswig-Holstein,54.717813,8.498815,8572,82.690307
DE,25938,Wrixum,Schleswig-Holstein,54.717813,8.498815,8572,82.690307
DE,25938,"Wyk auf Föhr",Schleswig-Holstein,54.717813,8.498815,8572,82.690307
DE,25946,Nebel,Schleswig-Holstein,54.652243,8.343495,2316,28.698194
DE,25946,"Norddorf auf Amrum",Schleswig-Holstein,54.652243,8.343495,2316,28.698194
DE,25946,"Wittdün auf Amrum",Schleswig-Holstein,54.652243,8.343495,2316,28.698194
DE,25980,Sylt,Schleswig-Holstein,54.877675,8.358204,13840,63.973886
DE,25992,"List auf Sylt",Schleswig-Holstein,55.023787,8.401539,1554,21.217847
DE,25996,"Wenningstedt-Braderup (Sylt)",Schleswig-Holstein,54.935844,8.336736,1392,6.406712
DE,25997,"Hörnum (Sylt)",Schleswig-Holstein,54.769229,8.289092,904,7.008869
DE,25999,"Kampen (Sylt)",Schleswig-Holstein,54.964557,8.347395,522,9.142482
DE,26121,Oldenburg,Niedersachsen,53.15276,8.207128,14974,3.53511
DE,26122,Oldenburg,Niedersachsen,53.13735,8.208498,7094,3.012611
DE,26123,Oldenburg,Niedersachsen,53.152004,8.233496,12320,4.147758
DE,26125,Oldenburg,Niedersachsen,53.175774,8.255417,18920,26.398946
DE,26127,Oldenburg,Niedersachsen,53.172866,8.19534,23160,10.219132
DE,26129,Oldenburg,Niedersachsen,53.150774,8.166839,16077,8.451673
DE,26131,Oldenburg,Niedersachsen,53.12231,8.168098,20156,13.476227
DE,26133,Oldenburg,Niedersachsen,53.103974,8.221316,23512,10.949424
DE,26135,Oldenburg,Niedersachsen,53.12532,8.260386,21141,23.004423
DE,26160,"Bad Zwischenahn",Niedersachsen,53.182263,8.028295,27512,129.698407
DE,26169,Friesoythe,Niedersachsen,53.007646,7.843662,21066,247.243508
DE,26180,Rastede,Niedersachsen,53.26084,8.211027,21247,123.16867
DE,26180,Wiefelstede,Niedersachsen,53.26084,8.211027,21247,123.16867
DE,26188,Edewecht,Niedersachsen,53.11768,7.993336,21207,113.832495
DE,26197,Großenkneten,Niedersachsen,52.944385,8.232884,13676,175.891403
DE,26203,Wardenburg,Niedersachsen,53.052665,8.155667,15764,119.226814
DE,26209,Hatten,Niedersachsen,53.042459,8.321685,13778,102.948228
DE,26215,Wiefelstede,Niedersachsen,53.254214,8.105571,15387,106.583717
DE,26219,Bösel,Niedersachsen,53.025373,7.990259,7488,99.652933
DE,26316,Varel,Niedersachsen,53.388036,8.1172,23917,114.475393
DE,26340,Zetel,Niedersachsen,53.404038,7.946893,11767,81.981013
DE,26345,Bockhorn,Niedersachsen,53.378723,8.012266,8525,77.779774
DE,26349,Jade,Niedersachsen,53.35648,8.253284,5985,96.62652
DE,26382,Wilhelmshaven,Niedersachsen,53.517674,8.114102,19224,5.953832
DE,26384,Wilhelmshaven,Niedersachsen,53.536798,8.144091,14903,12.736877
DE,26386,Wilhelmshaven,Niedersachsen,53.554188,8.113608,13701,13.409834
DE,26388,Wilhelmshaven,Niedersachsen,53.592947,8.072399,16223,58.13214
DE,26389,Wilhelmshaven,Niedersachsen,53.528812,8.070014,13511,17.546021
DE,26409,Wittmund,Niedersachsen,53.585524,7.758746,20698,212.072958
DE,26419,Schortens,Niedersachsen,53.54558,7.964036,20443,68.565991
DE,26427,Dunum,Niedersachsen,53.639436,7.630664,14449,166.341789
DE,26427,Esens,Niedersachsen,53.639436,7.630664,14449,166.341789
DE,26427,Holtgast,Niedersachsen,53.639436,7.630664,14449,166.341789
DE,26427,Moorweg,Niedersachsen,53.639436,7.630664,14449,166.341789
DE,26427,Neuharlingersiel,Niedersachsen,53.639436,7.630664,14449,166.341789
DE,26427,Stedesdorf,Niedersachsen,53.639436,7.630664,14449,166.341789
DE,26427,Werdum,Niedersachsen,53.639436,7.630664,14449,166.341789
DE,26434,Wangerland,Niedersachsen,53.653587,7.932877,9382,175.745693
DE,26441,Jever,Niedersachsen,53.557128,7.880537,14086,42.591291
DE,26446,Friedeburg,Niedersachsen,53.455383,7.839741,10346,163.274303
DE,26452,Sande,Niedersachsen,53.491929,8.000029,9232,45.498907
DE,26465,Langeoog,Niedersachsen,53.746167,7.528661,1771,19.97149
DE,26474,Spiekeroog,Niedersachsen,53.770321,7.730134,796,17.48821
DE,26486,Wangerooge,Niedersachsen,53.778704,7.941152,1310,12.727063
DE,26487,Blomberg,Niedersachsen,53.570443,7.531819,2831,27.164164
DE,26487,Neuschoo,Niedersachsen,53.570443,7.531819,2831,27.164164
DE,26489,Ochtersum,Niedersachsen,53.61046,7.525507,928,10.625544
DE,26506,Norden,Niedersachsen,53.581274,7.179512,25136,106.245524
DE,26524,Berumbur,Niedersachsen,53.616254,7.284674,10887,70.619669
DE,26524,Hage,Niedersachsen,53.616254,7.284674,10887,70.619669
DE,26524,Hagermarsch,Niedersachsen,53.616254,7.284674,10887,70.619669
DE,26524,Halbemond,Niedersachsen,53.616254,7.284674,10887,70.619669
DE,26524,Lütetsburg,Niedersachsen,53.616254,7.284674,10887,70.619669
DE,26529,Leezdorf,Niedersachsen,53.514621,7.258078,13071,77.347932
DE,26529,Marienhafe,Niedersachsen,53.514621,7.258078,13071,77.347932
DE,26529,Osteel,Niedersachsen,53.514621,7.258078,13071,77.347932
DE,26529,Rechtsupweg,Niedersachsen,53.514621,7.258078,13071,77.347932
DE,26529,Upgant-Schott,Niedersachsen,53.514621,7.258078,13071,77.347932
DE,26529,Wirdum,Niedersachsen,53.514621,7.258078,13071,77.347932
DE,26532,Großheide,Niedersachsen,53.578125,7.378452,8634,69.309759
DE,26548,Norderney,Niedersachsen,53.713845,7.239351,5851,28.131887
DE,26553,Dornum,Niedersachsen,53.655714,7.415098,4551,76.509967
DE,26556,Eversmeer,Niedersachsen,53.583196,7.454684,5467,45.044501
DE,26556,Nenndorf,Niedersachsen,53.583196,7.454684,5467,45.044501
DE,26556,Schweindorf,Niedersachsen,53.583196,7.454684,5467,45.044501
DE,26556,Utarp,Niedersachsen,53.583196,7.454684,5467,45.044501
DE,26556,Westerholt,Niedersachsen,53.583196,7.454684,5467,45.044501
DE,26571,Juist,Niedersachsen,53.667734,6.95356,1540,22.935844
DE,26579,Baltrum,Niedersachsen,53.727483,7.401584,563,7.905775
DE,26603,Aurich,Niedersachsen,53.471995,7.485903,13502,6.714411
DE,26605,Aurich,Niedersachsen,53.462593,7.547475,15385,76.941932
DE,26607,Aurich,Niedersachsen,53.517538,7.540717,11984,113.52653
DE,26624,Südbrookmerland,Niedersachsen,53.472527,7.333398,18637,96.031255
DE,26629,Großefehn,Niedersachsen,53.395129,7.604891,13701,127.204658
DE,26632,Ihlow,Niedersachsen,53.400465,7.404974,12293,123.379459
DE,26639,Wiesmoor,Niedersachsen,53.410216,7.728005,12713,82.890465
DE,26655,Westerstede,Niedersachsen,53.261677,7.922506,22087,179.798816
DE,26670,Uplengen,Niedersachsen,53.309081,7.769227,11436,148.648467
DE,26676,Barßel,Niedersachsen,53.13809,7.783216,12512,84.363306
DE,26683,Saterland,Niedersachsen,53.087321,7.694022,13101,123.498528
DE,26689,Apen,Niedersachsen,53.208573,7.785859,11216,76.900164
DE,26721,Emden,Niedersachsen,53.38321,7.206904,16695,8.512236
DE,26723,Emden,Niedersachsen,53.358882,7.116496,13881,56.250737
DE,26725,Emden,Niedersachsen,53.359139,7.256463,19258,46.459127
DE,26736,Krummhörn,Niedersachsen,53.447207,7.09466,12692,157.751665
DE,26757,Borkum,Niedersachsen,53.59258,6.722491,5207,31.81017
DE,26759,Hinte,Niedersachsen,53.420204,7.210401,7006,48.551604
DE,26789,"Leer (Ostfriesland)",Niedersachsen,53.243759,7.461481,34071,69.962557
DE,26802,Moormerland,Niedersachsen,53.322156,7.436784,22642,121.936077
DE,26810,Westoverledingen,Niedersachsen,53.148015,7.444455,19845,112.000712
DE,26817,Rhauderfehn,Niedersachsen,53.122925,7.547586,17236,103.023782
DE,26826,Weener,Niedersachsen,53.163738,7.333705,15506,81.270424
DE,26831,Bunde,Niedersachsen,53.196129,7.249506,7577,102.439178
DE,26835,Brinkum,Niedersachsen,53.304689,7.606811,10496,84.295371
DE,26835,Firrel,Niedersachsen,53.304689,7.606811,10496,84.295371
DE,26835,Hesel,Niedersachsen,53.304689,7.606811,10496,84.295371
DE,26835,Holtland,Niedersachsen,53.304689,7.606811,10496,84.295371
DE,26835,Neukamperfehn,Niedersachsen,53.304689,7.606811,10496,84.295371
DE,26835,Schwerinsdorf,Niedersachsen,53.304689,7.606811,10496,84.295371
DE,26842,Ostrhauderfehn,Niedersachsen,53.146917,7.613631,10538,50.934867
DE,26844,Jemgum,Niedersachsen,53.276504,7.326423,3698,78.229253
DE,26845,Nortmoor,Niedersachsen,53.242722,7.562476,1613,15.178787
DE,26847,Detern,Niedersachsen,53.211403,7.638092,2688,43.182601
DE,26849,Filsum,Niedersachsen,53.249548,7.643489,2110,23.809394
DE,26871,Papenburg,Niedersachsen,53.056416,7.401858,35107,118.552609
DE,26892,Dörpen,Niedersachsen,52.966688,7.34131,10598,123.699844
DE,26892,Heede,Niedersachsen,52.966688,7.34131,10598,123.699844
DE,26892,Kluse,Niedersachsen,52.966688,7.34131,10598,123.699844
DE,26892,Lehe,Niedersachsen,52.966688,7.34131,10598,123.699844
DE,26892,Wippingen,Niedersachsen,52.966688,7.34131,10598,123.699844
DE,26897,Bockhorst,Niedersachsen,53.003444,7.626876,7780,87.881291
DE,26897,Breddenberg,Niedersachsen,53.003444,7.626876,7780,87.881291
DE,26897,Esterwegen,Niedersachsen,53.003444,7.626876,7780,87.881291
DE,26897,Hilkenbrook,Niedersachsen,53.003444,7.626876,7780,87.881291
DE,26899,"Rhede (Ems)",Niedersachsen,53.066912,7.25401,4217,74.875157
DE,26901,Lorup,Niedersachsen,52.931764,7.669378,4266,77.730787
DE,26901,Rastdorf,Niedersachsen,52.931764,7.669378,4266,77.730787
DE,26903,Surwold,Niedersachsen,52.991354,7.516848,4304,54.841658
DE,26904,Börger,Niedersachsen,52.927252,7.523353,2711,55.482484
DE,26906,Dersum,Niedersachsen,52.961775,7.24047,1540,28.592851
DE,26907,Walchum,Niedersachsen,52.928987,7.231395,1488,26.637356
DE,26909,Neubörger,Niedersachsen,52.978748,7.433996,2301,30.072357
DE,26909,Neulehe,Niedersachsen,52.978748,7.433996,2301,30.072357
DE,26919,Brake,Niedersachsen,53.332581,8.463035,15103,38.157325
DE,26931,Elsfleth,Niedersachsen,53.22296,8.388561,9235,114.719702
DE,26935,Stadland,Niedersachsen,53.408488,8.448035,4653,40.760477
DE,26936,Stadland,Niedersachsen,53.402092,8.352408,1477,36.627446
DE,26937,Stadland,Niedersachsen,53.4579,8.348253,1532,30.937576
DE,26939,Ovelgönne,Niedersachsen,53.313312,8.361416,5622,123.996554
DE,26954,Nordenham,Niedersachsen,53.494484,8.452824,26564,83.748324
DE,26969,Butjadingen,Niedersachsen,53.551897,8.336869,6401,132.437124
DE,27211,Bassum,Niedersachsen,52.854645,8.736728,15679,168.522108
DE,27232,Sulingen,Niedersachsen,52.674562,8.785616,12558,110.739311
DE,27239,Twistringen,Niedersachsen,52.793574,8.587618,12311,114.17158
DE,27243,Beckeln,Niedersachsen,52.907283,8.567748,11055,210.659913
DE,27243,Colnrade,Niedersachsen,52.907283,8.567748,11055,210.659913
DE,27243,Dünsen,Niedersachsen,52.907283,8.567748,11055,210.659913
DE,27243,"Groß Ippener",Niedersachsen,52.907283,8.567748,11055,210.659913
DE,27243,Harpstedt,Niedersachsen,52.907283,8.567748,11055,210.659913
DE,27243,Kirchseelte,Niedersachsen,52.907283,8.567748,11055,210.659913
DE,27243,Prinzhöfte,Niedersachsen,52.907283,8.567748,11055,210.659913
DE,27243,Winkelsett,Niedersachsen,52.907283,8.567748,11055,210.659913
DE,27245,Bahrenborstel,Niedersachsen,52.581997,8.816101,4924,95.383915
DE,27245,Barenburg,Niedersachsen,52.581997,8.816101,4924,95.383915
DE,27245,Kirchdorf,Niedersachsen,52.581997,8.816101,4924,95.383915
DE,27246,Borstel,Niedersachsen,52.665,8.960837,1314,31.235589
DE,27248,Ehrenburg,Niedersachsen,52.734722,8.684443,1557,49.11576
DE,27249,Maasen,Niedersachsen,52.69669,8.897199,1568,43.136814
DE,27249,Mellinghausen,Niedersachsen,52.69669,8.897199,1568,43.136814
DE,27251,Neuenkirchen,Niedersachsen,52.754089,8.755952,2065,35.167291
DE,27251,Scholen,Niedersachsen,52.754089,8.755952,2065,35.167291
DE,27252,Schwaförden,Niedersachsen,52.739779,8.839946,1575,26.362608
DE,27254,Siedenburg,Niedersachsen,52.706408,8.971989,1843,28.754606
DE,27254,Staffhorst,Niedersachsen,52.706408,8.971989,1843,28.754606
DE,27257,Affinghausen,Niedersachsen,52.790015,8.849232,1929,39.078985
DE,27257,Sudwalde,Niedersachsen,52.790015,8.849232,1929,39.078985
DE,27259,Freistatt,Niedersachsen,52.620767,8.692164,2991,82.040303
DE,27259,Varrel,Niedersachsen,52.620767,8.692164,2991,82.040303
DE,27259,Wehrbleck,Niedersachsen,52.620767,8.692164,2991,82.040303
DE,27283,"Verden (Aller)",Niedersachsen,52.937396,9.236108,26656,71.732989
DE,27299,Langwedel,Niedersachsen,52.99969,9.18285,14573,76.331563
DE,27305,Bruchhausen-Vilsen,Niedersachsen,52.822232,8.954881,8937,109.728519
DE,27308,Kirchlinteln,Niedersachsen,52.929312,9.361035,10213,174.477754
DE,27313,Dörverden,Niedersachsen,52.842647,9.268197,9130,83.437879
DE,27318,Hilgermissen,Niedersachsen,52.842694,9.133669,7036,85.493456
DE,27318,Hoya,Niedersachsen,52.842694,9.133669,7036,85.493456
DE,27318,Hoyerhagen,Niedersachsen,52.842694,9.133669,7036,85.493456
DE,27321,Emtinghausen,Niedersachsen,52.950136,9.021097,9348,86.988855
DE,27321,Thedinghausen,Niedersachsen,52.950136,9.021097,9348,86.988855
DE,27324,Eystrup,Niedersachsen,52.782171,9.239124,6346,59.307279
DE,27324,Gandesbergen,Niedersachsen,52.782171,9.239124,6346,59.307279
DE,27324,"Hassel (Weser)",Niedersachsen,52.782171,9.239124,6346,59.307279
DE,27324,Hämelhausen,Niedersachsen,52.782171,9.239124,6346,59.307279
DE,27327,Martfeld,Niedersachsen,52.884586,9.044593,5262,59.341537
DE,27327,Schwarme,Niedersachsen,52.884586,9.044593,5262,59.341537
DE,27330,Asendorf,Niedersachsen,52.758685,9.000393,3106,58.226456
DE,27333,Bücken,Niedersachsen,52.76284,9.117046,3884,67.20542
DE,27333,Schweringen,Niedersachsen,52.76284,9.117046,3884,67.20542
DE,27333,Warpe,Niedersachsen,52.76284,9.117046,3884,67.20542
DE,27336,Frankenfeld,Niedersachsen,52.76771,9.391162,3734,71.965337
DE,27336,Häuslingen,Niedersachsen,52.76771,9.391162,3734,71.965337
DE,27336,"Rethem (Aller)",Niedersachsen,52.76771,9.391162,3734,71.965337
DE,27337,Blender,Niedersachsen,52.928676,9.136596,2925,38.366395
DE,27339,Riede,Niedersachsen,52.966676,8.939717,2724,27.040487
DE,27356,Rotenburg,Niedersachsen,53.11457,9.368256,21131,99.095531
DE,27367,Ahausen,Niedersachsen,53.10755,9.252037,14320,172.880182
DE,27367,Bötersen,Niedersachsen,53.10755,9.252037,14320,172.880182
DE,27367,Hassendorf,Niedersachsen,53.10755,9.252037,14320,172.880182
DE,27367,Hellwege,Niedersachsen,53.10755,9.252037,14320,172.880182
DE,27367,Horstedt,Niedersachsen,53.10755,9.252037,14320,172.880182
DE,27367,Reeßum,Niedersachsen,53.10755,9.252037,14320,172.880182
DE,27367,Sottrum,Niedersachsen,53.10755,9.252037,14320,172.880182
DE,27374,Visselhövede,Niedersachsen,52.992908,9.555364,10224,159.199543
DE,27383,Scheeßel,Niedersachsen,53.163654,9.490657,13095,150.02975
DE,27386,Bothel,Niedersachsen,53.059804,9.482595,8301,148.636641
DE,27386,Brockel,Niedersachsen,53.059804,9.482595,8301,148.636641
DE,27386,Hemsbünde,Niedersachsen,53.059804,9.482595,8301,148.636641
DE,27386,Hemslingen,Niedersachsen,53.059804,9.482595,8301,148.636641
DE,27386,Kirchwalsede,Niedersachsen,53.059804,9.482595,8301,148.636641
DE,27386,Westerwalsede,Niedersachsen,53.059804,9.482595,8301,148.636641
DE,27389,Fintel,Niedersachsen,53.201901,9.598596,7388,122.028778
DE,27389,Helvesiek,Niedersachsen,53.201901,9.598596,7388,122.028778
DE,27389,Lauenbrück,Niedersachsen,53.201901,9.598596,7388,122.028778
DE,27389,Stemmen,Niedersachsen,53.201901,9.598596,7388,122.028778
DE,27389,Vahlde,Niedersachsen,53.201901,9.598596,7388,122.028778
DE,27404,Elsdorf,Niedersachsen,53.286997,9.288534,25698,325.050557
DE,27404,Gyhum,Niedersachsen,53.286997,9.288534,25698,325.050557
DE,27404,Heeslingen,Niedersachsen,53.286997,9.288534,25698,325.050557
DE,27404,Ostereistedt,Niedersachsen,53.286997,9.288534,25698,325.050557
DE,27404,Rhade,Niedersachsen,53.286997,9.288534,25698,325.050557
DE,27404,Seedorf,Niedersachsen,53.286997,9.288534,25698,325.050557
DE,27404,Zeven,Niedersachsen,53.286997,9.288534,25698,325.050557
DE,27412,Breddorf,Niedersachsen,53.237383,9.102795,10845,183.329605
DE,27412,Bülstedt,Niedersachsen,53.237383,9.102795,10845,183.329605
DE,27412,Hepstedt,Niedersachsen,53.237383,9.102795,10845,183.329605
DE,27412,Kirchtimke,Niedersachsen,53.237383,9.102795,10845,183.329605
DE,27412,Tarmstedt,Niedersachsen,53.237383,9.102795,10845,183.329605
DE,27412,Vorwerk,Niedersachsen,53.237383,9.102795,10845,183.329605
DE,27412,Westertimke,Niedersachsen,53.237383,9.102795,10845,183.329605
DE,27412,Wilstedt,Niedersachsen,53.237383,9.102795,10845,183.329605
DE,27419,"Groß Meckelsen",Niedersachsen,53.303065,9.506764,10956,138.922173
DE,27419,Hamersen,Niedersachsen,53.303065,9.506764,10956,138.922173
DE,27419,Kalbe,Niedersachsen,53.303065,9.506764,10956,138.922173
DE,27419,"Klein Meckelsen",Niedersachsen,53.303065,9.506764,10956,138.922173
DE,27419,Lengenbostel,Niedersachsen,53.303065,9.506764,10956,138.922173
DE,27419,Sittensen,Niedersachsen,53.303065,9.506764,10956,138.922173
DE,27419,Tiste,Niedersachsen,53.303065,9.506764,10956,138.922173
DE,27419,Vierden,Niedersachsen,53.303065,9.506764,10956,138.922173
DE,27419,Wohnste,Niedersachsen,53.303065,9.506764,10956,138.922173
DE,27432,Alfstedt,Niedersachsen,53.492061,9.094255,25398,291.434759
DE,27432,Basdahl,Niedersachsen,53.492061,9.094255,25398,291.434759
DE,27432,Bremervörde,Niedersachsen,53.492061,9.094255,25398,291.434759
DE,27432,Ebersdorf,Niedersachsen,53.492061,9.094255,25398,291.434759
DE,27432,Hipstedt,Niedersachsen,53.492061,9.094255,25398,291.434759
DE,27432,Oerel,Niedersachsen,53.492061,9.094255,25398,291.434759
DE,27442,Gnarrenburg,Niedersachsen,53.379341,9.023159,9428,123.746336
DE,27446,Anderlingen,Niedersachsen,53.397672,9.233304,6649,154.862613
DE,27446,Deinstedt,Niedersachsen,53.397672,9.233304,6649,154.862613
DE,27446,Farven,Niedersachsen,53.397672,9.233304,6649,154.862613
DE,27446,Sandbostel,Niedersachsen,53.397672,9.233304,6649,154.862613
DE,27446,Selsingen,Niedersachsen,53.397672,9.233304,6649,154.862613
DE,27449,Kutenholz,Niedersachsen,53.489953,9.315227,4776,67.95304
DE,27472,Cuxhaven,Niedersachsen,53.85314,8.710295,12244,10.038294
DE,27474,Cuxhaven,Niedersachsen,53.857453,8.67702,14522,7.087671
DE,27476,Cuxhaven,Niedersachsen,53.848248,8.621378,10106,44.643605
DE,27478,Cuxhaven,Niedersachsen,53.805062,8.729792,12310,98.721139
DE,27498,Helgoland,Schleswig-Holstein,54.183335,7.894813,1407,1.72151
DE,27499,Hamburg,Hamburg,53.938181,8.465463,8,7.62113
DE,27568,Bremen,Bremen,53.568712,8.55986,15910,10.309104
DE,27568,Bremerhaven,Bremen,53.568712,8.55986,15910,10.309104
DE,27570,Bremerhaven,Bremen,53.537799,8.594211,20327,4.933944
DE,27572,Bremerhaven,Bremen,53.498503,8.56831,10600,24.083972
DE,27574,Bremerhaven,Bremen,53.528961,8.624587,15190,13.663454
DE,27576,Bremerhaven,Bremen,53.5595,8.604991,12324,5.659892
DE,27578,Bremerhaven,Bremen,53.590879,8.619877,21252,8.65258
DE,27580,Bremerhaven,Bremen,53.589293,8.563862,12452,11.852745
DE,27607,Geestland,Niedersachsen,53.659688,8.657819,18514,121.590838
DE,27612,Loxstedt,Niedersachsen,53.456247,8.618212,15962,137.482088
DE,27616,Beverstedt,Niedersachsen,53.440591,8.826994,13814,198.04577
DE,27619,Schiffdorf,Niedersachsen,53.540452,8.73216,13839,113.425193
DE,27624,Geestland,Niedersachsen,53.597682,8.840515,12324,234.605263
DE,27628,"Hagen im Bremischen",Niedersachsen,53.348721,8.626166,11173,195.184451
DE,27639,"Wurster Nordseeküste",Niedersachsen,53.720257,8.582084,17093,179.92406
DE,27711,Osterholz-Scharmbeck,Niedersachsen,53.255754,8.792462,30365,147.177578
DE,27721,Ritterhude,Niedersachsen,53.192427,8.729148,14606,32.937412
DE,27726,Worpswede,Niedersachsen,53.25142,8.946423,9311,79.600464
DE,27729,Axstedt,Niedersachsen,53.334066,8.854885,11913,135.176112
DE,27729,Hambergen,Niedersachsen,53.334066,8.854885,11913,135.176112
DE,27729,Holste,Niedersachsen,53.334066,8.854885,11913,135.176112
DE,27729,Lübberstedt,Niedersachsen,53.334066,8.854885,11913,135.176112
DE,27729,Vollersode,Niedersachsen,53.334066,8.854885,11913,135.176112
DE,27749,Delmenhorst,Niedersachsen,53.048296,8.639681,12536,3.558248
DE,27751,Delmenhorst,Niedersachsen,53.067252,8.669579,20342,30.585331
DE,27753,Delmenhorst,Niedersachsen,53.054397,8.611461,23631,9.359224
DE,27755,Delmenhorst,Niedersachsen,53.018783,8.625432,16876,18.93833
DE,27777,Ganderkesee,Niedersachsen,53.048692,8.534662,30450,138.821141
DE,27793,Wildeshausen,Niedersachsen,52.879732,8.403623,18914,89.58885
DE,27798,Hatten,Niedersachsen,53.106774,8.391721,15925,124.830757
DE,27798,"Hude (Oldenburg)",Niedersachsen,53.106774,8.391721,15925,124.830757
DE,27801,Dötlingen,Niedersachsen,52.965739,8.419722,6197,101.870639
DE,27804,Berne,Niedersachsen,53.166264,8.476808,7063,85.110075
DE,27809,Lemwerder,Niedersachsen,53.136764,8.596536,7015,36.405245
DE,28195,Bremen,Bremen,53.080419,8.805176,9007,2.237952
DE,28197,Bremen,Bremen,53.096669,8.714671,15158,31.546532
DE,28199,Bremen,Bremen,53.057746,8.788271,19837,8.351775
DE,28201,Bremen,Bremen,53.059483,8.814598,23643,4.998089
DE,28203,Bremen,Bremen,53.074225,8.825013,22790,1.788524
DE,28205,Bremen,Bremen,53.069116,8.84464,15457,2.376749
DE,28207,Bremen,Bremen,53.06554,8.866067,10071,2.842038
DE,28209,Bremen,Bremen,53.087161,8.829131,10964,2.306465
DE,28211,Bremen,Bremen,53.08222,8.854623,13437,2.442549
DE,28213,Bremen,Bremen,53.097309,8.841819,12077,4.044656
DE,28215,Bremen,Bremen,53.095458,8.810867,25442,2.702165
DE,28217,Bremen,Bremen,53.09486,8.77453,14252,5.513327
DE,28219,Bremen,Bremen,53.111115,8.796044,13533,7.964036
DE,28237,Bremen,Bremen,53.128657,8.719317,16668,18.617005
DE,28239,Bremen,Bremen,53.133692,8.742776,17789,5.712564
DE,28259,Bremen,Bremen,53.0558,8.736647,28992,13.722219
DE,28277,Bremen,Bremen,53.038426,8.81861,17528,5.743773
DE,28279,Bremen,Bremen,53.039995,8.849692,17607,10.165913
DE,28307,Bremen,Bremen,53.037533,8.933662,16440,17.603832
DE,28309,Bremen,Bremen,53.046407,8.892507,17460,13.40185
DE,28325,Bremen,Bremen,53.068721,8.949843,23043,5.161011
DE,28327,Bremen,Bremen,53.072287,8.918298,16987,3.657002
DE,28329,Bremen,Bremen,53.078401,8.885224,22427,5.085637
DE,28355,Bremen,Bremen,53.098009,8.934952,11788,18.051647
DE,28357,Bremen,Bremen,53.132017,8.872869,20688,42.665191
DE,28359,Bremen,Bremen,53.102586,8.86318,13045,7.033329
DE,28717,Bremen,Bremen,53.171567,8.692208,12890,4.602112
DE,28719,Bremen,Bremen,53.151571,8.709482,14499,30.919119
DE,28755,Bremen,Bremen,53.18421,8.613574,15036,5.477492
DE,28757,Bremen,Bremen,53.177767,8.635517,12130,4.518648
DE,28759,Bremen,Bremen,53.167325,8.653699,11004,4.652448
DE,28777,Bremen,Bremen,53.206527,8.526145,13251,14.335769
DE,28779,Bremen,Bremen,53.196009,8.576003,17695,8.199387
DE,28790,Schwanewede,Niedersachsen,53.249918,8.586333,19648,131.953681
DE,28816,Stuhr,Niedersachsen,52.997922,8.726403,32449,81.758993
DE,28832,Achim,Niedersachsen,53.0206,9.039977,29539,67.994086
DE,28844,Weyhe,Niedersachsen,52.988737,8.850833,30011,60.283261
DE,28857,Syke,Niedersachsen,52.910079,8.846333,23728,128.001167
DE,28865,Lilienthal,Niedersachsen,53.168727,8.896418,18093,72.468509
DE,28870,Ottersberg,Niedersachsen,53.109649,9.109774,12244,99.663137
DE,28876,Oyten,Niedersachsen,53.072567,9.049761,15270,63.23085
DE,28879,Grasberg,Niedersachsen,53.180947,9.010556,7634,55.59397
DE,29221,Celle,Niedersachsen,52.616828,10.082474,14908,6.43705
DE,29223,Celle,Niedersachsen,52.633915,10.096489,15317,32.537147
DE,29225,Celle,Niedersachsen,52.607928,10.023698,15193,21.552049
DE,29227,Celle,Niedersachsen,52.594282,10.112098,13032,29.483015
DE,29229,Celle,Niedersachsen,52.678291,10.100568,10631,92.021523
DE,29229,"Winsen (Aller)",Niedersachsen,52.678291,10.100568,10631,92.021523
DE,29303,Bergen,Niedersachsen,52.794688,9.960586,13829,264.264129
DE,29303,Lohheide,Niedersachsen,52.794688,9.960586,13829,264.264129
DE,29308,"Winsen (Aller)",Niedersachsen,52.700369,9.879046,12737,149.747264
DE,29313,Hambühren,Niedersachsen,52.62186,9.941672,10075,56.817484
DE,29320,Südheide,Niedersachsen,52.825284,10.096996,8175,109.956774
DE,29323,Wietze,Niedersachsen,52.642972,9.818669,8072,64.568276
DE,29328,Faßberg,Niedersachsen,52.884991,10.181482,6337,102.122978
DE,29331,Lachendorf,Niedersachsen,52.626976,10.247761,5923,38.377449
DE,29336,Nienhagen,Niedersachsen,52.542667,10.09994,6400,17.601458
DE,29339,Wathlingen,Niedersachsen,52.525358,10.144184,6151,17.635506
DE,29342,Wienhausen,Niedersachsen,52.578495,10.204045,4197,40.44264
DE,29345,Südheide,Niedersachsen,52.824154,10.27072,3683,76.873186
DE,29348,Eschede,Niedersachsen,52.756946,10.282492,4516,158.691988
DE,29351,Eldingen,Niedersachsen,52.671573,10.344512,2114,57.331741
DE,29352,Adelheidsdorf,Niedersachsen,52.56057,10.030599,2488,33.316471
DE,29353,Ahnsbeck,Niedersachsen,52.608197,10.294217,1659,20.644934
DE,29355,Beedenbostel,Niedersachsen,52.653486,10.256508,1013,12.719403
DE,29356,Bröckel,Niedersachsen,52.51589,10.219597,1791,16.384982
DE,29358,Eicklingen,Niedersachsen,52.546269,10.198471,3198,22.9347
DE,29359,Eschede,Niedersachsen,52.704196,10.210431,744,15.824215
DE,29361,Eschede,Niedersachsen,52.679167,10.231325,923,22.028364
DE,29362,Hohne,Niedersachsen,52.592288,10.36114,1706,36.53609
DE,29364,Langlingen,Niedersachsen,52.544731,10.295278,2270,33.45205
DE,29365,Sprakensehl,Niedersachsen,52.78542,10.494282,1266,84.148517
DE,29367,Steinhorst,Niedersachsen,52.713501,10.423911,1319,57.696946
DE,29369,Ummern,Niedersachsen,52.587075,10.442742,1567,40.48203
DE,29378,Wittingen,Niedersachsen,52.690993,10.766805,8212,171.164889
DE,29379,Wittingen,Niedersachsen,52.661974,10.694179,3529,55.143339
DE,29386,Dedelstorf,Niedersachsen,52.716383,10.575707,6591,148.418572
DE,29386,Hankensbüttel,Niedersachsen,52.716383,10.575707,6591,148.418572
DE,29386,Obernholz,Niedersachsen,52.716383,10.575707,6591,148.418572
DE,29389,"Bad Bodenteich",Niedersachsen,52.843732,10.695458,3802,50.109233
DE,29392,Wesendorf,Niedersachsen,52.587175,10.536241,5009,31.392461
DE,29393,"Groß Oesingen",Niedersachsen,52.644574,10.462953,1939,57.491277
DE,29394,Lüder,Niedersachsen,52.804315,10.657011,1280,56.100492
DE,29396,Schönewörde,Niedersachsen,52.625009,10.648545,912,17.7501
DE,29399,Wahrenholz,Niedersachsen,52.609695,10.60096,3711,57.939534
DE,29410,Salzwedel,Sachsen-Anhalt,52.841649,11.142011,24755,306.146515
DE,29413,Diesdorf,Sachsen-Anhalt,52.779139,10.888605,4980,224.580451
DE,29413,Dähre,Sachsen-Anhalt,52.779139,10.888605,4980,224.580451
DE,29413,Wallstawe,Sachsen-Anhalt,52.779139,10.888605,4980,224.580451
DE,29416,Kuhfelde,Sachsen-Anhalt,52.766677,11.087303,1180,45.567458
DE,29439,Lüchow,Niedersachsen,52.984834,11.15913,9496,90.134255
DE,29451,"Dannenberg (Elbe)",Niedersachsen,53.093956,11.10452,8102,77.021072
DE,29456,"Hitzacker (Elbe)",Niedersachsen,53.158276,10.993161,5013,57.443177
DE,29459,Clenze,Niedersachsen,52.949942,10.930988,2375,72.205864
DE,29462,Wustrow,Niedersachsen,52.925724,11.110655,2888,30.505985
DE,29465,Schnega,Niedersachsen,52.889467,10.868158,1385,55.202991
DE,29468,"Bergen an der Dumme",Niedersachsen,52.888854,10.946549,1608,24.885385
DE,29471,Gartow,Niedersachsen,53.011324,11.436207,1359,64.963339
DE,29472,Damnatz,Niedersachsen,53.142391,11.163882,322,15.772605
DE,29473,Göhrde,Niedersachsen,53.119188,10.882043,646,93.651077
DE,29475,Gorleben,Niedersachsen,53.038145,11.370752,639,21.341154
DE,29476,Gusborn,Niedersachsen,53.077346,11.197673,1247,48.393452
DE,29478,Höhbeck,Niedersachsen,53.058461,11.433847,653,19.401917
DE,29479,Jameln,Niedersachsen,53.044423,11.05627,1065,35.502332
DE,29481,Karwitz,Niedersachsen,53.086428,10.990497,742,31.122926
DE,29482,Küsten,Niedersachsen,52.994533,11.049949,1383,43.108164
DE,29484,Langendorf,Niedersachsen,53.084576,11.263026,721,41.746945
DE,29485,Lemgow,Niedersachsen,52.912774,11.32251,1401,64.505778
DE,29487,"Luckau (Wendland)",Niedersachsen,52.934413,11.034098,652,20.696879
DE,29488,Lübbow,Niedersachsen,52.914929,11.206832,836,19.786454
DE,29490,"Neu Darchau",Niedersachsen,53.210842,10.905219,1441,23.692289
DE,29491,Prezelle,Niedersachsen,52.956537,11.411906,492,57.478
DE,29493,Schnackenburg,Niedersachsen,53.027763,11.539032,592,23.301416
DE,29494,Trebel,Niedersachsen,53.005819,11.289164,946,66.720965
DE,29496,Waddeweitz,Niedersachsen,53.001981,10.956821,918,49.796368
DE,29497,Woltersdorf,Niedersachsen,52.953756,11.244753,958,27.995529
DE,29499,Zernien,Niedersachsen,53.059029,10.904707,1583,51.606642
DE,29525,Uelzen,Niedersachsen,52.970298,10.567767,33638,136.734175
DE,29549,"Bad Bevensen",Niedersachsen,53.073223,10.589012,8757,48.233666
DE,29553,Bienenbüttel,Niedersachsen,53.139416,10.483982,6701,99.360953
DE,29556,Suderburg,Niedersachsen,52.876622,10.424994,4625,128.510415
DE,29559,Wrestedt,Niedersachsen,52.887396,10.611233,6799,141.209006
DE,29562,Suhlendorf,Niedersachsen,52.939305,10.776565,2596,61.554296
DE,29565,Wriedel,Niedersachsen,53.029436,10.248496,2440,123.789377
DE,29571,Rosche,Niedersachsen,52.998637,10.798891,2116,71.942897
DE,29574,Ebstorf,Niedersachsen,53.023728,10.416863,5445,26.636914
DE,29575,Altenmedingen,Niedersachsen,53.146274,10.620527,1565,48.346671
DE,29576,Barum,Niedersachsen,53.044573,10.526868,816,22.367043
DE,29578,Eimke,Niedersachsen,52.929328,10.313935,845,86.155944
DE,29579,Emmendorf,Niedersachsen,53.029043,10.572379,757,10.9784
DE,29581,Gerdau,Niedersachsen,52.963557,10.422805,1524,36.876382
DE,29582,Hanstedt,Niedersachsen,53.067283,10.361941,945,56.305183
DE,29584,Himbergen,Niedersachsen,53.104328,10.719265,1771,39.904909
DE,29585,Jelmstorf,Niedersachsen,53.10387,10.531625,789,13.918201
DE,29587,Natendorf,Niedersachsen,53.062032,10.459035,816,34.55786
DE,29588,Oetzen,Niedersachsen,53.014712,10.697092,1185,31.113977
DE,29590,Rätzlingen,Niedersachsen,52.976947,10.673118,493,8.516975
DE,29591,Römstedt,Niedersachsen,53.099179,10.654695,802,19.201135
DE,29593,Schwienau,Niedersachsen,52.993556,10.398673,729,31.466287
DE,29594,Soltendieck,Niedersachsen,52.869154,10.77671,1038,34.147609
DE,29597,Stoetze,Niedersachsen,53.055176,10.799172,660,38.217162
DE,29599,Weste,Niedersachsen,53.052971,10.698147,1015,25.429495
DE,29614,Soltau,Niedersachsen,52.995848,9.856708,21285,203.819721
DE,29633,Munster,Niedersachsen,52.986122,10.108654,14839,174.777707
DE,29640,Schneverdingen,Niedersachsen,53.126299,9.803704,18845,236.761221
DE,29643,Neuenkirchen,Niedersachsen,53.050698,9.697957,5665,97.204317
DE,29646,Bispingen,Niedersachsen,53.11701,9.994004,6321,128.730147
DE,29649,Wietzendorf,Niedersachsen,52.927924,9.985279,4104,107.481036
DE,29664,Osterheide,Niedersachsen,52.83186,9.599638,23736,351.913307
DE,29664,Walsrode,Niedersachsen,52.83186,9.599638,23736,351.913307
DE,29683,"Bad Fallingbostel",Niedersachsen,52.883286,9.775577,11356,162.646029
DE,29683,Osterheide,Niedersachsen,52.883286,9.775577,11356,162.646029
DE,29690,"Buchholz (Aller)",Niedersachsen,52.682965,9.631101,12933,156.479535
DE,29690,Essel,Niedersachsen,52.682965,9.631101,12933,156.479535
DE,29690,Gilten,Niedersachsen,52.682965,9.631101,12933,156.479535
DE,29690,Grethem,Niedersachsen,52.682965,9.631101,12933,156.479535
DE,29690,Lindwedel,Niedersachsen,52.682965,9.631101,12933,156.479535
DE,29690,Schwarmstedt,Niedersachsen,52.682965,9.631101,12933,156.479535
DE,29693,Ahlden,Niedersachsen,52.762844,9.542662,7274,105.90706
DE,29693,Böhme,Niedersachsen,52.762844,9.542662,7274,105.90706
DE,29693,Eickeloh,Niedersachsen,52.762844,9.542662,7274,105.90706
DE,29693,Hademstorf,Niedersachsen,52.762844,9.542662,7274,105.90706
DE,29693,Hodenhagen,Niedersachsen,52.762844,9.542662,7274,105.90706
DE,29699,Walsrode,Niedersachsen,52.920453,9.653501,7069,63.779727
DE,30159,Hannover,Niedersachsen,52.374293,9.739054,8716,1.940789
DE,30161,Hannover,Niedersachsen,52.384374,9.744703,25332,1.78944
DE,30163,Hannover,Niedersachsen,52.398321,9.746887,22293,2.598734
DE,30165,Hannover,Niedersachsen,52.402799,9.720022,22608,4.964341
DE,30167,Hannover,Niedersachsen,52.385387,9.711714,17777,4.343813
DE,30169,Hannover,Niedersachsen,52.364105,9.733378,9987,3.017907
DE,30171,Hannover,Niedersachsen,52.365772,9.755287,16147,1.133253
DE,30173,Hannover,Niedersachsen,52.357518,9.762476,18825,4.645755
DE,30175,Hannover,Niedersachsen,52.379461,9.766782,6569,3.245994
DE,30177,Hannover,Niedersachsen,52.395201,9.769469,13871,3.57673
DE,30179,Hannover,Niedersachsen,52.417264,9.746761,15501,8.300597
DE,30419,Hannover,Niedersachsen,52.412344,9.666572,40538,23.771402
DE,30449,Hannover,Niedersachsen,52.361549,9.713005,19086,2.639086
DE,30451,Hannover,Niedersachsen,52.37446,9.706079,15676,1.024989
DE,30453,Hannover,Niedersachsen,52.370729,9.683683,18707,9.311034
DE,30455,Hannover,Niedersachsen,52.360023,9.666065,21257,6.506047
DE,30457,Hannover,Niedersachsen,52.330146,9.690617,18096,6.087231
DE,30459,Hannover,Niedersachsen,52.341257,9.722267,22904,7.144016
DE,30519,Hannover,Niedersachsen,52.337101,9.775649,31373,12.115243
DE,30521,Hannover,Niedersachsen,52.324074,9.804955,32,1.602057
DE,30539,Hannover,Niedersachsen,52.329423,9.842056,19961,19.216236
DE,30559,Hannover,Niedersachsen,52.362257,9.847534,21419,19.489658
DE,30625,Hannover,Niedersachsen,52.376589,9.801336,17607,8.887475
DE,30627,Hannover,Niedersachsen,52.386831,9.825143,15677,3.389486
DE,30629,Hannover,Niedersachsen,52.396923,9.864785,15907,14.66183
DE,30655,Hannover,Niedersachsen,52.401205,9.803737,18547,4.442424
DE,30657,Hannover,Niedersachsen,52.432952,9.790953,16132,12.801786
DE,30659,Hannover,Niedersachsen,52.417046,9.835754,16005,11.254758
DE,30823,Garbsen,Niedersachsen,52.417651,9.58443,26279,12.529529
DE,30826,Garbsen,Niedersachsen,52.460315,9.56137,16876,56.389788
DE,30827,Garbsen,Niedersachsen,52.44351,9.61619,16355,10.610804
DE,30851,Langenhagen,Niedersachsen,52.43202,9.735762,15859,4.129659
DE,30853,Langenhagen,Niedersachsen,52.44887,9.747309,15174,8.710367
DE,30855,Langenhagen,Niedersachsen,52.470812,9.6971,19799,54.368995
DE,30880,Laatzen,Niedersachsen,52.289329,9.83966,38878,34.173597
DE,30890,Barsinghausen,Niedersachsen,52.325842,9.480489,33084,102.75493
DE,30900,Wedemark,Niedersachsen,52.558137,9.708318,28236,173.739323
DE,30916,Isernhagen,Niedersachsen,52.456633,9.850356,22746,59.929162
DE,30926,Seelze,Niedersachsen,52.385948,9.574713,31847,53.970829
DE,30938,Burgwedel,Niedersachsen,52.53622,9.888584,20356,153.323064
DE,30952,Ronnenberg,Niedersachsen,52.309221,9.655758,23156,37.735537
DE,30966,Hemmingen,Niedersachsen,52.297663,9.727837,18413,31.723932
DE,30974,"Wennigsen (Deister)",Niedersachsen,52.260852,9.577817,13901,53.819121
DE,30982,Pattensen,Niedersachsen,52.238312,9.762665,13750,66.920741
DE,30989,Gehrden,Niedersachsen,52.323244,9.587615,14121,43.410083
DE,31008,Elze,Niedersachsen,52.118672,9.705075,9010,47.936653
DE,31020,Salzhemmendorf,Niedersachsen,52.06723,9.608085,9697,94.505905
DE,31028,Gronau,Niedersachsen,52.079301,9.800661,11163,88.326624
DE,31036,Eime,Niedersachsen,52.064439,9.70025,2719,21.930203
DE,31061,"Alfeld (Leine)",Niedersachsen,51.985631,9.825325,19474,73.045793
DE,31073,Delligsen,Niedersachsen,51.932302,9.777499,8165,74.520571
DE,31079,Sibbesse,Niedersachsen,52.035733,9.904921,6205,71.78836
DE,31084,"Freden (Leine)",Niedersachsen,51.931684,9.927799,4892,53.219498
DE,31089,Duingen,Niedersachsen,52.00667,9.697416,5298,59.769195
DE,31134,Hildesheim,Niedersachsen,52.145834,9.952619,16736,3.857665
DE,31135,Hildesheim,Niedersachsen,52.163769,9.992369,18193,24.188465
DE,31137,Hildesheim,Niedersachsen,52.168247,9.925103,23243,14.2001
DE,31139,Hildesheim,Niedersachsen,52.128937,9.900765,21865,36.302426
DE,31141,Hildesheim,Niedersachsen,52.128078,9.989052,19565,13.628234
DE,31157,Sarstedt,Niedersachsen,52.240312,9.855023,18193,43.090465
DE,31162,"Bad Salzdetfurth",Niedersachsen,52.072284,10.024377,13382,66.803899
DE,31167,Bockenem,Niedersachsen,52.007445,10.12017,10162,110.470304
DE,31171,Nordstemmen,Niedersachsen,52.166201,9.793569,12269,60.005519
DE,31174,Schellerten,Niedersachsen,52.170089,10.095345,8259,80.120599
DE,31177,Harsum,Niedersachsen,52.209662,10.000616,11687,49.958574
DE,31180,Giesen,Niedersachsen,52.198634,9.891005,9764,33.904322
DE,31185,Söhlde,Niedersachsen,52.186553,10.186778,7986,57.688324
DE,31188,Holle,Niedersachsen,52.085947,10.138191,7233,60.931482
DE,31191,Algermissen,Niedersachsen,52.263179,9.970955,8019,35.711567
DE,31195,Lamspringe,Niedersachsen,51.973833,9.998253,5876,70.492464
DE,31199,Diekholzen,Niedersachsen,52.092333,9.94494,6731,30.328578
DE,31224,Peine,Niedersachsen,52.322173,10.285111,17975,28.373083
DE,31226,Peine,Niedersachsen,52.30361,10.204917,14070,56.368749
DE,31228,Peine,Niedersachsen,52.35143,10.213259,16574,34.790948
DE,31234,Edemissen,Niedersachsen,52.397691,10.272387,12374,103.789481
DE,31241,Ilsede,Niedersachsen,52.273596,10.19145,11523,28.994684
DE,31246,Ilsede,Niedersachsen,52.244167,10.22808,10154,43.653091
DE,31249,Hohenhameln,Niedersachsen,52.269096,10.077479,9059,69.475292
DE,31275,Lehrte,Niedersachsen,52.381955,10.017133,42686,129.868527
DE,31303,Burgdorf,Niedersachsen,52.47093,10.017721,28874,113.055651
DE,31311,Uetze,Niedersachsen,52.460642,10.170021,19978,139.99916
DE,31319,Sehnde,Niedersachsen,52.320147,9.968833,23036,101.396759
DE,31515,Wunstorf,Niedersachsen,52.437326,9.392833,40666,125.620632
DE,31535,"Neustadt am Rübenberge",Niedersachsen,52.555225,9.4651,43634,358.242508
DE,31542,"Bad Nenndorf",Niedersachsen,52.341592,9.373068,10102,23.265525
DE,31547,Rehburg-Loccum,Niedersachsen,52.46641,9.193065,10192,99.322841
DE,31552,Apelern,Niedersachsen,52.302082,9.331363,8877,39.776432
DE,31552,Rodenberg,Niedersachsen,52.302082,9.331363,8877,39.776432
DE,31553,Auhagen,Niedersachsen,52.395409,9.272619,3288,27.773488
DE,31553,Sachsenhagen,Niedersachsen,52.395409,9.272619,3288,27.773488
DE,31555,Suthfeld,Niedersachsen,52.361771,9.399459,1483,5.024718
DE,31556,Wölpinghausen,Niedersachsen,52.41909,9.233922,1654,18.406799
DE,31558,Hagenburg,Niedersachsen,52.429519,9.324511,4527,15.973902
DE,31559,Haste,Niedersachsen,52.376756,9.376312,4821,23.214515
DE,31559,Hohnhorst,Niedersachsen,52.376756,9.376312,4821,23.214515
DE,31582,Nienburg/Weser,Niedersachsen,52.638696,9.233166,30902,65.400344
DE,31592,Stolzenau,Niedersachsen,52.513387,9.022946,7510,64.935582
DE,31595,Steyerberg,Niedersachsen,52.587073,8.982264,5371,101.853125
DE,31600,Uchte,Niedersachsen,52.518553,8.878773,5435,90.235091
DE,31603,Diepenau,Niedersachsen,52.455152,8.746515,4108,70.229165
DE,31604,Raddestorf,Niedersachsen,52.450683,8.947963,2000,41.823143
DE,31606,Warmsen,Niedersachsen,52.439383,8.841359,3480,81.786494
DE,31608,Marklohe,Niedersachsen,52.662274,9.137029,4472,32.889225
DE,31609,Balge,Niedersachsen,52.706284,9.161662,1878,33.23862
DE,31613,Wietzen,Niedersachsen,52.698684,9.068642,2240,40.500564
DE,31618,Liebenau,Niedersachsen,52.608393,9.088439,3634,26.038365
DE,31619,Binnen,Niedersachsen,52.634766,9.104388,1000,21.745218
DE,31621,Pennigsehl,Niedersachsen,52.635621,9.016918,1330,24.200937
DE,31622,Heemsen,Niedersachsen,52.715555,9.307217,1774,44.688972
DE,31623,Drakenburg,Niedersachsen,52.690381,9.217432,1746,11.45913
DE,31626,Haßbergen,Niedersachsen,52.740217,9.2523,1611,15.850561
DE,31627,Rohrsen,Niedersachsen,52.715817,9.234658,1053,5.21941
DE,31628,Landesbergen,Niedersachsen,52.550767,9.162589,2782,41.942253
DE,31629,Estorf,Niedersachsen,52.589081,9.155716,1702,20.456914
DE,31632,Husum,Niedersachsen,52.57189,9.256219,2356,38.930218
DE,31633,Leese,Niedersachsen,52.50563,9.135724,1653,29.720264
DE,31634,Steimbke,Niedersachsen,52.675982,9.379241,2540,63.297598
DE,31636,Linsburg,Niedersachsen,52.585378,9.32032,921,22.881104
DE,31637,Rodewald,Niedersachsen,52.677699,9.471535,2561,59.957953
DE,31638,Stöckse,Niedersachsen,52.632005,9.342917,1347,38.738474
DE,31655,Stadthagen,Niedersachsen,52.307524,9.217747,21640,59.481971
DE,31675,Bückeburg,Niedersachsen,52.29214,9.040005,19331,69.546567
DE,31683,Obernkirchen,Niedersachsen,52.263466,9.14696,9421,31.948394
DE,31688,Nienstädt,Niedersachsen,52.29369,9.161792,4701,8.509898
DE,31691,Helpsen,Niedersachsen,52.305339,9.11254,3547,15.275057
DE,31691,Seggebruch,Niedersachsen,52.305339,9.11254,3547,15.275057
DE,31693,Hespe,Niedersachsen,52.328039,9.10444,2126,6.48267
DE,31698,Lindhorst,Niedersachsen,52.361215,9.288436,4474,7.554833
DE,31699,Beckedorf,Niedersachsen,52.343193,9.308783,1489,9.856647
DE,31700,Heuerßen,Niedersachsen,52.336895,9.279285,979,4.123055
DE,31702,Lüdersfeld,Niedersachsen,52.355705,9.251241,1044,12.883154
DE,31707,"Bad Eilsen",Niedersachsen,52.237376,9.102468,3723,4.554034
DE,31707,Heeßen,Niedersachsen,52.237376,9.102468,3723,4.554034
DE,31708,Ahnsen,Niedersachsen,52.257278,9.097418,1182,3.448275
DE,31710,Buchholz,Niedersachsen,52.225971,9.126881,750,1.52384
DE,31711,Luhden,Niedersachsen,52.227868,9.086911,1094,4.005705
DE,31712,Niedernwöhren,Niedersachsen,52.361088,9.145523,2027,11.075735
DE,31714,Lauenhagen,Niedersachsen,52.365736,9.214293,1384,9.838972
DE,31715,Meerbeck,Niedersachsen,52.347442,9.121073,1963,13.08064
DE,31717,Nordsehl,Niedersachsen,52.359593,9.178308,777,5.904068
DE,31718,Pollhagen,Niedersachsen,52.38814,9.1813,1187,12.812781
DE,31719,Wiedensahl,Niedersachsen,52.390633,9.127821,1064,11.54084
DE,31737,Rinteln,Niedersachsen,52.175459,9.111529,25879,110.351328
DE,31749,Auetal,Niedersachsen,52.239412,9.243395,6523,61.304339
DE,31785,Hameln,Niedersachsen,52.104787,9.36312,18319,5.237449
DE,31787,Hameln,Niedersachsen,52.122178,9.345371,17410,55.351302
DE,31789,Hameln,Niedersachsen,52.091957,9.398478,21084,40.020348
DE,31812,"Bad Pyrmont",Niedersachsen,51.971201,9.279589,19120,61.876028
DE,31832,Springe,Niedersachsen,52.196181,9.616397,28627,159.964045
DE,31840,"Hessisch Oldendorf",Niedersachsen,52.164498,9.266541,18535,120.08778
DE,31848,"Bad Münder am Deister",Niedersachsen,52.202253,9.434955,17696,107.846317
DE,31855,Aerzen,Niedersachsen,52.056455,9.244557,10971,105.188703
DE,31860,Emmerthal,Niedersachsen,52.024736,9.409165,10220,116.12501
DE,31863,Coppenbrügge,Niedersachsen,52.106921,9.51653,7421,90.695188
DE,31867,Hülsede,Niedersachsen,52.259352,9.370301,6860,46.661782
DE,31867,Lauenau,Niedersachsen,52.259352,9.370301,6860,46.661782
DE,31867,Messenkamp,Niedersachsen,52.259352,9.370301,6860,46.661782
DE,31867,Pohle,Niedersachsen,52.259352,9.370301,6860,46.661782
DE,31868,Ottenstein,Niedersachsen,51.949634,9.39777,1195,32.813732
DE,32049,Herford,Nordrhein-Westfalen,52.135264,8.708674,26689,31.838202
DE,32051,Herford,Nordrhein-Westfalen,52.107042,8.61574,17891,28.948106
DE,32052,Herford,Nordrhein-Westfalen,52.089389,8.660196,20781,19.013089
DE,32105,"Bad Salzuflen",Nordrhein-Westfalen,52.088688,8.741875,18638,8.484443
DE,32107,"Bad Salzuflen",Nordrhein-Westfalen,52.058373,8.711312,16407,35.368449
DE,32108,"Bad Salzuflen",Nordrhein-Westfalen,52.077644,8.794447,17243,56.136488
DE,32120,Hiddenhausen,Nordrhein-Westfalen,52.15578,8.63567,19861,23.847622
DE,32130,Enger,Nordrhein-Westfalen,52.138717,8.553756,20511,41.199085
DE,32139,Spenge,Nordrhein-Westfalen,52.13675,8.470512,14894,40.318397
DE,32257,Bünde,Nordrhein-Westfalen,52.206778,8.565333,45531,59.263781
DE,32278,Kirchlengern,Nordrhein-Westfalen,52.221368,8.640331,16126,33.755009
DE,32289,Rödinghausen,Nordrhein-Westfalen,52.235815,8.497338,9908,36.200833
DE,32312,Lübbecke,Nordrhein-Westfalen,52.30979,8.621573,25515,65.016628
DE,32339,Espelkamp,Nordrhein-Westfalen,52.371282,8.624307,24894,84.639758
DE,32351,Stemwede,Nordrhein-Westfalen,52.427365,8.453361,14026,166.026573
DE,32361,"Bad Essen",Niedersachsen,52.310262,8.50344,12995,69.590118
DE,32361,Melle,Niedersachsen,52.310262,8.50344,12995,69.590118
DE,32361,"Preußisch Oldendorf",Nordrhein-Westfalen,52.310262,8.50344,12995,69.590118
DE,32369,Rahden,Nordrhein-Westfalen,52.456847,8.62648,15748,137.376746
DE,32423,Minden,Nordrhein-Westfalen,52.294965,8.950344,22065,31.392147
DE,32425,Minden,Nordrhein-Westfalen,52.332293,8.897346,22544,30.341176
DE,32427,Minden,Nordrhein-Westfalen,52.29804,8.86709,19071,14.745368
DE,32429,Minden,Nordrhein-Westfalen,52.270404,8.851429,16549,24.559019
DE,32457,"Porta Westfalica",Nordrhein-Westfalen,52.223743,8.952024,35644,105.233961
DE,32469,Petershagen,Nordrhein-Westfalen,52.400044,8.997212,26265,212.318871
DE,32479,Hille,Nordrhein-Westfalen,52.332088,8.769692,16106,102.862823
DE,32545,"Bad Oeynhausen",Nordrhein-Westfalen,52.184535,8.796268,10393,10.323251
DE,32547,"Bad Oeynhausen",Nordrhein-Westfalen,52.19849,8.830971,14230,13.664248
DE,32549,"Bad Oeynhausen",Nordrhein-Westfalen,52.241352,8.789329,24103,40.786525
DE,32584,Löhne,Nordrhein-Westfalen,52.199201,8.722442,39812,59.466851
DE,32602,Vlotho,Nordrhein-Westfalen,52.147275,8.838704,19305,76.160882
DE,32609,Hüllhorst,Nordrhein-Westfalen,52.26897,8.66635,13210,44.792325
DE,32657,Lemgo,Nordrhein-Westfalen,52.033696,8.901915,41112,100.777711
DE,32676,Lügde,Nordrhein-Westfalen,51.911394,9.265419,10240,88.47913
DE,32683,Barntrup,Nordrhein-Westfalen,52.005849,9.126986,9054,59.480536
DE,32689,Kalletal,Nordrhein-Westfalen,52.121806,8.959069,14299,112.229369
DE,32694,Dörentrup,Nordrhein-Westfalen,52.033844,9.032455,8229,49.756024
DE,32699,Extertal,Nordrhein-Westfalen,52.091477,9.098345,11948,92.419428
DE,32756,Detmold,Nordrhein-Westfalen,51.938509,8.874403,26692,9.600077
DE,32758,Detmold,Nordrhein-Westfalen,51.957964,8.875057,26553,55.587026
DE,32760,Detmold,Nordrhein-Westfalen,51.909983,8.889138,20634,64.147581
DE,32791,Lage,Nordrhein-Westfalen,51.982317,8.777507,34903,75.977555
DE,32805,"Horn-Bad Meinberg",Nordrhein-Westfalen,51.870258,8.969076,17412,90.053131
DE,32816,Schieder-Schwalenberg,Nordrhein-Westfalen,51.902033,9.168413,8976,59.997222
DE,32825,Blomberg,Nordrhein-Westfalen,51.952991,9.058204,15791,99.003681
DE,32832,Augustdorf,Nordrhein-Westfalen,51.901318,8.755973,9666,42.033404
DE,32839,Steinheim,Nordrhein-Westfalen,51.848653,9.055017,13157,75.649569
DE,33014,"Bad Driburg",Nordrhein-Westfalen,51.721845,9.03822,18675,115.209412
DE,33034,Brakel,Nordrhein-Westfalen,51.709673,9.179814,16885,173.760927
DE,33039,Nieheim,Nordrhein-Westfalen,51.806395,9.104048,6585,80.542117
DE,33098,Paderborn,Nordrhein-Westfalen,51.710053,8.75311,23622,5.932519
DE,33100,Paderborn,Nordrhein-Westfalen,51.720186,8.828563,30722,67.131751
DE,33102,Paderborn,Nordrhein-Westfalen,51.733301,8.746478,33477,10.7862
DE,33104,Paderborn,Nordrhein-Westfalen,51.768328,8.730669,26191,36.717057
DE,33106,Paderborn,Nordrhein-Westfalen,51.720133,8.686527,28375,57.841731
DE,33129,Delbrück,Nordrhein-Westfalen,51.765483,8.540909,30532,157.125407
DE,33142,Büren,Nordrhein-Westfalen,51.555081,8.584503,21749,170.860624
DE,33154,Paderborn,Nordrhein-Westfalen,51.674424,8.602483,24511,110.575933
DE,33154,Salzkotten,Nordrhein-Westfalen,51.674424,8.602483,24511,110.575933
DE,33161,Hövelhof,Nordrhein-Westfalen,51.831835,8.668513,15736,70.889078
DE,33161,Paderborn,Nordrhein-Westfalen,51.831835,8.668513,15736,70.889078
DE,33165,Lichtenau,Nordrhein-Westfalen,51.609176,8.894299,10494,192.457733
DE,33175,"Bad Lippspringe",Nordrhein-Westfalen,51.786842,8.823653,14979,50.970858
DE,33178,Borchen,Nordrhein-Westfalen,51.651666,8.769969,13190,77.194718
DE,33181,"Bad Wünnenberg",Nordrhein-Westfalen,51.523811,8.732904,12119,161.094924
DE,33184,Altenbeken,Nordrhein-Westfalen,51.738634,8.937416,9315,76.171435
DE,33189,Schlangen,Nordrhein-Westfalen,51.83663,8.829763,8906,75.926863
DE,33330,Gütersloh,Nordrhein-Westfalen,51.918081,8.373372,25837,8.951761
DE,33332,Gütersloh,Nordrhein-Westfalen,51.896313,8.397135,27636,12.585426
DE,33334,Gütersloh,Nordrhein-Westfalen,51.919762,8.372718,22416,67.517765
DE,33335,Gütersloh,Nordrhein-Westfalen,51.922494,8.458226,18379,22.596157
DE,33378,Rheda-Wiedenbrück,Nordrhein-Westfalen,51.838856,8.305722,46611,86.652591
DE,33397,Rietberg,Nordrhein-Westfalen,51.802177,8.423004,28652,110.230201
DE,33415,Verl,Nordrhein-Westfalen,51.877222,8.524448,24843,71.304855
DE,33428,Harsewinkel,Nordrhein-Westfalen,51.971075,8.214868,23875,100.564357
DE,33442,Herzebrock-Clarholz,Nordrhein-Westfalen,51.900186,8.231947,15945,79.080428
DE,33449,Langenberg,Nordrhein-Westfalen,51.767113,8.319195,8171,38.287806
DE,33602,Bielefeld,Nordrhein-Westfalen,52.022747,8.536493,16490,2.711607
DE,33604,Bielefeld,Nordrhein-Westfalen,52.006024,8.549141,16056,4.213166
DE,33605,Bielefeld,Nordrhein-Westfalen,51.99792,8.577384,18678,8.604316
DE,33607,Bielefeld,Nordrhein-Westfalen,52.021727,8.568118,17310,4.082128
DE,33609,Bielefeld,Nordrhein-Westfalen,52.043339,8.577424,21170,10.492459
DE,33611,Bielefeld,Nordrhein-Westfalen,52.04965,8.547333,17276,4.829907
DE,33613,Bielefeld,Nordrhein-Westfalen,52.047036,8.520935,24221,5.164448
DE,33615,Bielefeld,Nordrhein-Westfalen,52.032848,8.509363,18112,4.858989
DE,33617,Bielefeld,Nordrhein-Westfalen,52.006403,8.518651,9744,6.084456
DE,33619,Bielefeld,Nordrhein-Westfalen,52.041938,8.470504,15520,24.175726
DE,33647,Bielefeld,Nordrhein-Westfalen,51.978017,8.505147,19175,11.495964
DE,33649,Bielefeld,Nordrhein-Westfalen,51.978631,8.454099,20101,29.448621
DE,33659,Bielefeld,Nordrhein-Westfalen,51.955139,8.529449,20010,28.949469
DE,33689,Bielefeld,Nordrhein-Westfalen,51.943931,8.588572,20957,25.123151
DE,33699,Bielefeld,Nordrhein-Westfalen,51.985381,8.622168,12462,20.137539
DE,33719,Bielefeld,Nordrhein-Westfalen,52.023283,8.618552,18292,16.220969
DE,33729,Bielefeld,Nordrhein-Westfalen,52.060739,8.612679,18324,17.056039
DE,33739,Bielefeld,Nordrhein-Westfalen,52.085028,8.518182,23203,34.98208
DE,33758,"Schloß Holte-Stukenbrock",Nordrhein-Westfalen,51.889926,8.648318,26473,67.534513
DE,33775,Versmold,Nordrhein-Westfalen,52.039756,8.171615,20998,85.483586
DE,33790,"Halle (Westf.)",Nordrhein-Westfalen,52.042197,8.330341,21162,69.643659
DE,33803,Steinhagen,Nordrhein-Westfalen,51.999561,8.380743,20177,56.360219
DE,33813,Oerlinghausen,Nordrhein-Westfalen,51.947956,8.675736,16670,32.678551
DE,33818,Leopoldshöhe,Nordrhein-Westfalen,52.008842,8.687311,15970,36.901756
DE,33824,"Werther (Westf.)",Nordrhein-Westfalen,52.083676,8.417632,11387,35.380143
DE,33829,Borgholzhausen,Nordrhein-Westfalen,52.094609,8.286286,8834,56.06406
DE,34117,Kassel,Hessen,51.31585,9.491708,10365,2.48088
DE,34119,Kassel,Hessen,51.317015,9.464338,15471,2.172434
DE,34121,Kassel,Hessen,51.302102,9.47838,20802,6.705561
DE,34123,Fuldabrück,Hessen,51.295076,9.524748,22937,16.136905
DE,34123,Kassel,Hessen,51.295076,9.524748,22937,16.136905
DE,34123,Lohfelden,Hessen,51.295076,9.524748,22937,16.136905
DE,34125,Kassel,Hessen,51.333985,9.534114,24453,11.981897
DE,34127,Fuldatal,Hessen,51.335492,9.489355,22383,7.472701
DE,34127,Kassel,Hessen,51.335492,9.489355,22383,7.472701
DE,34128,Kassel,Hessen,51.339798,9.420982,17754,15.443871
DE,34130,Kassel,Hessen,51.324903,9.437374,9192,3.745811
DE,34131,Kassel,Hessen,51.31162,9.401718,13192,16.224781
DE,34132,Kassel,Hessen,51.285345,9.414822,16475,14.496258
DE,34134,Kassel,Hessen,51.282104,9.464966,17734,11.00394
DE,34212,Melsungen,Hessen,51.141784,9.58503,13299,62.617135
DE,34225,Baunatal,Hessen,51.249182,9.409836,27389,38.374985
DE,34233,Fuldatal,Hessen,51.379396,9.534211,11888,32.299831
DE,34246,Vellmar,Hessen,51.362723,9.465872,18086,14.070145
DE,34253,Lohfelden,Hessen,51.268806,9.55313,13519,16.349811
DE,34260,"Gutsbezirk Kaufunger Wald",Hessen,51.277948,9.620308,12502,25.98714
DE,34260,Kaufungen,Hessen,51.277948,9.620308,12502,25.98714
DE,34266,Niestetal,Hessen,51.315469,9.586608,10347,22.13831
DE,34270,Schauenburg,Hessen,51.281387,9.328742,10027,30.845836
DE,34277,Fuldabrück,Hessen,51.24371,9.492471,8810,17.247305
DE,34281,Gudensberg,Hessen,51.18148,9.362987,9183,46.51043
DE,34286,Spangenberg,Hessen,51.117712,9.693677,6247,97.651564
DE,34289,Zierenberg,Hessen,51.375147,9.271661,6607,86.47963
DE,34292,Ahnatal,Hessen,51.364834,9.398715,8028,17.90303
DE,34295,Edermünde,Hessen,51.217093,9.401425,7265,25.668994
DE,34298,"Gutsbezirk Kaufunger Wald",Hessen,51.246028,9.684251,5622,25.878458
DE,34298,Helsa,Hessen,51.246028,9.684251,5622,25.878458
DE,34302,Guxhagen,Hessen,51.199889,9.504024,5227,26.162259
DE,34305,Niedenstein,Hessen,51.219298,9.307098,5263,30.631097
DE,34308,"Bad Emstal",Hessen,51.249713,9.253026,5960,38.647529
DE,34311,Naumburg,Hessen,51.230784,9.185543,5334,66.270611
DE,34314,Espenau,Hessen,51.393437,9.470068,4904,13.585903
DE,34317,Habichtswald,Hessen,51.327735,9.333376,5118,28.189832
DE,34320,Söhrewald,Hessen,51.222864,9.582499,4945,59.01937
DE,34323,Malsfeld,Hessen,51.081146,9.50314,3933,34.47992
DE,34326,Morschen,Hessen,51.062811,9.611057,3521,48.230718
DE,34327,Körle,Hessen,51.175856,9.53408,2952,17.786378
DE,34329,Nieste,Hessen,51.309227,9.661448,1813,3.868988
DE,34346,"Hann. Münden",Niedersachsen,51.430574,9.678557,23924,120.230159
DE,34355,Staufenberg,Niedersachsen,51.34298,9.654791,8045,78.476249
DE,34359,Reinhardshagen,Hessen,51.494501,9.605014,4600,13.058685
DE,34369,"Gutsbezirk Reinhardswald",Hessen,51.495806,9.495457,15204,219.080497
DE,34369,Hofgeismar,Hessen,51.495806,9.495457,15204,219.080497
DE,34376,Immenhausen,Hessen,51.429674,9.495402,6956,28.514321
DE,34379,Calden,Hessen,51.410353,9.356436,7541,54.803677
DE,34385,"Bad Karlshafen",Hessen,51.629155,9.446656,3602,14.86167
DE,34388,"Gutsbezirk Reinhardswald",Hessen,51.586006,9.447799,5241,118.768885
DE,34388,Trendelburg,Hessen,51.586006,9.447799,5241,118.768885
DE,34393,Grebenstein,Hessen,51.445667,9.418956,5950,49.99282
DE,34396,Liebenau,Hessen,51.48635,9.291826,3341,48.857605
DE,34399,Wesertal,Hessen,51.597077,9.60465,5426,52.631592
DE,34414,Warburg,Nordrhein-Westfalen,51.513528,9.092254,23596,168.6786
DE,34431,Marsberg,Nordrhein-Westfalen,51.447074,8.839922,20467,182.154677
DE,34434,Borgentreich,Nordrhein-Westfalen,51.576541,9.255841,9144,138.818119
DE,34439,Willebadessen,Nordrhein-Westfalen,51.604644,9.093921,8450,128.312167
DE,34454,"Bad Arolsen",Hessen,51.370359,9.025702,15635,126.357969
DE,34466,Wolfhagen,Hessen,51.325113,9.176149,12735,112.198598
DE,34471,Volkmarsen,Hessen,51.41005,9.103738,6797,67.411615
DE,34474,Diemelstadt,Hessen,51.47483,8.994927,5395,82.487771
DE,34477,Twistetal,Hessen,51.327421,8.948009,4548,74.03067
DE,34479,Breuna,Hessen,51.43727,9.204987,3735,40.464341
DE,34497,Korbach,Hessen,51.266226,8.842634,23544,124.002621
DE,34508,"Willingen (Upland)",Hessen,51.291304,8.655835,6019,80.308313
DE,34513,Waldeck,Hessen,51.247558,9.03453,7095,114.429628
DE,34516,Vöhl,Hessen,51.178095,8.907585,5880,99.952633
DE,34519,Diemelsee,Hessen,51.347868,8.78225,4985,121.492222
DE,34537,"Bad Wildungen",Hessen,51.09599,9.094176,16620,120.000288
DE,34549,Edertal,Hessen,51.16336,9.075389,6573,115.558149
DE,34560,Fritzlar,Hessen,51.143404,9.261343,14512,88.745305
DE,34576,"Homberg (Efze)",Hessen,51.010833,9.413117,13976,100.5035
DE,34582,"Borken (Hessen)",Hessen,51.048822,9.276697,12866,82.297288
DE,34587,Felsberg,Hessen,51.135887,9.448577,10805,83.334492
DE,34590,Wabern,Hessen,51.094029,9.355297,7363,51.012148
DE,34593,Knüllwald,Hessen,50.995634,9.51265,4570,100.240796
DE,34596,"Bad Zwesten",Hessen,51.048756,9.165051,3909,39.422168
DE,34599,Neuental,Hessen,50.995769,9.220959,3264,38.52241
DE,34613,Schwalmstadt,Hessen,50.922376,9.198777,18377,84.739029
DE,34621,Frielendorf,Hessen,50.954329,9.332597,7638,85.76211
DE,34626,Neukirchen,Hessen,50.876906,9.361067,7265,66.202294
DE,34628,Willingshausen,Hessen,50.864642,9.213918,5102,59.925756
DE,34630,Gilserberg,Hessen,50.947692,9.06614,3149,61.504935
DE,34632,Jesberg,Hessen,50.991922,9.130175,2485,49.875959
DE,34633,Ottrau,Hessen,50.812586,9.393014,2302,48.515133
DE,34637,Schrecksbach,Hessen,50.836683,9.285948,3252,36.580621
DE,34639,Schwarzenborn,Hessen,50.908835,9.445636,1107,26.94036
DE,35037,Marburg,Hessen,50.803022,8.75169,22381,9.608408
DE,35039,Marburg,Hessen,50.811072,8.780389,21584,10.707594
DE,35041,Marburg,Hessen,50.820044,8.704074,13995,50.313435
DE,35043,Marburg,Hessen,50.791142,8.795491,13740,53.376581
DE,35066,"Frankenberg (Eder)",Hessen,51.07301,8.784738,18080,124.761513
DE,35075,Gladenbach,Hessen,50.777543,8.578583,12242,72.322165
DE,35075,Lohra,Hessen,50.777543,8.578583,12242,72.322165
DE,35080,"Bad Endbach",Hessen,50.766518,8.47861,8255,39.809558
DE,35083,"Wetter (Hessen)",Hessen,50.9151,8.724091,9029,104.514536
DE,35085,Ebsdorfergrund,Hessen,50.730409,8.839354,8883,72.807386
DE,35088,"Battenberg (Eder)",Hessen,51.017652,8.609433,5480,60.371108
DE,35091,Cölbe,Hessen,50.875957,8.818254,6741,26.656696
DE,35094,Lahntal,Hessen,50.862439,8.691378,6829,40.477253
DE,35096,"Weimar (Lahn)",Hessen,50.754306,8.697634,7007,47.012968
DE,35099,Burgwald,Hessen,51.011483,8.775018,4903,41.269218
DE,35102,Lohra,Hessen,50.719596,8.610826,5642,49.019732
DE,35104,Lichtenfels,Hessen,51.170057,8.79109,4217,96.693681
DE,35108,"Allendorf (Eder)",Hessen,51.061787,8.631589,7463,76.588627
DE,35110,Frankenau,Hessen,51.101323,8.919551,3085,57.245755
DE,35112,Fronhausen,Hessen,50.70393,8.711579,4077,27.855566
DE,35114,"Haina (Kloster)",Hessen,51.03582,8.985686,3743,91.144291
DE,35116,"Hatzfeld (Eder)",Hessen,50.986274,8.554195,3086,58.518804
DE,35117,Münchhausen,Hessen,50.956892,8.677238,3485,41.465544
DE,35119,Rosenthal,Hessen,50.979826,8.831996,2165,51.512006
DE,35216,Biedenkopf,Hessen,50.921353,8.530515,13706,90.24061
DE,35232,Dautphetal,Hessen,50.846174,8.557206,11717,71.924556
DE,35236,Breidenbach,Hessen,50.876311,8.433665,6983,44.7993
DE,35239,Steffenberg,Hessen,50.835095,8.452972,4155,24.281468
DE,35260,Stadtallendorf,Hessen,50.83201,9.018682,20735,78.022595
DE,35274,Kirchhain,Hessen,50.839781,8.909077,16216,90.779883
DE,35279,"Neustadt (Hessen)",Hessen,50.872394,9.090529,8639,56.810298
DE,35282,Rauschenberg,Hessen,50.911098,8.898237,4484,67.267701
DE,35285,"Gemünden (Wohra)",Hessen,50.979696,8.963167,3908,58.600268
DE,35287,Amöneburg,Hessen,50.773585,8.925344,5107,43.930337
DE,35288,Wohratal,Hessen,50.933599,8.928223,2399,30.644987
DE,35305,Grünberg,Hessen,50.607193,8.953877,13788,89.155786
DE,35315,"Homberg (Ohm)",Hessen,50.728036,9.010038,7664,87.969001
DE,35321,Laubach,Hessen,50.538772,9.017399,9750,96.935858
DE,35325,Mücke,Hessen,50.627854,9.048263,9496,86.164448
DE,35327,Ulrichstein,Hessen,50.5762,9.183304,3096,65.557329
DE,35329,"Gemünden (Felda)",Hessen,50.685745,9.088904,2908,54.951067
DE,35390,Gießen,Hessen,50.587429,8.677308,14922,2.636183
DE,35392,Gießen,Hessen,50.562406,8.679418,9697,6.794084
DE,35394,Gießen,Hessen,50.578292,8.722015,15968,24.897616
DE,35396,Gießen,Hessen,50.614084,8.704833,17839,15.617352
DE,35398,Gießen,Hessen,50.560187,8.626683,16389,22.613412
DE,35410,Hungen,Hessen,50.47029,8.907414,12515,86.71289
DE,35415,Pohlheim,Hessen,50.515576,8.733854,17375,37.96796
DE,35418,Buseck,Hessen,50.617487,8.790257,12764,38.584606
DE,35423,Lich,Hessen,50.510734,8.830892,13117,77.545579
DE,35428,Langgöns,Hessen,50.471012,8.601778,11685,52.493504
DE,35435,Wettenberg,Hessen,50.645277,8.647088,12189,42.880962
DE,35440,Linden,Hessen,50.532642,8.66875,12100,22.746443
DE,35444,Biebertal,Hessen,50.645929,8.575816,10035,43.90411
DE,35447,Reiskirchen,Hessen,50.586388,8.858441,10261,44.948559
DE,35452,"Heuchelheim an der Lahn",Hessen,50.587749,8.618217,7247,10.567947
DE,35457,Lollar,Hessen,50.666221,8.694446,9834,21.378008
DE,35460,Staufenberg,Hessen,50.662588,8.761836,8117,28.556475
DE,35463,Fernwald,Hessen,50.562583,8.777424,6474,21.551693
DE,35466,Rabenau,Hessen,50.66811,8.889335,5172,43.360904
DE,35469,"Allendorf (Lumda)",Hessen,50.680374,8.822969,4181,22.036208
DE,35510,Butzbach,Hessen,50.419107,8.631179,23898,106.514111
DE,35516,Münzenberg,Hessen,50.459422,8.743531,5638,31.604023
DE,35519,Rockenberg,Hessen,50.422628,8.746458,4273,16.13069
DE,35576,Wetzlar,Hessen,50.56679,8.485806,12451,9.327732
DE,35578,Wetzlar,Hessen,50.544408,8.512558,17813,18.44552
DE,35579,Wetzlar,Hessen,50.543721,8.454907,1624,3.499999
DE,35580,Wetzlar,Hessen,50.52554,8.488649,3509,6.729002
DE,35581,Wetzlar,Hessen,50.547677,8.568326,2368,5.283958
DE,35582,Wetzlar,Hessen,50.562178,8.594655,3027,5.273453
DE,35583,Wetzlar,Hessen,50.567787,8.532241,2045,4.39439
DE,35584,Wetzlar,Hessen,50.596087,8.525015,3755,7.612869
DE,35585,Wetzlar,Hessen,50.615601,8.50187,946,10.420148
DE,35586,Wetzlar,Hessen,50.58763,8.493197,3309,4.652057
DE,35606,Solms,Hessen,50.550228,8.41445,13464,33.994254
DE,35614,Aßlar,Hessen,50.613289,8.44302,13616,43.53818
DE,35619,Braunfels,Hessen,50.501741,8.388108,10763,47.244759
DE,35625,Hüttenberg,Hessen,50.509065,8.564685,10544,40.70587
DE,35630,Ehringshausen,Hessen,50.621489,8.377093,9263,45.392894
DE,35633,Lahnau,Hessen,50.590468,8.566315,8097,23.925692
DE,35638,Leun,Hessen,50.553537,8.329868,5805,28.641131
DE,35641,Schöffengrund,Hessen,50.487823,8.481343,6394,34.038234
DE,35644,Hohenahr,Hessen,50.669047,8.492443,4911,45.672077
DE,35647,Waldsolms,Hessen,50.434988,8.491223,4855,44.716972
DE,35649,Bischoffen,Hessen,50.712242,8.501028,3402,35.338318
DE,35683,Dillenburg,Hessen,50.74123,8.284177,9506,15.234904
DE,35684,Dillenburg,Hessen,50.782916,8.294493,3785,9.139266
DE,35685,Dillenburg,Hessen,50.770716,8.263997,2625,7.759478
DE,35686,Dillenburg,Hessen,50.720247,8.236989,1523,9.481031
DE,35687,Dillenburg,Hessen,50.720172,8.304932,1983,8.571381
DE,35688,Dillenburg,Hessen,50.742131,8.360681,2193,15.02834
DE,35689,Dillenburg,Hessen,50.750587,8.328454,1168,6.074455
DE,35690,Dillenburg,Hessen,50.773196,8.347926,1110,12.412881
DE,35708,Haiger,Hessen,50.777799,8.208744,19709,106.652209
DE,35713,Eschenburg,Hessen,50.810453,8.362631,10284,45.741184
DE,35716,Dietzhölztal,Hessen,50.848535,8.296472,6018,37.44418
DE,35719,Angelburg,Hessen,50.811662,8.43433,3491,16.724771
DE,35745,Herborn,Hessen,50.679072,8.285825,20651,63.716212
DE,35753,Greifenstein,Hessen,50.594987,8.257278,6875,67.346077
DE,35756,Mittenaar,Hessen,50.686672,8.389511,4905,35.111525
DE,35759,Driedorf,Hessen,50.636316,8.174248,5135,47.528954
DE,35764,Sinn,Hessen,50.644066,8.325255,6520,18.713961
DE,35767,Breitscheid,Hessen,50.685559,8.188394,4937,31.690047
DE,35768,Siegbach,Hessen,50.750665,8.415871,2783,29.008042
DE,35781,Weilburg,Hessen,50.484729,8.270624,12715,57.468123
DE,35789,Weilmünster,Hessen,50.424003,8.370505,9063,77.363285
DE,35792,Löhnberg,Hessen,50.538226,8.255422,4313,33.813719
DE,35794,Mengerskirchen,Hessen,50.552422,8.172586,5754,30.789366
DE,35796,Weinbach,Hessen,50.436485,8.291932,4540,37.644674
DE,35799,Merenberg,Hessen,50.51406,8.190527,3322,23.074132
DE,36037,Fulda,Hessen,50.556534,9.685263,12944,3.459459
DE,36039,Fulda,Hessen,50.590251,9.682345,16515,25.90605
DE,36041,Fulda,Hessen,50.560096,9.630094,17377,61.192298
DE,36043,Fulda,Hessen,50.526896,9.688431,17919,13.411961
DE,36088,Hünfeld,Hessen,50.665599,9.752263,15861,119.658339
DE,36093,Künzell,Hessen,50.521215,9.754665,15820,30.260776
DE,36100,Petersberg,Hessen,50.582592,9.738285,14731,35.479583
DE,36103,Flieden,Hessen,50.41714,9.550603,8709,49.614946
DE,36110,Schlitz,Hessen,50.68458,9.556004,9641,141.950577
DE,36115,"Ehrenberg (Rhön)",Hessen,50.541785,9.98675,7239,111.128342
DE,36115,Hilders,Hessen,50.541785,9.98675,7239,111.128342
DE,36119,Neuhof,Hessen,50.470576,9.579372,10794,90.203343
DE,36124,Eichenzell,Hessen,50.469753,9.717685,11055,55.951789
DE,36129,"Gersfeld (Rhön)",Hessen,50.445122,9.89935,5594,89.318728
DE,36129,"Poppenhausen (Wasserkuppe)",Hessen,50.445122,9.89935,5594,89.318728
DE,36132,Eiterfeld,Hessen,50.764434,9.815909,7274,89.767242
DE,36137,Großenlüder,Hessen,50.574088,9.547003,8575,73.871704
DE,36142,"Tann (Rhön)",Hessen,50.636683,10.009848,4524,60.413369
DE,36145,Hofbieber,Hessen,50.583848,9.865004,6082,87.196456
DE,36148,Kalbach,Hessen,50.40446,9.683204,6315,70.578368
DE,36151,Burghaun,Hessen,50.709023,9.692059,6551,64.986047
DE,36154,Hosenfeld,Hessen,50.509929,9.491388,4733,50.698612
DE,36157,Ebersburg,Hessen,50.459821,9.7933,4538,37.018374
DE,36160,Dipperz,Hessen,50.533934,9.813703,3327,30.021985
DE,36163,"Poppenhausen (Wasserkuppe)",Hessen,50.498886,9.886176,2554,40.698891
DE,36166,Haunetal,Hessen,50.764077,9.672122,3067,54.902446
DE,36167,Nüsttal,Hessen,50.647947,9.855602,2874,45.456473
DE,36169,Rasdorf,Hessen,50.717251,9.897201,1661,30.053739
DE,36179,Bebra,Hessen,50.978145,9.815452,13773,93.809651
DE,36199,"Rotenburg an der Fulda",Hessen,51.011806,9.739601,13440,79.832724
DE,36205,Sontra,Hessen,51.068511,9.952349,7826,111.206928
DE,36208,Wildeck,Hessen,50.954394,9.978409,5039,40.972388
DE,36211,Alheim,Hessen,51.028804,9.659561,5129,63.808572
DE,36214,Nentershausen,Hessen,51.009472,9.942525,2830,54.612036
DE,36217,Ronshausen,Hessen,50.938877,9.875087,2442,37.91643
DE,36219,Cornberg,Hessen,51.053164,9.83417,1486,24.278341
DE,36251,"Bad Hersfeld",Hessen,50.90689,9.691069,34367,185.94954
DE,36251,Ludwigsau,Hessen,50.90689,9.691069,34367,185.94954
DE,36266,"Heringen (Werra)",Hessen,50.891042,9.973684,7575,60.749464
DE,36269,"Philippsthal (Werra)",Hessen,50.849552,9.976563,4231,21.586316
DE,36272,Niederaula,Hessen,50.802028,9.604166,5480,64.109854
DE,36275,Kirchheim,Hessen,50.853358,9.553435,3662,51.208779
DE,36277,Schenklengsfeld,Hessen,50.826266,9.823028,4630,63.563654
DE,36280,Oberaula,Hessen,50.85274,9.464341,3272,43.942067
DE,36282,Hauneck,Hessen,50.823978,9.729276,3186,17.735846
DE,36284,Hohenroda,Hessen,50.81236,9.924583,3222,35.608991
DE,36286,Neuenstein,Hessen,50.908017,9.568412,3065,64.113859
DE,36287,"Breitenbach am Herzberg",Hessen,50.776705,9.500609,1803,42.398713
DE,36289,Friedewald,Hessen,50.877479,9.864685,2442,39.789033
DE,36304,Alsfeld,Hessen,50.764115,9.298033,16415,129.69701
DE,36318,Schwalmtal,Hessen,50.686691,9.303762,2918,54.225991
DE,36320,Kirtorf,Hessen,50.777218,9.113779,3368,79.140666
DE,36323,Grebenau,Hessen,50.730209,9.436162,2548,55.300435
DE,36325,Feldatal,Hessen,50.639201,9.182011,2629,55.646621
DE,36326,Antrifttal,Hessen,50.795522,9.18901,2058,27.272479
DE,36326,Kirtorf,Hessen,50.795522,9.18901,2058,27.272479
DE,36329,Romrod,Hessen,50.700315,9.202042,2895,54.390005
DE,36341,"Lauterbach (Hessen)",Hessen,50.643366,9.375693,13286,101.901578
DE,36355,Grebenhain,Hessen,50.495026,9.339008,4834,91.545193
DE,36358,Herbstein,Hessen,50.553033,9.379983,4866,79.919761
DE,36364,"Bad Salzschlirf",Hessen,50.631974,9.503745,2901,13.053864
DE,36367,Wartenberg,Hessen,50.621905,9.454853,3984,39.506293
DE,36369,Lautertal,Hessen,50.590167,9.281419,2479,53.561351
DE,36381,Schlüchtern,Hessen,50.356103,9.554657,16328,113.217893
DE,36391,Sinntal,Hessen,50.299742,9.651737,9115,113.94115
DE,36396,"Gutsbezirk Spessart",Hessen,50.321476,9.473066,10592,143.677518
DE,36396,"Steinau an der Straße",Hessen,50.321476,9.473066,10592,143.677518
DE,36399,Freiensteinau,Hessen,50.43807,9.399086,3248,65.613242
DE,36404,Oechsen,Thüringen,50.796607,10.049076,6154,56.40068
DE,36404,Vacha,Thüringen,50.796607,10.049076,6154,56.40068
DE,36414,Unterbreizbach,Thüringen,50.796361,9.988317,3699,30.18786
DE,36419,Buttlar,Thüringen,50.704567,9.972647,7110,124.803726
DE,36419,Geisa,Thüringen,50.704567,9.972647,7110,124.803726
DE,36419,Gerstengrund,Thüringen,50.704567,9.972647,7110,124.803726
DE,36419,Schleid,Thüringen,50.704567,9.972647,7110,124.803726
DE,36433,"Bad Salzungen",Thüringen,50.831306,10.250526,20926,102.154221
DE,36433,Leimbach,Thüringen,50.831306,10.250526,20926,102.154221
DE,36448,"Bad Liebenstein",Thüringen,50.82906,10.360136,8107,49.009905
DE,36452,Dermbach,Thüringen,50.622092,10.143114,6770,99.673307
DE,36452,Empfertshausen,Thüringen,50.622092,10.143114,6770,99.673307
DE,36452,Kaltennordheim,Thüringen,50.622092,10.143114,6770,99.673307
DE,36456,Barchfeld-Immelborn,Thüringen,50.792596,10.289808,4822,23.635411
DE,36457,Weilar,Thüringen,50.756951,10.139931,886,14.457413
DE,36460,Krayenberggemeinde,Thüringen,50.830226,10.104313,5536,32.107427
DE,36466,Dermbach,Thüringen,50.725488,10.129186,8738,105.591645
DE,36466,Wiesenthal,Thüringen,50.725488,10.129186,8738,105.591645
DE,36469,"Bad Salzungen",Thüringen,50.854906,10.155525,5360,58.331473
DE,37073,Göttingen,Niedersachsen,51.534697,9.933201,14310,3.380463
DE,37075,Göttingen,Niedersachsen,51.540442,9.993199,16582,16.790963
DE,37077,Göttingen,Niedersachsen,51.567583,9.98465,15158,28.325691
DE,37079,Göttingen,Niedersachsen,51.545246,9.857771,13896,38.701259
DE,37081,Göttingen,Niedersachsen,51.532409,9.903826,19384,8.412515
DE,37083,Göttingen,Niedersachsen,51.505936,9.944136,16945,11.107426
DE,37085,Göttingen,Niedersachsen,51.522144,9.971846,19590,10.540661
DE,37115,Duderstadt,Niedersachsen,51.524947,10.258849,21312,109.075434
DE,37115,"Herzberg am Harz",Niedersachsen,51.524947,10.258849,21312,109.075434
DE,37120,Bovenden,Niedersachsen,51.593186,9.93792,13272,63.608359
DE,37124,Rosdorf,Niedersachsen,51.47178,9.854272,11804,67.206423
DE,37127,Bühren,Niedersachsen,51.484613,9.740643,9452,122.538246
DE,37127,Dransfeld,Niedersachsen,51.484613,9.740643,9452,122.538246
DE,37127,Jühnde,Niedersachsen,51.484613,9.740643,9452,122.538246
DE,37127,Niemetal,Niedersachsen,51.484613,9.740643,9452,122.538246
DE,37127,Scheden,Niedersachsen,51.484613,9.740643,9452,122.538246
DE,37130,Gleichen,Niedersachsen,51.475219,10.063821,9254,129.467424
DE,37133,Friedland,Niedersachsen,51.429807,9.929012,7178,75.180316
DE,37136,Ebergötzen,Niedersachsen,51.556526,10.109834,7386,68.31672
DE,37136,Landolfshausen,Niedersachsen,51.556526,10.109834,7386,68.31672
DE,37136,Seeburg,Niedersachsen,51.556526,10.109834,7386,68.31672
DE,37136,Seulingen,Niedersachsen,51.556526,10.109834,7386,68.31672
DE,37136,Waake,Niedersachsen,51.556526,10.109834,7386,68.31672
DE,37139,Adelebsen,Niedersachsen,51.568322,9.749038,6571,76.323923
DE,37154,Northeim,Niedersachsen,51.716817,9.996024,29366,145.780504
DE,37170,Uslar,Niedersachsen,51.66445,9.650443,14832,154.075364
DE,37176,Nörten-Hardenberg,Niedersachsen,51.633605,9.954718,8145,54.154839
DE,37181,Hardegsen,Niedersachsen,51.652031,9.803441,8080,84.466001
DE,37186,Moringen,Niedersachsen,51.706952,9.833256,7224,82.199666
DE,37191,Katlenburg-Lindau,Niedersachsen,51.665096,10.097407,7340,71.680478
DE,37194,Bodenfelde,Niedersachsen,51.670658,9.514565,3360,77.826197
DE,37197,"Hattorf am Harz",Niedersachsen,51.645263,10.244002,4215,26.112365
DE,37199,"Wulften am Harz",Niedersachsen,51.662894,10.176178,1941,12.20938
DE,37213,Witzenhausen,Hessen,51.348822,9.854599,6627,18.440264
DE,37214,Witzenhausen,Hessen,51.334435,9.909301,1277,15.939187
DE,37215,Witzenhausen,Hessen,51.298557,9.8662,1818,20.628796
DE,37216,Witzenhausen,Hessen,51.290345,9.756154,1226,65.778077
DE,37217,Witzenhausen,Hessen,51.352177,9.773734,3059,43.820764
DE,37218,Witzenhausen,Hessen,51.387894,9.819452,1028,13.545571
DE,37235,"Hessisch Lichtenau",Hessen,51.195208,9.745905,12194,105.516368
DE,37242,"Bad Sooden-Allendorf",Hessen,51.270869,9.950064,8270,73.641585
DE,37247,Großalmerode,Hessen,51.245092,9.802488,6767,36.600263
DE,37249,Neu-Eichenberg,Hessen,51.385871,9.894236,1830,27.637295
DE,37269,Eschwege,Hessen,51.1793,10.04015,19467,63.400978
DE,37276,Meinhard,Hessen,51.216443,10.071028,4843,39.59431
DE,37281,Wanfried,Hessen,51.169931,10.170724,4257,46.698576
DE,37284,Waldkappel,Hessen,51.134468,9.858325,4715,96.448213
DE,37287,Wehretal,Hessen,51.146462,9.995225,5154,39.175216
DE,37290,Meißner,Hessen,51.202098,9.915142,3228,44.761818
DE,37293,Herleshausen,Hessen,51.028208,10.127424,2898,59.463047
DE,37296,Ringgau,Hessen,51.089337,10.07342,3128,66.761503
DE,37297,Berkatal,Hessen,51.236871,9.9147,1697,19.576328
DE,37299,Weißenborn,Hessen,51.118129,10.126706,1097,15.547929
DE,37308,Bodenrode-Westhausen,Thüringen,51.333546,10.15372,27566,227.387092
DE,37308,Geisleden,Thüringen,51.333546,10.15372,27566,227.387092
DE,37308,Geismar,Thüringen,51.333546,10.15372,27566,227.387092
DE,37308,"Heilbad Heiligenstadt",Thüringen,51.333546,10.15372,27566,227.387092
DE,37308,Heuthen,Thüringen,51.333546,10.15372,27566,227.387092
DE,37308,Kella,Thüringen,51.333546,10.15372,27566,227.387092
DE,37308,Krombach,Thüringen,51.333546,10.15372,27566,227.387092
DE,37308,Pfaffschwende,Thüringen,51.333546,10.15372,27566,227.387092
DE,37308,Reinholterode,Thüringen,51.333546,10.15372,27566,227.387092
DE,37308,Schimberg,Thüringen,51.333546,10.15372,27566,227.387092
DE,37308,Steinbach,Thüringen,51.333546,10.15372,27566,227.387092
DE,37308,Volkerode,Thüringen,51.333546,10.15372,27566,227.387092
DE,37308,Wiesenfeld,Thüringen,51.333546,10.15372,27566,227.387092
DE,37318,Arenshausen,Thüringen,51.345553,10.025853,12409,154.932257
DE,37318,Asbach-Sickenberg,Thüringen,51.345553,10.025853,12409,154.932257
DE,37318,Bornhagen,Thüringen,51.345553,10.025853,12409,154.932257
DE,37318,Burgwalde,Thüringen,51.345553,10.025853,12409,154.932257
DE,37318,Dieterode,Thüringen,51.345553,10.025853,12409,154.932257
DE,37318,Dietzenrode/Vatterode,Thüringen,51.345553,10.025853,12409,154.932257
DE,37318,Freienhagen,Thüringen,51.345553,10.025853,12409,154.932257
DE,37318,Fretterode,Thüringen,51.345553,10.025853,12409,154.932257
DE,37318,Gerbershausen,Thüringen,51.345553,10.025853,12409,154.932257
DE,37318,Hohengandern,Thüringen,51.345553,10.025853,12409,154.932257
DE,37318,Kirchgandern,Thüringen,51.345553,10.025853,12409,154.932257
DE,37318,Lindewerra,Thüringen,51.345553,10.025853,12409,154.932257
DE,37318,Marth,Thüringen,51.345553,10.025853,12409,154.932257
DE,37318,Rohrberg,Thüringen,51.345553,10.025853,12409,154.932257
DE,37318,Rustenfelde,Thüringen,51.345553,10.025853,12409,154.932257
DE,37318,Schachtebich,Thüringen,51.345553,10.025853,12409,154.932257
DE,37318,Schwobfeld,Thüringen,51.345553,10.025853,12409,154.932257
DE,37318,Uder,Thüringen,51.345553,10.025853,12409,154.932257
DE,37318,Wahlhausen,Thüringen,51.345553,10.025853,12409,154.932257
DE,37327,Leinefelde-Worbis,Thüringen,51.38094,10.30111,14775,60.65806
DE,37327,Wingerode,Thüringen,51.38094,10.30111,14775,60.65806
DE,37339,Berlingerode,Thüringen,51.44564,10.351467,21261,194.979875
DE,37339,Brehme,Thüringen,51.44564,10.351467,21261,194.979875
DE,37339,Breitenworbis,Thüringen,51.44564,10.351467,21261,194.979875
DE,37339,Buhla,Thüringen,51.44564,10.351467,21261,194.979875
DE,37339,Ecklingerode,Thüringen,51.44564,10.351467,21261,194.979875
DE,37339,Ferna,Thüringen,51.44564,10.351467,21261,194.979875
DE,37339,Gernrode,Thüringen,51.44564,10.351467,21261,194.979875
DE,37339,Haynrode,Thüringen,51.44564,10.351467,21261,194.979875
DE,37339,Kirchworbis,Thüringen,51.44564,10.351467,21261,194.979875
DE,37339,Leinefelde-Worbis,Thüringen,51.44564,10.351467,21261,194.979875
DE,37339,Tastungen,Thüringen,51.44564,10.351467,21261,194.979875
DE,37339,Teistungen,Thüringen,51.44564,10.351467,21261,194.979875
DE,37339,Wehnde,Thüringen,51.44564,10.351467,21261,194.979875
DE,37345,"Am Ohmberg",Thüringen,51.523836,10.440309,8743,126.334639
DE,37345,Sonnenstein,Thüringen,51.523836,10.440309,8743,126.334639
DE,37351,Dingelstädt,Thüringen,51.319575,10.30171,7081,59.248807
DE,37355,Niederorschel,Thüringen,51.363147,10.430395,5544,56.182834
DE,37359,Büttstedt,Thüringen,51.265923,10.246283,5028,63.083693
DE,37359,Effelder,Thüringen,51.265923,10.246283,5028,63.083693
DE,37359,Großbartloff,Thüringen,51.265923,10.246283,5028,63.083693
DE,37359,Küllstedt,Thüringen,51.265923,10.246283,5028,63.083693
DE,37359,Wachstedt,Thüringen,51.265923,10.246283,5028,63.083693
DE,37412,Elbingerode,Niedersachsen,51.644357,10.337766,14998,82.317181
DE,37412,"Herzberg am Harz",Niedersachsen,51.644357,10.337766,14998,82.317181
DE,37412,"Hörden am Harz",Niedersachsen,51.644357,10.337766,14998,82.317181
DE,37431,"Bad Lauterberg im Harz",Niedersachsen,51.639903,10.457863,10978,118.597892
DE,37431,"Harz (Landkreis Göttingen)",Niedersachsen,51.639903,10.457863,10978,118.597892
DE,37434,Bilshausen,Niedersachsen,51.595163,10.204924,14262,110.963375
DE,37434,Bodensee,Niedersachsen,51.595163,10.204924,14262,110.963375
DE,37434,Gieboldehausen,Niedersachsen,51.595163,10.204924,14262,110.963375
DE,37434,"Herzberg am Harz",Niedersachsen,51.595163,10.204924,14262,110.963375
DE,37434,Krebeck,Niedersachsen,51.595163,10.204924,14262,110.963375
DE,37434,Obernfeld,Niedersachsen,51.595163,10.204924,14262,110.963375
DE,37434,Rhumspringe,Niedersachsen,51.595163,10.204924,14262,110.963375
DE,37434,Rollshausen,Niedersachsen,51.595163,10.204924,14262,110.963375
DE,37434,Rüdershausen,Niedersachsen,51.595163,10.204924,14262,110.963375
DE,37434,Wollbrandshausen,Niedersachsen,51.595163,10.204924,14262,110.963375
DE,37434,Wollershausen,Niedersachsen,51.595163,10.204924,14262,110.963375
DE,37441,"Bad Sachsa",Niedersachsen,51.586123,10.541923,7686,33.401759
DE,37444,Braunlage,Niedersachsen,51.719855,10.535934,1744,72.563366
DE,37444,"Harz (LK Goslar)",Niedersachsen,51.719855,10.535934,1744,72.563366
DE,37445,"Harz (Landkreis Göttingen)",Niedersachsen,51.624525,10.604837,4813,68.732161
DE,37445,Walkenried,Niedersachsen,51.624525,10.604837,4813,68.732161
DE,37520,"Harz (Landkreis Göttingen)",Niedersachsen,51.730831,10.306499,23204,233.753035
DE,37520,"Osterode am Harz",Niedersachsen,51.730831,10.306499,23204,233.753035
DE,37539,"Bad Grund",Niedersachsen,51.788493,10.200067,9038,41.241882
DE,37574,Einbeck,Niedersachsen,51.823006,9.889053,32230,230.780349
DE,37581,"Bad Gandersheim",Niedersachsen,51.883692,10.040779,10055,90.401304
DE,37586,Dassel,Niedersachsen,51.784503,9.690371,10293,192.391662
DE,37586,Solling,Niedersachsen,51.784503,9.690371,10293,192.391662
DE,37589,Kalefeld,Niedersachsen,51.79071,10.08282,6820,84.405588
DE,37603,Holzminden,Niedersachsen,51.78989,9.499246,20236,102.698072
DE,37619,Bodenwerder,Niedersachsen,51.962214,9.50808,9669,85.803917
DE,37619,Hehlen,Niedersachsen,51.962214,9.50808,9669,85.803917
DE,37619,Heyen,Niedersachsen,51.962214,9.50808,9669,85.803917
DE,37619,Kirchbrak,Niedersachsen,51.962214,9.50808,9669,85.803917
DE,37619,Pegestorf,Niedersachsen,51.962214,9.50808,9669,85.803917
DE,37620,Halle,Niedersachsen,52.005122,9.568214,1619,28.828368
DE,37627,Arholzen,Niedersachsen,51.855336,9.618632,9777,93.864013
DE,37627,Deensen,Niedersachsen,51.855336,9.618632,9777,93.864013
DE,37627,Heinade,Niedersachsen,51.855336,9.618632,9777,93.864013
DE,37627,Lenne,Niedersachsen,51.855336,9.618632,9777,93.864013
DE,37627,Stadtoldendorf,Niedersachsen,51.855336,9.618632,9777,93.864013
DE,37627,Wangelnstedt,Niedersachsen,51.855336,9.618632,9777,93.864013
DE,37632,Eimen,Niedersachsen,51.915103,9.691939,5134,65.101778
DE,37632,Eschershausen,Niedersachsen,51.915103,9.691939,5134,65.101778
DE,37632,Holzen,Niedersachsen,51.915103,9.691939,5134,65.101778
DE,37633,Dielmissen,Niedersachsen,51.968876,9.607995,848,7.505089
DE,37635,Lüerdissen,Niedersachsen,51.955608,9.621983,448,6.957089
DE,37639,Bevern,Niedersachsen,51.880583,9.496974,4019,33.727831
DE,37640,Golmbach,Niedersachsen,51.896337,9.533934,987,15.68222
DE,37642,Holenberg,Niedersachsen,51.912201,9.584579,443,7.456343
DE,37643,Negenborn,Niedersachsen,51.890607,9.580006,722,9.813283
DE,37647,Brevörde,Niedersachsen,51.903427,9.389421,2359,48.629924
DE,37647,Polle,Niedersachsen,51.903427,9.389421,2359,48.629924
DE,37647,Vahlbruch,Niedersachsen,51.903427,9.389421,2359,48.629924
DE,37649,Heinsen,Niedersachsen,51.872101,9.421542,852,18.668927
DE,37671,Höxter,Nordrhein-Westfalen,51.786628,9.344678,30209,158.017775
DE,37688,Beverungen,Nordrhein-Westfalen,51.667761,9.338907,13873,97.91499
DE,37691,Boffzen,Niedersachsen,51.731109,9.432501,3532,41.645283
DE,37691,Derental,Niedersachsen,51.731109,9.432501,3532,41.645283
DE,37696,Marienmünster,Nordrhein-Westfalen,51.824063,9.233189,5380,63.371221
DE,37697,Lauenförde,Niedersachsen,51.668383,9.407332,2507,16.364797
DE,37699,Fürstenberg,Niedersachsen,51.726691,9.402697,1149,3.455425
DE,38100,Braunschweig,Niedersachsen,52.263557,10.523642,12351,2.215903
DE,38102,Braunschweig,Niedersachsen,52.25786,10.536847,17351,2.538331
DE,38104,Braunschweig,Niedersachsen,52.274495,10.587704,16821,20.392157
DE,38106,Braunschweig,Niedersachsen,52.280015,10.536535,22020,3.941988
DE,38108,Braunschweig,Niedersachsen,52.303987,10.578925,17843,19.790462
DE,38110,Braunschweig,Niedersachsen,52.333307,10.548501,12569,30.617557
DE,38112,Braunschweig,Niedersachsen,52.309246,10.47572,16531,21.401041
DE,38114,Braunschweig,Niedersachsen,52.282152,10.503034,14794,5.452925
DE,38116,Braunschweig,Niedersachsen,52.281003,10.456987,14923,16.860019
DE,38118,Braunschweig,Niedersachsen,52.260678,10.500506,20047,3.395597
DE,38120,Braunschweig,Niedersachsen,52.248075,10.466994,25310,11.431479
DE,38122,Braunschweig,Niedersachsen,52.224286,10.478199,14274,21.242528
DE,38124,Braunschweig,Niedersachsen,52.213794,10.524865,20630,15.841989
DE,38126,Braunschweig,Niedersachsen,52.234104,10.568269,17206,17.657927
DE,38154,Königslutter,Niedersachsen,52.269564,10.812361,15670,150.696794
DE,38154,"Königslutter am Elm",Niedersachsen,52.269564,10.812361,15670,150.696794
DE,38159,Vechelde,Niedersachsen,52.251324,10.366283,16013,76.530823
DE,38162,Cremlingen,Niedersachsen,52.262846,10.68186,12804,59.42544
DE,38165,Lehre,Niedersachsen,52.340497,10.676479,11523,72.054697
DE,38170,Dahlum,Niedersachsen,52.134472,10.782951,9470,133.299042
DE,38170,Kneitlingen,Niedersachsen,52.134472,10.782951,9470,133.299042
DE,38170,Schöppenstedt,Niedersachsen,52.134472,10.782951,9470,133.299042
DE,38170,Uehrde,Niedersachsen,52.134472,10.782951,9470,133.299042
DE,38170,Vahlberg,Niedersachsen,52.134472,10.782951,9470,133.299042
DE,38170,Winnigstedt,Niedersachsen,52.134472,10.782951,9470,133.299042
DE,38173,Dettum,Niedersachsen,52.198503,10.676343,10284,82.354254
DE,38173,Erkerode,Niedersachsen,52.198503,10.676343,10284,82.354254
DE,38173,Evessen,Niedersachsen,52.198503,10.676343,10284,82.354254
DE,38173,Sickte,Niedersachsen,52.198503,10.676343,10284,82.354254
DE,38173,Veltheim,Niedersachsen,52.198503,10.676343,10284,82.354254
DE,38176,Wendeburg,Niedersachsen,52.331064,10.372391,10018,60.046181
DE,38179,Schwülper,Niedersachsen,52.34673,10.447254,6830,20.886289
DE,38226,Salzgitter,Niedersachsen,52.159774,10.330043,30507,9.177059
DE,38228,Salzgitter,Niedersachsen,52.146496,10.277907,15462,39.348927
DE,38229,Salzgitter,Niedersachsen,52.122575,10.360032,12963,53.488333
DE,38239,Salzgitter,Niedersachsen,52.176521,10.429068,13905,57.77106
DE,38259,Salzgitter,Niedersachsen,52.060775,10.389648,26137,64.508075
DE,38268,Lengede,Niedersachsen,52.2035,10.30409,12741,34.171395
DE,38271,Baddeckenstedt,Niedersachsen,52.092854,10.214262,3071,20.550289
DE,38272,Burgdorf,Niedersachsen,52.143409,10.215919,2413,24.168723
DE,38274,Elbe,Niedersachsen,52.088759,10.280033,1628,16.910078
DE,38275,Haverlah,Niedersachsen,52.061785,10.309349,1629,16.703658
DE,38277,Heere,Niedersachsen,52.05654,10.238065,1203,14.74262
DE,38279,Sehlde,Niedersachsen,52.029074,10.239049,936,20.917003
DE,38300,Wolfenbüttel,Niedersachsen,52.154334,10.568993,13545,10.191677
DE,38302,Wolfenbüttel,Niedersachsen,52.18493,10.578493,19775,32.042739
DE,38304,Wolfenbüttel,Niedersachsen,52.146155,10.499228,18427,36.224422
DE,38312,Börßum,Niedersachsen,52.086044,10.545116,6938,89.506511
DE,38312,Cramme,Niedersachsen,52.086044,10.545116,6938,89.506511
DE,38312,Dorstadt,Niedersachsen,52.086044,10.545116,6938,89.506511
DE,38312,Flöthe,Niedersachsen,52.086044,10.545116,6938,89.506511
DE,38312,Heiningen,Niedersachsen,52.086044,10.545116,6938,89.506511
DE,38312,Ohrum,Niedersachsen,52.086044,10.545116,6938,89.506511
DE,38315,Schladen-Werla,Niedersachsen,52.02634,10.548457,9121,73.532996
DE,38319,Remlingen-Semmenstedt,Niedersachsen,52.107893,10.655607,1874,21.63816
DE,38321,Denkte,Niedersachsen,52.138196,10.606561,3039,18.07795
DE,38322,Hedeper,Niedersachsen,52.064838,10.694058,516,15.684769
DE,38324,Kissenbrück,Niedersachsen,52.111667,10.595183,1784,6.668813
DE,38325,Roklum,Niedersachsen,52.07276,10.738494,470,8.350747
DE,38327,Remlingen-Semmenstedt,Niedersachsen,52.090426,10.692686,662,11.749816
DE,38329,Wittmar,Niedersachsen,52.129745,10.644184,1221,4.654147
DE,38350,Helmstedt,Niedersachsen,52.235951,10.995902,23258,66.997974
DE,38364,Schöningen,Niedersachsen,52.143497,10.955542,11653,47.334626
DE,38368,Grasleben,Niedersachsen,52.303871,10.963195,4636,61.265721
DE,38368,Mariental,Niedersachsen,52.303871,10.963195,4636,61.265721
DE,38368,Querenhorst,Niedersachsen,52.303871,10.963195,4636,61.265721
DE,38368,Rennau,Niedersachsen,52.303871,10.963195,4636,61.265721
DE,38372,Helmstedt,Niedersachsen,52.162622,11.020542,2704,18.379292
DE,38373,Frellstedt,Niedersachsen,52.223935,10.905297,2522,16.57448
DE,38373,Süpplingen,Niedersachsen,52.223935,10.905297,2522,16.57448
DE,38375,Räbke,Niedersachsen,52.198233,10.870319,682,11.359737
DE,38376,Süpplingenburg,Niedersachsen,52.260782,10.909931,651,14.174668
DE,38378,Warberg,Niedersachsen,52.181426,10.925513,900,7.908281
DE,38379,Wolsdorf,Niedersachsen,52.198146,10.951456,1016,13.215079
DE,38381,Jerxheim,Niedersachsen,52.076903,10.897585,1180,17.535954
DE,38382,Beierstedt,Niedersachsen,52.067101,10.85348,423,9.605951
DE,38384,Gevensleben,Niedersachsen,52.075191,10.821843,686,15.204583
DE,38387,Söllingen,Niedersachsen,52.106425,10.908446,1819,39.50997
DE,38440,Wolfsburg,Niedersachsen,52.425797,10.767575,25285,15.618481
DE,38442,Wolfsburg,Niedersachsen,52.418058,10.697895,22851,47.198982
DE,38444,Wolfsburg,Niedersachsen,52.375272,10.763619,22244,29.554204
DE,38446,Wolfsburg,Niedersachsen,52.381166,10.837754,20845,62.108657
DE,38448,Wolfsburg,Niedersachsen,52.457088,10.819467,28805,50.085138
DE,38458,Velpke,Niedersachsen,52.408145,10.950525,4651,19.942597
DE,38459,Bahrdorf,Niedersachsen,52.370127,11.006746,1907,40.640257
DE,38461,Danndorf,Niedersachsen,52.435721,10.905953,2102,13.997508
DE,38462,Grafhorst,Niedersachsen,52.446628,10.938917,1012,9.682329
DE,38464,"Groß Twülpstedt",Niedersachsen,52.366633,10.912666,2563,36.385373
DE,38465,Brome,Niedersachsen,52.600323,10.908979,3257,36.88889
DE,38467,Bergfeld,Niedersachsen,52.539099,10.851766,908,10.545788
DE,38468,Ehra-Lessien,Niedersachsen,52.578002,10.776284,1634,56.276444
DE,38470,Parsau,Niedersachsen,52.524458,10.92464,1850,40.118803
DE,38471,Rühen,Niedersachsen,52.488698,10.883538,4858,31.073448
DE,38473,Tiddische,Niedersachsen,52.511222,10.817006,1260,16.370817
DE,38474,Tülau,Niedersachsen,52.580309,10.874404,1530,23.523087
DE,38476,Barwedel,Niedersachsen,52.53496,10.76933,1021,19.828737
DE,38477,Jembke,Niedersachsen,52.504062,10.754392,1872,14.610358
DE,38479,Tappenbeck,Niedersachsen,52.477751,10.735698,1366,5.168316
DE,38486,Apenburg-Winterfeld,Sachsen-Anhalt,52.620362,11.122659,12377,339.205544
DE,38486,Klötze,Sachsen-Anhalt,52.620362,11.122659,12377,339.205544
DE,38489,Beetzendorf,Sachsen-Anhalt,52.687096,11.013355,6193,207.592672
DE,38489,Jübar,Sachsen-Anhalt,52.687096,11.013355,6193,207.592672
DE,38489,Rohrberg,Sachsen-Anhalt,52.687096,11.013355,6193,207.592672
DE,38518,Gifhorn,Niedersachsen,52.504421,10.524156,41231,102.587041
DE,38524,Sassenburg,Niedersachsen,52.532545,10.647392,10848,88.444184
DE,38527,Meine,Niedersachsen,52.376978,10.570287,8229,38.995492
DE,38528,Adenbüttel,Niedersachsen,52.388825,10.45129,1771,13.59312
DE,38530,Didderse,Niedersachsen,52.384146,10.406151,1336,7.419535
DE,38531,Rötgesbüttel,Niedersachsen,52.409374,10.520427,2257,10.908152
DE,38533,Vordorf,Niedersachsen,52.371747,10.504837,3105,19.362863
DE,38536,Meinersen,Niedersachsen,52.478414,10.33115,8270,53.816212
DE,38539,"Müden (Aller)",Niedersachsen,52.517294,10.393881,5382,67.103324
DE,38542,Leiferde,Niedersachsen,52.448589,10.435077,4355,28.147315
DE,38543,Hillerse,Niedersachsen,52.418804,10.392674,2524,24.127647
DE,38547,Calberlah,Niedersachsen,52.42084,10.638224,5073,27.616596
DE,38550,Isenbüttel,Niedersachsen,52.443404,10.583113,6309,18.775497
DE,38551,Ribbesbüttel,Niedersachsen,52.430612,10.497115,2092,24.67408
DE,38553,Wasbüttel,Niedersachsen,52.412596,10.593537,1881,6.620196
DE,38554,Weyhausen,Niedersachsen,52.46321,10.717846,2533,7.969604
DE,38556,Bokensdorf,Niedersachsen,52.502108,10.70532,971,14.475593
DE,38557,Osloß,Niedersachsen,52.474516,10.676139,1899,7.71106
DE,38559,Gifhorn,Niedersachsen,52.554733,10.518259,1141,7.626752
DE,38559,Wagenhoff,Niedersachsen,52.554733,10.518259,1141,7.626752
DE,38640,Goslar,Niedersachsen,51.909539,10.433001,17634,7.423281
DE,38642,Goslar,Niedersachsen,51.916083,10.464469,16886,8.392959
DE,38644,"Bad Harzburg",Niedersachsen,51.908321,10.413279,6293,79.606901
DE,38644,Goslar,Niedersachsen,51.908321,10.413279,6293,79.606901
DE,38667,"Bad Harzburg",Niedersachsen,51.859555,10.545096,22148,131.339859
DE,38667,Clausthal-Zellerfeld,Niedersachsen,51.859555,10.545096,22148,131.339859
DE,38667,"Harz (LK Goslar)",Niedersachsen,51.859555,10.545096,22148,131.339859
DE,38678,Clausthal-Zellerfeld,Niedersachsen,51.809017,10.33637,12629,65.268889
DE,38678,"Harz (LK Goslar)",Niedersachsen,51.809017,10.33637,12629,65.268889
DE,38685,"Harz (LK Goslar)",Niedersachsen,51.914715,10.324647,12058,80.365644
DE,38685,Langelsheim,Niedersachsen,51.914715,10.324647,12058,80.365644
DE,38690,Goslar,Niedersachsen,51.954001,10.550284,10767,70.997938
DE,38700,Braunlage,Niedersachsen,51.707487,10.624122,4514,59.607938
DE,38700,"Harz (LK Goslar)",Niedersachsen,51.707487,10.624122,4514,59.607938
DE,38704,Liebenburg,Niedersachsen,52.003717,10.409392,8590,78.509683
DE,38707,Clausthal-Zellerfeld,Niedersachsen,51.816926,10.445663,1884,67.027187
DE,38707,"Harz (LK Goslar)",Niedersachsen,51.816926,10.445663,1884,67.027187
DE,38709,Clausthal-Zellerfeld,Niedersachsen,51.827251,10.28395,975,3.449281
DE,38723,"Harz (LK Goslar)",Niedersachsen,51.889881,10.186627,19907,181.837107
DE,38723,Seesen,Niedersachsen,51.889881,10.186627,19907,181.837107
DE,38729,Langelsheim,Niedersachsen,51.982573,10.251983,4274,59.927573
DE,38820,Halberstadt,Sachsen-Anhalt,51.888971,11.042028,34881,56.508506
DE,38822,"Groß Quenstedt",Sachsen-Anhalt,51.928511,11.024986,5102,84.079699
DE,38822,Halberstadt,Sachsen-Anhalt,51.928511,11.024986,5102,84.079699
DE,38828,Wegeleben,Sachsen-Anhalt,51.88496,11.188804,2808,51.881011
DE,38829,Harsleben,Sachsen-Anhalt,51.860988,11.101963,2217,27.924368
DE,38835,Osterwieck,Sachsen-Anhalt,51.986512,10.725119,10404,181.477109
DE,38836,Huy,Sachsen-Anhalt,52.008472,10.890609,4992,115.24929
DE,38836,Osterwieck,Sachsen-Anhalt,52.008472,10.890609,4992,115.24929
DE,38838,Huy,Sachsen-Anhalt,51.994516,11.017649,4201,84.093981
DE,38855,Nordharz,Sachsen-Anhalt,51.846576,10.799611,35411,158.116441
DE,38855,Wernigerode,Sachsen-Anhalt,51.846576,10.799611,35411,158.116441
DE,38871,Ilsenburg,Sachsen-Anhalt,51.883378,10.696848,15773,137.265243
DE,38871,Nordharz,Sachsen-Anhalt,51.883378,10.696848,15773,137.265243
DE,38875,"Oberharz am Brocken",Sachsen-Anhalt,51.73856,10.734982,5063,117.785827
DE,38875,Wernigerode,Sachsen-Anhalt,51.73856,10.734982,5063,117.785827
DE,38877,"Oberharz am Brocken",Sachsen-Anhalt,51.661356,10.724145,2007,23.635775
DE,38879,Wernigerode,Sachsen-Anhalt,51.786614,10.627677,597,40.118481
DE,38889,Blankenburg,Sachsen-Anhalt,51.78155,10.922568,18658,134.821601
DE,38889,"Oberharz am Brocken",Sachsen-Anhalt,51.78155,10.922568,18658,134.821601
DE,38895,Blankenburg,Sachsen-Anhalt,51.863451,10.944787,4190,55.728581
DE,38895,Halberstadt,Sachsen-Anhalt,51.863451,10.944787,4190,55.728581
DE,38899,"Oberharz am Brocken",Sachsen-Anhalt,51.674377,10.854386,3741,109.608701
DE,39104,Magdeburg,Sachsen-Anhalt,52.11873,11.636513,19352,6.266675
DE,39106,Magdeburg,Sachsen-Anhalt,52.14485,11.649712,10230,2.567995
DE,39108,Magdeburg,Sachsen-Anhalt,52.132638,11.61368,24928,3.213038
DE,39110,Magdeburg,Sachsen-Anhalt,52.124096,11.567127,18287,15.07216
DE,39112,Magdeburg,Sachsen-Anhalt,52.110567,11.611119,19465,4.871614
DE,39114,Magdeburg,Sachsen-Anhalt,52.10464,11.699054,20577,60.533596
DE,39116,Magdeburg,Sachsen-Anhalt,52.087527,11.559249,16615,19.155071
DE,39118,Magdeburg,Sachsen-Anhalt,52.091979,11.605882,14555,4.585283
DE,39120,Magdeburg,Sachsen-Anhalt,52.080259,11.615281,9768,9.43855
DE,39122,Magdeburg,Sachsen-Anhalt,52.062585,11.652604,11476,26.349293
DE,39124,Magdeburg,Sachsen-Anhalt,52.157627,11.641766,13700,4.581078
DE,39126,Magdeburg,Sachsen-Anhalt,52.191935,11.661057,14117,25.310303
DE,39128,Magdeburg,Sachsen-Anhalt,52.163279,11.610397,20373,11.456567
DE,39130,Magdeburg,Sachsen-Anhalt,52.156839,11.577009,14753,8.276513
DE,39164,Wanzleben-Börde,Sachsen-Anhalt,52.086063,11.39156,14794,188.34964
DE,39167,"Hohe Börde",Sachsen-Anhalt,52.150663,11.461061,9215,67.072931
DE,39171,Sülzetal,Sachsen-Anhalt,52.015485,11.542705,9243,104.311865
DE,39175,Biederitz,Sachsen-Anhalt,52.150927,11.763727,10511,70.187859
DE,39175,Gommern,Sachsen-Anhalt,52.150927,11.763727,10511,70.187859
DE,39175,Möser,Sachsen-Anhalt,52.150927,11.763727,10511,70.187859
DE,39179,Barleben,Sachsen-Anhalt,52.203499,11.592414,8953,28.527027
DE,39217,"Schönebeck (Elbe)",Sachsen-Anhalt,52.044285,11.810154,2360,27.742055
DE,39218,"Schönebeck (Elbe)",Sachsen-Anhalt,52.017144,11.737009,30267,58.79478
DE,39221,Bördeland,Sachsen-Anhalt,51.969623,11.678995,8017,92.576618
DE,39240,Barby,Sachsen-Anhalt,51.899207,11.856342,12518,135.582816
DE,39240,"Calbe (Saale)",Sachsen-Anhalt,51.899207,11.856342,12518,135.582816
DE,39245,Gommern,Sachsen-Anhalt,52.073673,11.83598,6016,32.34488
DE,39249,Barby,Sachsen-Anhalt,51.970142,11.842775,6258,76.155084
DE,39261,Zerbst/Anhalt,Sachsen-Anhalt,51.971903,12.087983,13626,39.2523
DE,39264,Gommern,Sachsen-Anhalt,51.995938,12.11393,9936,461.533636
DE,39264,Zerbst/Anhalt,Sachsen-Anhalt,51.995938,12.11393,9936,461.533636
DE,39279,Gommern,Sachsen-Anhalt,52.1026,12.076172,5121,212.892355
DE,39279,Möckern,Sachsen-Anhalt,52.1026,12.076172,5121,212.892355
DE,39288,Burg,Sachsen-Anhalt,52.284692,11.856504,23188,165.409352
DE,39291,Genthin,Sachsen-Anhalt,52.195993,11.98991,18928,473.081856
DE,39291,Gommern,Sachsen-Anhalt,52.195993,11.98991,18928,473.081856
DE,39291,Möckern,Sachsen-Anhalt,52.195993,11.98991,18928,473.081856
DE,39291,Möser,Sachsen-Anhalt,52.195993,11.98991,18928,473.081856
DE,39307,Elbe-Parey,Sachsen-Anhalt,52.370114,12.17536,20131,406.919851
DE,39307,Genthin,Sachsen-Anhalt,52.370114,12.17536,20131,406.919851
DE,39307,Jerichow,Sachsen-Anhalt,52.370114,12.17536,20131,406.919851
DE,39317,Elbe-Parey,Sachsen-Anhalt,52.382219,11.990262,6042,77.960149
DE,39319,Jerichow,Sachsen-Anhalt,52.48148,12.068882,3269,121.500555
DE,39326,Angern,Sachsen-Anhalt,52.283262,11.621286,31292,306.267496
DE,39326,Colbitz,Sachsen-Anhalt,52.283262,11.621286,31292,306.267496
DE,39326,"Hohe Börde",Sachsen-Anhalt,52.283262,11.621286,31292,306.267496
DE,39326,Loitsche-Heinrichsberg,Sachsen-Anhalt,52.283262,11.621286,31292,306.267496
DE,39326,"Niedere Börde",Sachsen-Anhalt,52.283262,11.621286,31292,306.267496
DE,39326,Rogätz,Sachsen-Anhalt,52.283262,11.621286,31292,306.267496
DE,39326,Wolmirstedt,Sachsen-Anhalt,52.283262,11.621286,31292,306.267496
DE,39326,Zielitz,Sachsen-Anhalt,52.283262,11.621286,31292,306.267496
DE,39340,Haldensleben,Sachsen-Anhalt,52.28698,11.407358,16108,38.997728
DE,39343,Altenhausen,Sachsen-Anhalt,52.237208,11.285243,15223,313.050858
DE,39343,Beendorf,Sachsen-Anhalt,52.237208,11.285243,15223,313.050858
DE,39343,Erxleben,Sachsen-Anhalt,52.237208,11.285243,15223,313.050858
DE,39343,Haldensleben,Sachsen-Anhalt,52.237208,11.285243,15223,313.050858
DE,39343,"Hohe Börde",Sachsen-Anhalt,52.237208,11.285243,15223,313.050858
DE,39343,Ingersleben,Sachsen-Anhalt,52.237208,11.285243,15223,313.050858
DE,39343,Oebisfelde-Weferlingen,Sachsen-Anhalt,52.237208,11.285243,15223,313.050858
DE,39343,Westheide,Sachsen-Anhalt,52.237208,11.285243,15223,313.050858
DE,39345,Bülstringen,Sachsen-Anhalt,52.337292,11.389039,5669,190.090451
DE,39345,Flechtingen,Sachsen-Anhalt,52.337292,11.389039,5669,190.090451
DE,39345,Haldensleben,Sachsen-Anhalt,52.337292,11.389039,5669,190.090451
DE,39345,"Niedere Börde",Sachsen-Anhalt,52.337292,11.389039,5669,190.090451
DE,39345,Westheide,Sachsen-Anhalt,52.337292,11.389039,5669,190.090451
DE,39356,Flechtingen,Sachsen-Anhalt,52.315475,11.102162,5375,109.650887
DE,39356,Oebisfelde-Weferlingen,Sachsen-Anhalt,52.315475,11.102162,5375,109.650887
DE,39359,Calvörde,Sachsen-Anhalt,52.396033,11.194657,5116,145.160632
DE,39359,Flechtingen,Sachsen-Anhalt,52.396033,11.194657,5116,145.160632
DE,39359,Oebisfelde-Weferlingen,Sachsen-Anhalt,52.396033,11.194657,5116,145.160632
DE,39365,Eilsleben,Sachsen-Anhalt,52.164052,11.173259,9962,132.636239
DE,39365,Harbke,Sachsen-Anhalt,52.164052,11.173259,9962,132.636239
DE,39365,Sommersdorf,Sachsen-Anhalt,52.164052,11.173259,9962,132.636239
DE,39365,Ummendorf,Sachsen-Anhalt,52.164052,11.173259,9962,132.636239
DE,39365,Wefensleben,Sachsen-Anhalt,52.164052,11.173259,9962,132.636239
DE,39387,Oschersleben,Sachsen-Anhalt,52.029836,11.264134,20627,189.873317
DE,39393,"Am Großen Bruch",Sachsen-Anhalt,52.083713,11.07795,9293,162.305088
DE,39393,Ausleben,Sachsen-Anhalt,52.083713,11.07795,9293,162.305088
DE,39393,Hötensleben,Sachsen-Anhalt,52.083713,11.07795,9293,162.305088
DE,39393,Völpke,Sachsen-Anhalt,52.083713,11.07795,9293,162.305088
DE,39397,Gröningen,Sachsen-Anhalt,51.95047,11.223216,7873,131.695804
DE,39397,Kroppenstedt,Sachsen-Anhalt,51.95047,11.223216,7873,131.695804
DE,39397,Schwanebeck,Sachsen-Anhalt,51.95047,11.223216,7873,131.695804
DE,39418,Staßfurt,Sachsen-Anhalt,51.838611,11.583671,19299,43.502803
DE,39435,Borne,Sachsen-Anhalt,51.941562,11.48844,8230,87.063807
DE,39435,Bördeaue,Sachsen-Anhalt,51.941562,11.48844,8230,87.063807
DE,39435,Egeln,Sachsen-Anhalt,51.941562,11.48844,8230,87.063807
DE,39435,Wolmirsleben,Sachsen-Anhalt,51.941562,11.48844,8230,87.063807
DE,39439,Güsten,Sachsen-Anhalt,51.787364,11.605245,4485,36.233638
DE,39443,Staßfurt,Sachsen-Anhalt,51.894885,11.645481,6011,83.724507
DE,39444,Hecklingen,Sachsen-Anhalt,51.869001,11.457326,7485,95.976731
DE,39446,Staßfurt,Sachsen-Anhalt,51.891273,11.540945,2816,19.922588
DE,39448,Börde-Hakel,Sachsen-Anhalt,51.953321,11.391305,3306,38.909287
DE,39517,Angern,Sachsen-Anhalt,52.435329,11.769392,14170,455.705555
DE,39517,Burgstall,Sachsen-Anhalt,52.435329,11.769392,14170,455.705555
DE,39517,Tangerhütte,Sachsen-Anhalt,52.435329,11.769392,14170,455.705555
DE,39524,Kamern,Sachsen-Anhalt,52.648407,12.08646,7627,296.074041
DE,39524,Klietz,Sachsen-Anhalt,52.648407,12.08646,7627,296.074041
DE,39524,"Sandau (Elbe)",Sachsen-Anhalt,52.648407,12.08646,7627,296.074041
DE,39524,"Schönhausen (Elbe)",Sachsen-Anhalt,52.648407,12.08646,7627,296.074041
DE,39524,Wust-Fischbeck,Sachsen-Anhalt,52.648407,12.08646,7627,296.074041
DE,39539,Havelberg,Sachsen-Anhalt,52.820242,12.146273,6974,150.158948
DE,39576,Stendal,Sachsen-Anhalt,52.585239,11.783936,41022,272.30963
DE,39579,Rochau,Sachsen-Anhalt,52.7059,11.769329,1134,39.120782
DE,39590,Tangermünde,Sachsen-Anhalt,52.541193,11.945404,10667,90.548548
DE,39596,Arneburg,Sachsen-Anhalt,52.707823,11.938501,6367,175.641985
DE,39596,"Eichstedt (Altmark)",Sachsen-Anhalt,52.707823,11.938501,6367,175.641985
DE,39596,Goldbeck,Sachsen-Anhalt,52.707823,11.938501,6367,175.641985
DE,39596,Hassel,Sachsen-Anhalt,52.707823,11.938501,6367,175.641985
DE,39596,Hohenberg-Krusemark,Sachsen-Anhalt,52.707823,11.938501,6367,175.641985
DE,39606,"Altmärkische Höhe",Sachsen-Anhalt,52.797524,11.722918,13674,368.69927
DE,39606,Iden,Sachsen-Anhalt,52.797524,11.722918,13674,368.69927
DE,39606,Osterburg,Sachsen-Anhalt,52.797524,11.722918,13674,368.69927
DE,39615,Aland,Sachsen-Anhalt,52.913997,11.75185,10113,393.81014
DE,39615,"Altmärkische Wische",Sachsen-Anhalt,52.913997,11.75185,10113,393.81014
DE,39615,"Seehausen (Altmark)",Sachsen-Anhalt,52.913997,11.75185,10113,393.81014
DE,39615,"Werben (Elbe)",Sachsen-Anhalt,52.913997,11.75185,10113,393.81014
DE,39615,Zehrental,Sachsen-Anhalt,52.913997,11.75185,10113,393.81014
DE,39619,"Arendsee (Altmark)",Sachsen-Anhalt,52.848867,11.450974,7303,271.143627
DE,39624,"Kalbe (Milde)",Sachsen-Anhalt,52.69664,11.374721,8126,273.562042
DE,39628,"Bismark (Altmark)",Sachsen-Anhalt,52.629747,11.677451,3147,125.13593
DE,39629,"Bismark (Altmark)",Sachsen-Anhalt,52.677589,11.558401,5900,162.465939
DE,39638,Calvörde,Sachsen-Anhalt,52.50524,11.418188,20184,535.47087
DE,39638,Gardelegen,Sachsen-Anhalt,52.50524,11.418188,20184,535.47087
DE,39646,Oebisfelde-Weferlingen,Sachsen-Anhalt,52.449958,11.021486,6832,94.454863
DE,39649,Gardelegen,Sachsen-Anhalt,52.493383,11.173018,4463,149.139633
DE,40210,Düsseldorf,Nordrhein-Westfalen,51.221361,6.789858,5029,0.643137
DE,40211,Düsseldorf,Nordrhein-Westfalen,51.229302,6.792342,10525,0.920626
DE,40212,Düsseldorf,Nordrhein-Westfalen,51.223845,6.781398,543,0.428669
DE,40213,Düsseldorf,Nordrhein-Westfalen,51.22446,6.772547,4332,1.192684
DE,40215,Düsseldorf,Nordrhein-Westfalen,51.214461,6.784162,15171,0.793106
DE,40217,Düsseldorf,Nordrhein-Westfalen,51.212676,6.774213,8335,0.766819
DE,40219,Düsseldorf,Nordrhein-Westfalen,51.213607,6.762503,10449,0.825272
DE,40221,Düsseldorf,Nordrhein-Westfalen,51.203616,6.74592,11009,11.575785
DE,40223,Düsseldorf,Nordrhein-Westfalen,51.196887,6.777102,21393,3.39868
DE,40225,Düsseldorf,Nordrhein-Westfalen,51.19698,6.794219,13238,4.576253
DE,40227,Düsseldorf,Nordrhein-Westfalen,51.213032,6.803774,25521,2.157949
DE,40229,Düsseldorf,Nordrhein-Westfalen,51.19727,6.844487,20746,4.301688
DE,40231,Düsseldorf,Nordrhein-Westfalen,51.212225,6.831906,18293,3.305237
DE,40233,Düsseldorf,Nordrhein-Westfalen,51.222092,6.811266,16740,2.126475
DE,40235,Düsseldorf,Nordrhein-Westfalen,51.231098,6.82491,17101,2.622098
DE,40237,Düsseldorf,Nordrhein-Westfalen,51.237028,6.810627,14871,1.850144
DE,40239,Düsseldorf,Nordrhein-Westfalen,51.244239,6.803422,12227,1.186886
DE,40468,Düsseldorf,Nordrhein-Westfalen,51.267221,6.776536,21017,6.567814
DE,40470,Düsseldorf,Nordrhein-Westfalen,51.254013,6.807747,16127,3.060525
DE,40472,Düsseldorf,Nordrhein-Westfalen,51.269933,6.822706,24765,11.985446
DE,40474,Düsseldorf,Nordrhein-Westfalen,51.27501,6.748532,13514,20.600216
DE,40476,Düsseldorf,Nordrhein-Westfalen,51.248163,6.782394,22161,2.124894
DE,40477,Düsseldorf,Nordrhein-Westfalen,51.239451,6.785717,15854,1.143888
DE,40479,Düsseldorf,Nordrhein-Westfalen,51.233528,6.781043,9583,1.037995
DE,40489,Düsseldorf,Nordrhein-Westfalen,51.321337,6.765318,23487,32.180975
DE,40545,Düsseldorf,Nordrhein-Westfalen,51.228489,6.755638,12697,2.752889
DE,40547,Düsseldorf,Nordrhein-Westfalen,51.244478,6.741508,15302,5.145722
DE,40549,Düsseldorf,Nordrhein-Westfalen,51.233583,6.716335,12449,5.00686
DE,40589,Düsseldorf,Nordrhein-Westfalen,51.166035,6.820683,19509,13.217542
DE,40591,Düsseldorf,Nordrhein-Westfalen,51.190089,6.820609,24899,4.768419
DE,40593,Düsseldorf,Nordrhein-Westfalen,51.142645,6.871976,13193,8.777618
DE,40595,Düsseldorf,Nordrhein-Westfalen,51.139714,6.903192,23787,5.06693
DE,40597,Düsseldorf,Nordrhein-Westfalen,51.165174,6.877143,14164,4.713907
DE,40599,Düsseldorf,Nordrhein-Westfalen,51.17992,6.870572,20421,6.295822
DE,40625,Düsseldorf,Nordrhein-Westfalen,51.231386,6.855748,26186,6.394189
DE,40627,Düsseldorf,Nordrhein-Westfalen,51.205468,6.877694,19859,11.070633
DE,40629,Düsseldorf,Nordrhein-Westfalen,51.254327,6.885915,11902,20.832848
DE,40667,Meerbusch,Nordrhein-Westfalen,51.259087,6.684235,21049,20.573154
DE,40668,Meerbusch,Nordrhein-Westfalen,51.305888,6.686613,14922,25.836441
DE,40670,Meerbusch,Nordrhein-Westfalen,51.275071,6.628662,18370,17.832873
DE,40699,Erkrath,Nordrhein-Westfalen,51.217358,6.927635,43657,26.863874
DE,40721,Hilden,Nordrhein-Westfalen,51.168813,6.913748,17405,12.08165
DE,40723,Hilden,Nordrhein-Westfalen,51.155666,6.941015,16323,4.353091
DE,40724,Hilden,Nordrhein-Westfalen,51.181246,6.954614,20659,11.89584
DE,40764,"Langenfeld (Rheinland)",Nordrhein-Westfalen,51.110962,6.956965,56841,41.14
DE,40789,"Monheim am Rhein",Nordrhein-Westfalen,51.096167,6.892032,40288,23.068585
DE,40822,Mettmann,Nordrhein-Westfalen,51.257069,6.977785,38067,42.570593
DE,40878,Ratingen,Nordrhein-Westfalen,51.294507,6.847268,21487,5.081442
DE,40880,Ratingen,Nordrhein-Westfalen,51.298083,6.819607,21188,8.763663
DE,40882,Ratingen,Nordrhein-Westfalen,51.294125,6.897547,15897,33.83788
DE,40883,Ratingen,Nordrhein-Westfalen,51.327186,6.900183,9013,13.459325
DE,40885,Ratingen,Nordrhein-Westfalen,51.34426,6.859225,19398,26.566868
DE,41061,Mönchengladbach,Nordrhein-Westfalen,51.194965,6.434082,22328,3.227272
DE,41063,Mönchengladbach,Nordrhein-Westfalen,51.211313,6.427192,19283,8.180888
DE,41065,Mönchengladbach,Nordrhein-Westfalen,51.195725,6.466277,26889,8.01061
DE,41066,Mönchengladbach,Nordrhein-Westfalen,51.226896,6.469613,17436,13.419479
DE,41068,Mönchengladbach,Nordrhein-Westfalen,51.20248,6.390775,14680,7.869763
DE,41069,Mönchengladbach,Nordrhein-Westfalen,51.181996,6.397543,16039,9.076482
DE,41169,Mönchengladbach,Nordrhein-Westfalen,51.203073,6.345213,7054,14.683894
DE,41179,Mönchengladbach,Nordrhein-Westfalen,51.157824,6.352709,16662,33.822342
DE,41189,Mönchengladbach,Nordrhein-Westfalen,51.114096,6.398609,17177,27.936278
DE,41199,Mönchengladbach,Nordrhein-Westfalen,51.130124,6.448084,21555,12.931679
DE,41236,Mönchengladbach,Nordrhein-Westfalen,51.164892,6.446222,24531,3.479394
DE,41238,Mönchengladbach,Nordrhein-Westfalen,51.163416,6.48895,31086,20.920444
DE,41239,Mönchengladbach,Nordrhein-Westfalen,51.161501,6.420829,20578,6.890389
DE,41334,Nettetal,Nordrhein-Westfalen,51.316458,6.250281,41462,83.882393
DE,41352,Korschenbroich,Nordrhein-Westfalen,51.185713,6.549309,32017,55.264458
DE,41363,Jüchen,Nordrhein-Westfalen,51.102586,6.506413,22197,71.882689
DE,41366,Niederkrüchten,Nordrhein-Westfalen,51.218369,6.27146,19084,48.161168
DE,41366,Schwalmtal,Nordrhein-Westfalen,51.218369,6.27146,19084,48.161168
DE,41372,Niederkrüchten,Nordrhein-Westfalen,51.204847,6.154244,14966,66.931079
DE,41379,Brüggen,Nordrhein-Westfalen,51.263158,6.164427,15516,61.313825
DE,41460,Neuss,Nordrhein-Westfalen,51.207094,6.706763,14961,12.592948
DE,41462,Neuss,Nordrhein-Westfalen,51.217087,6.662972,33890,10.973653
DE,41464,Neuss,Nordrhein-Westfalen,51.189177,6.671602,23096,10.853816
DE,41466,Neuss,Nordrhein-Westfalen,51.165184,6.693071,17147,6.975268
DE,41468,Neuss,Nordrhein-Westfalen,51.168419,6.761713,17652,18.065495
DE,41469,Neuss,Nordrhein-Westfalen,51.153599,6.719126,18560,8.558741
DE,41470,Neuss,Nordrhein-Westfalen,51.13515,6.736619,12894,12.326999
DE,41472,Neuss,Nordrhein-Westfalen,51.158814,6.654015,12386,19.169778
DE,41515,Grevenbroich,Nordrhein-Westfalen,51.082953,6.601684,28224,25.954061
DE,41516,Grevenbroich,Nordrhein-Westfalen,51.120509,6.637197,20507,41.604537
DE,41517,Grevenbroich,Nordrhein-Westfalen,51.053426,6.578568,13048,34.853649
DE,41539,Dormagen,Nordrhein-Westfalen,51.101555,6.847459,17696,12.924947
DE,41540,Dormagen,Nordrhein-Westfalen,51.075712,6.798948,17396,19.257453
DE,41541,Dormagen,Nordrhein-Westfalen,51.132492,6.829979,9906,18.018377
DE,41542,Dormagen,Nordrhein-Westfalen,51.107003,6.756517,17220,35.263223
DE,41564,Kaarst,Nordrhein-Westfalen,51.219442,6.61109,41932,37.37729
DE,41569,Rommerskirchen,Nordrhein-Westfalen,51.05693,6.690839,12482,60.050088
DE,41747,Viersen,Nordrhein-Westfalen,51.253638,6.38434,18744,8.616627
DE,41748,Viersen,Nordrhein-Westfalen,51.242244,6.407624,17713,22.717197
DE,41749,Viersen,Nordrhein-Westfalen,51.292538,6.364578,16200,28.100365
DE,41751,Viersen,Nordrhein-Westfalen,51.253917,6.319619,22348,31.671894
DE,41812,Erkelenz,Nordrhein-Westfalen,51.067776,6.339024,42972,117.373157
DE,41836,Hückelhoven,Nordrhein-Westfalen,51.043207,6.230791,38969,61.205229
DE,41844,Wegberg,Nordrhein-Westfalen,51.142799,6.249486,27947,84.302203
DE,41849,Wassenberg,Nordrhein-Westfalen,51.113208,6.145086,16951,42.443799
DE,42103,Wuppertal,Nordrhein-Westfalen,51.255111,7.145692,6084,1.165518
DE,42105,Wuppertal,Nordrhein-Westfalen,51.261993,7.138683,16722,1.262548
DE,42107,Wuppertal,Nordrhein-Westfalen,51.263707,7.155692,14257,1.396109
DE,42109,Wuppertal,Nordrhein-Westfalen,51.27654,7.148078,14208,4.210399
DE,42111,Wuppertal,Nordrhein-Westfalen,51.294944,7.14033,11641,13.722256
DE,42113,Wuppertal,Nordrhein-Westfalen,51.273276,7.10394,10784,7.952214
DE,42115,Wuppertal,Nordrhein-Westfalen,51.256557,7.10975,14129,4.259031
DE,42117,Wuppertal,Nordrhein-Westfalen,51.241908,7.125971,13785,4.921112
DE,42119,Wuppertal,Nordrhein-Westfalen,51.243057,7.157574,19560,4.313346
DE,42275,Wuppertal,Nordrhein-Westfalen,51.273823,7.205243,12544,1.092161
DE,42277,Wuppertal,Nordrhein-Westfalen,51.282664,7.22209,23936,3.010558
DE,42279,Wuppertal,Nordrhein-Westfalen,51.299446,7.237399,13967,9.795101
DE,42281,Wuppertal,Nordrhein-Westfalen,51.287127,7.189494,14380,4.704703
DE,42283,Wuppertal,Nordrhein-Westfalen,51.272581,7.182358,16819,2.106497
DE,42285,Wuppertal,Nordrhein-Westfalen,51.256998,7.174777,12250,5.414982
DE,42287,Wuppertal,Nordrhein-Westfalen,51.248051,7.223261,11307,10.99093
DE,42289,Wuppertal,Nordrhein-Westfalen,51.264194,7.220263,19194,4.411577
DE,42327,Wuppertal,Nordrhein-Westfalen,51.244708,7.063689,18472,15.373668
DE,42329,Wuppertal,Nordrhein-Westfalen,51.22463,7.079085,16572,8.421709
DE,42349,Wuppertal,Nordrhein-Westfalen,51.20729,7.134958,22028,22.450278
DE,42369,Remscheid,Nordrhein-Westfalen,51.22745,7.199113,20664,13.174468
DE,42369,Wuppertal,Nordrhein-Westfalen,51.22745,7.199113,20664,13.174468
DE,42389,Wuppertal,Nordrhein-Westfalen,51.271267,7.253893,15250,8.102231
DE,42399,Schwelm,Nordrhein-Westfalen,51.23401,7.278022,4742,18.815045
DE,42399,Wuppertal,Nordrhein-Westfalen,51.23401,7.278022,4742,18.815045
DE,42477,Radevormwald,Nordrhein-Westfalen,51.211854,7.360128,22518,53.837813
DE,42489,Wülfrath,Nordrhein-Westfalen,51.291194,7.035919,21121,32.338692
DE,42499,Hückeswagen,Nordrhein-Westfalen,51.147718,7.331402,15298,50.500434
DE,42549,Velbert,Nordrhein-Westfalen,51.336961,7.022998,27893,9.834604
DE,42551,Velbert,Nordrhein-Westfalen,51.350189,7.060643,19611,17.11894
DE,42553,Velbert,Nordrhein-Westfalen,51.316309,7.104082,18140,26.769137
DE,42555,Velbert,Nordrhein-Westfalen,51.354676,7.12206,15690,20.897975
DE,42579,Heiligenhaus,Nordrhein-Westfalen,51.32885,6.965593,25643,28.303215
DE,42579,Ratingen,Nordrhein-Westfalen,51.32885,6.965593,25643,28.303215
DE,42651,Solingen,Nordrhein-Westfalen,51.176616,7.101918,23414,7.791388
DE,42653,Solingen,Nordrhein-Westfalen,51.202042,7.081251,17703,11.533408
DE,42655,Solingen,Nordrhein-Westfalen,51.16745,7.056383,18120,7.139828
DE,42657,Solingen,Nordrhein-Westfalen,51.144568,7.06111,17009,11.52338
DE,42659,Solingen,Nordrhein-Westfalen,51.142965,7.125912,15246,21.3247
DE,42697,Solingen,Nordrhein-Westfalen,51.159546,6.988201,18009,10.950308
DE,42699,Solingen,Nordrhein-Westfalen,51.146402,7.017722,21588,10.411218
DE,42719,Solingen,Nordrhein-Westfalen,51.187202,7.040859,24238,8.810733
DE,42781,Haan,Nordrhein-Westfalen,51.208215,7.01008,29640,24.213856
DE,42799,Leichlingen,Nordrhein-Westfalen,51.111912,7.058218,27509,37.239359
DE,42853,Remscheid,Nordrhein-Westfalen,51.183556,7.180931,16855,2.427436
DE,42855,Remscheid,Nordrhein-Westfalen,51.194979,7.196048,19811,12.136558
DE,42857,Remscheid,Nordrhein-Westfalen,51.170253,7.157968,17993,11.733897
DE,42857,Wuppertal,Nordrhein-Westfalen,51.170253,7.157968,17993,11.733897
DE,42859,Remscheid,Nordrhein-Westfalen,51.165189,7.206239,17567,10.178041
DE,42897,Remscheid,Nordrhein-Westfalen,51.178277,7.27152,23990,27.175969
DE,42899,Remscheid,Nordrhein-Westfalen,51.208805,7.233651,14319,10.296784
DE,42929,Wermelskirchen,Nordrhein-Westfalen,51.111805,7.21782,35000,74.739604
DE,44135,Dortmund,Nordrhein-Westfalen,51.513236,7.475525,11853,1.456833
DE,44137,Dortmund,Nordrhein-Westfalen,51.508226,7.448846,21449,3.283723
DE,44139,Dortmund,Nordrhein-Westfalen,51.497144,7.462458,20035,4.957505
DE,44141,Dortmund,Nordrhein-Westfalen,51.504055,7.499855,17622,4.508317
DE,44143,Dortmund,Nordrhein-Westfalen,51.517745,7.516388,24568,8.207591
DE,44145,Dortmund,Nordrhein-Westfalen,51.532689,7.4834,30076,8.735364
DE,44147,Dortmund,Nordrhein-Westfalen,51.528007,7.441154,22692,8.157124
DE,44149,Dortmund,Nordrhein-Westfalen,51.499652,7.396363,22844,11.24421
DE,44225,Dortmund,Nordrhein-Westfalen,51.477715,7.449929,21989,7.216678
DE,44227,Dortmund,Nordrhein-Westfalen,51.46556,7.421509,17922,19.053143
DE,44229,Dortmund,Nordrhein-Westfalen,51.45533,7.461319,16315,9.119922
DE,44263,Dortmund,Nordrhein-Westfalen,51.488336,7.498471,22920,6.038995
DE,44265,Dortmund,Nordrhein-Westfalen,51.442418,7.490736,12842,13.926577
DE,44267,Dortmund,Nordrhein-Westfalen,51.45803,7.524163,15781,11.009361
DE,44269,Dortmund,Nordrhein-Westfalen,51.486755,7.528592,21539,7.401962
DE,44287,Dortmund,Nordrhein-Westfalen,51.490978,7.560293,22719,9.147761
DE,44289,Dortmund,Nordrhein-Westfalen,51.486388,7.589555,11714,7.41334
DE,44309,Dortmund,Nordrhein-Westfalen,51.52705,7.556225,22257,10.893252
DE,44319,Dortmund,Nordrhein-Westfalen,51.537171,7.598971,30714,21.755399
DE,44328,Dortmund,Nordrhein-Westfalen,51.54825,7.535582,20236,7.540595
DE,44329,Dortmund,Nordrhein-Westfalen,51.569151,7.538749,16368,18.617548
DE,44339,Dortmund,Nordrhein-Westfalen,51.566003,7.466749,34662,20.824767
DE,44357,Dortmund,Nordrhein-Westfalen,51.552188,7.367712,18393,9.035124
DE,44359,Dortmund,Nordrhein-Westfalen,51.571338,7.397821,18816,20.336075
DE,44369,Dortmund,Nordrhein-Westfalen,51.53457,7.406108,24506,10.043313
DE,44379,Dortmund,Nordrhein-Westfalen,51.512109,7.374673,21446,9.175813
DE,44388,Dortmund,Nordrhein-Westfalen,51.506746,7.334637,29095,11.578219
DE,44532,Lünen,Nordrhein-Westfalen,51.597486,7.540562,31631,20.020707
DE,44534,Lünen,Nordrhein-Westfalen,51.631495,7.512672,29426,21.123065
DE,44536,Lünen,Nordrhein-Westfalen,51.602209,7.465853,24992,18.091189
DE,44575,Castrop-Rauxel,Nordrhein-Westfalen,51.548279,7.308913,22181,9.461143
DE,44577,Castrop-Rauxel,Nordrhein-Westfalen,51.557464,7.334258,16447,16.250258
DE,44579,Castrop-Rauxel,Nordrhein-Westfalen,51.575905,7.288951,16136,15.101282
DE,44581,Castrop-Rauxel,Nordrhein-Westfalen,51.599845,7.324487,20055,10.845987
DE,44623,Herne,Nordrhein-Westfalen,51.538363,7.223949,21902,3.219731
DE,44625,Herne,Nordrhein-Westfalen,51.527838,7.214453,23039,7.104849
DE,44627,Herne,Nordrhein-Westfalen,51.537627,7.268743,19190,9.345953
DE,44628,Herne,Nordrhein-Westfalen,51.557193,7.244573,13741,7.890144
DE,44629,Herne,Nordrhein-Westfalen,51.550516,7.209957,12133,3.123759
DE,44649,Herne,Nordrhein-Westfalen,51.533178,7.151228,22312,4.333556
DE,44651,Herne,Nordrhein-Westfalen,51.5134,7.162098,20355,5.504517
DE,44652,Herne,Nordrhein-Westfalen,51.525927,7.174685,11536,3.497632
DE,44653,Herne,Nordrhein-Westfalen,51.545706,7.164387,10835,7.368366
DE,44787,Bochum,Nordrhein-Westfalen,51.482057,7.217122,8368,1.311647
DE,44789,Bochum,Nordrhein-Westfalen,51.469034,7.22112,18593,3.658941
DE,44791,Bochum,Nordrhein-Westfalen,51.490071,7.250967,15551,7.657772
DE,44793,Bochum,Nordrhein-Westfalen,51.483622,7.181002,19404,9.741011
DE,44795,Bochum,Nordrhein-Westfalen,51.451402,7.197235,25213,8.152747
DE,44797,Bochum,Nordrhein-Westfalen,51.427157,7.226516,13860,15.224902
DE,44799,Bochum,Nordrhein-Westfalen,51.453252,7.234265,15416,4.343828
DE,44801,Bochum,Nordrhein-Westfalen,51.447576,7.267763,15577,8.744126
DE,44803,Bochum,Nordrhein-Westfalen,51.471704,7.260385,22053,8.407687
DE,44805,Bochum,Nordrhein-Westfalen,51.512028,7.278029,27635,12.794616
DE,44807,Bochum,Nordrhein-Westfalen,51.509072,7.228082,15739,7.810739
DE,44809,Bochum,Nordrhein-Westfalen,51.4993,7.198077,20015,5.685094
DE,44866,Bochum,Nordrhein-Westfalen,51.485834,7.141029,34969,9.460798
DE,44867,Bochum,Nordrhein-Westfalen,51.465318,7.134857,11379,6.260964
DE,44869,Bochum,Nordrhein-Westfalen,51.452996,7.157391,24927,8.239177
DE,44879,Bochum,Nordrhein-Westfalen,51.429946,7.158226,27063,9.435642
DE,44892,Bochum,Nordrhein-Westfalen,51.468087,7.319976,27312,10.375421
DE,44894,Bochum,Nordrhein-Westfalen,51.487509,7.30954,19495,8.308167
DE,45127,Essen,Nordrhein-Westfalen,51.457406,7.010585,8529,2.333338
DE,45128,Essen,Nordrhein-Westfalen,51.445928,7.012577,11535,1.731574
DE,45130,Essen,Nordrhein-Westfalen,51.437731,7.009774,15410,1.342144
DE,45131,Essen,Nordrhein-Westfalen,51.429201,7.002982,10873,2.381591
DE,45133,Essen,Nordrhein-Westfalen,51.403646,6.9842,14464,15.790035
DE,45134,Essen,Nordrhein-Westfalen,51.419755,7.037594,11898,5.277728
DE,45136,Essen,Nordrhein-Westfalen,51.436696,7.0412,14793,3.818492
DE,45138,Essen,Nordrhein-Westfalen,51.448559,7.04153,17603,2.824731
DE,45139,Essen,Nordrhein-Westfalen,51.460142,7.040117,13816,3.355524
DE,45141,Essen,Nordrhein-Westfalen,51.473921,7.023628,21327,8.163799
DE,45143,Essen,Nordrhein-Westfalen,51.461059,6.979413,20250,4.285448
DE,45144,Essen,Nordrhein-Westfalen,51.451984,6.967555,15837,1.748816
DE,45145,Essen,Nordrhein-Westfalen,51.446571,6.97631,16342,2.0684
DE,45147,Essen,Nordrhein-Westfalen,51.439685,6.983919,23350,2.620666
DE,45149,Essen,Nordrhein-Westfalen,51.419947,6.963288,17306,7.814723
DE,45219,Essen,Nordrhein-Westfalen,51.366085,6.944171,17443,14.887534
DE,45239,Essen,Nordrhein-Westfalen,51.381495,7.014599,20123,23.655452
DE,45257,Essen,Nordrhein-Westfalen,51.385469,7.085638,13259,14.62849
DE,45259,Essen,Nordrhein-Westfalen,51.405578,7.062256,12723,6.868703
DE,45276,Essen,Nordrhein-Westfalen,51.448144,7.075406,17204,3.087187
DE,45277,Essen,Nordrhein-Westfalen,51.425863,7.077352,16108,6.75687
DE,45279,Essen,Nordrhein-Westfalen,51.442788,7.107626,25547,7.92263
DE,45289,Essen,Nordrhein-Westfalen,51.419945,7.113664,9512,6.34326
DE,45307,Essen,Nordrhein-Westfalen,51.463989,7.08622,21041,7.27062
DE,45309,Essen,Nordrhein-Westfalen,51.478763,7.069471,16931,5.778805
DE,45326,Essen,Nordrhein-Westfalen,51.484731,7.008365,25965,5.352275
DE,45327,Essen,Nordrhein-Westfalen,51.497306,7.046078,24572,5.655996
DE,45329,Essen,Nordrhein-Westfalen,51.511856,7.009254,24700,9.613393
DE,45355,Essen,Nordrhein-Westfalen,51.472414,6.951426,26981,4.833566
DE,45356,Essen,Nordrhein-Westfalen,51.491346,6.971396,14233,9.292593
DE,45357,Essen,Nordrhein-Westfalen,51.485417,6.929281,19883,5.220622
DE,45359,Essen,Nordrhein-Westfalen,51.465164,6.924544,26898,7.598901
DE,45468,"Mülheim an der Ruhr",Nordrhein-Westfalen,51.427954,6.886217,21271,2.748307
DE,45470,"Mülheim an der Ruhr",Nordrhein-Westfalen,51.407057,6.916046,18616,18.607032
DE,45472,"Mülheim an der Ruhr",Nordrhein-Westfalen,51.436635,6.934492,20844,8.209691
DE,45473,"Mülheim an der Ruhr",Nordrhein-Westfalen,51.443522,6.889555,17661,5.212471
DE,45475,"Mülheim an der Ruhr",Nordrhein-Westfalen,51.459026,6.897499,18451,5.343303
DE,45476,"Mülheim an der Ruhr",Nordrhein-Westfalen,51.449141,6.853781,15065,4.502087
DE,45478,"Mülheim an der Ruhr",Nordrhein-Westfalen,51.431781,6.833799,17916,10.513063
DE,45479,"Mülheim an der Ruhr",Nordrhein-Westfalen,51.408642,6.842029,14028,9.28253
DE,45481,"Mülheim an der Ruhr",Nordrhein-Westfalen,51.383868,6.862271,23096,26.834981
DE,45525,Hattingen,Nordrhein-Westfalen,51.396053,7.182358,19209,6.239731
DE,45527,Hattingen,Nordrhein-Westfalen,51.37994,7.216885,18294,27.91361
DE,45529,Hattingen,Nordrhein-Westfalen,51.369357,7.162585,16883,37.488271
DE,45549,Sprockhövel,Nordrhein-Westfalen,51.338029,7.254159,25605,47.931231
DE,45657,Recklinghausen,Nordrhein-Westfalen,51.61984,7.192723,19182,5.468306
DE,45659,Recklinghausen,Nordrhein-Westfalen,51.616685,7.185688,20245,23.810542
DE,45661,Recklinghausen,Nordrhein-Westfalen,51.570224,7.19204,21059,7.948551
DE,45663,Recklinghausen,Nordrhein-Westfalen,51.579682,7.233561,22723,7.725936
DE,45665,Recklinghausen,Nordrhein-Westfalen,51.609373,7.249701,32776,21.502596
DE,45699,Herten,Nordrhein-Westfalen,51.582861,7.147868,32511,18.925032
DE,45701,Herten,Nordrhein-Westfalen,51.612831,7.110745,28946,18.404896
DE,45711,Datteln,Nordrhein-Westfalen,51.666415,7.32154,34509,66.084093
DE,45721,"Haltern am See",Nordrhein-Westfalen,51.752552,7.185894,37318,158.51105
DE,45731,Waltrop,Nordrhein-Westfalen,51.623213,7.399426,28981,47.077308
DE,45739,Oer-Erkenschwick,Nordrhein-Westfalen,51.66102,7.239372,30941,38.668891
DE,45768,Marl,Nordrhein-Westfalen,51.655796,7.061041,28875,27.2714
DE,45770,Marl,Nordrhein-Westfalen,51.65919,7.144758,27291,31.227292
DE,45772,Marl,Nordrhein-Westfalen,51.686755,7.120137,28701,29.177387
DE,45879,Gelsenkirchen,Nordrhein-Westfalen,51.505962,7.095066,13324,2.187851
DE,45881,Gelsenkirchen,Nordrhein-Westfalen,51.526957,7.079885,24073,7.231919
DE,45883,Gelsenkirchen,Nordrhein-Westfalen,51.51345,7.059167,16572,7.29726
DE,45884,Gelsenkirchen,Nordrhein-Westfalen,51.491785,7.085307,13622,3.582878
DE,45886,Gelsenkirchen,Nordrhein-Westfalen,51.497633,7.119529,19053,6.243982
DE,45888,Gelsenkirchen,Nordrhein-Westfalen,51.516383,7.119309,22821,4.229238
DE,45889,Gelsenkirchen,Nordrhein-Westfalen,51.536145,7.111497,15741,7.220327
DE,45891,Gelsenkirchen,Nordrhein-Westfalen,51.557594,7.082947,26414,7.86545
DE,45892,Gelsenkirchen,Nordrhein-Westfalen,51.571318,7.112071,15330,12.947705
DE,45894,Gelsenkirchen,Nordrhein-Westfalen,51.580705,7.055074,20762,9.37906
DE,45896,Gelsenkirchen,Nordrhein-Westfalen,51.606444,7.02982,24226,19.914857
DE,45897,Gelsenkirchen,Nordrhein-Westfalen,51.558424,7.04376,20107,9.078502
DE,45899,Gelsenkirchen,Nordrhein-Westfalen,51.537684,7.032387,26846,7.738485
DE,45964,Gladbeck,Nordrhein-Westfalen,51.566016,6.977575,21211,10.969167
DE,45966,Gladbeck,Nordrhein-Westfalen,51.587594,6.966506,25135,16.109244
DE,45968,Gladbeck,Nordrhein-Westfalen,51.552634,7.004349,27751,8.836174
DE,46045,Oberhausen,Nordrhein-Westfalen,51.467059,6.859348,28290,3.968866
DE,46047,Oberhausen,Nordrhein-Westfalen,51.481205,6.880208,26474,7.138935
DE,46049,Oberhausen,Nordrhein-Westfalen,51.472705,6.834881,32471,10.482962
DE,46117,Oberhausen,Nordrhein-Westfalen,51.500566,6.892888,23008,7.585412
DE,46119,Oberhausen,Nordrhein-Westfalen,51.521296,6.88059,18198,4.824673
DE,46145,Oberhausen,Nordrhein-Westfalen,51.531051,6.858443,25573,9.287488
DE,46147,Oberhausen,Nordrhein-Westfalen,51.546543,6.818541,28057,22.119586
DE,46149,Oberhausen,Nordrhein-Westfalen,51.511587,6.835177,27525,11.680018
DE,46236,Bottrop,Nordrhein-Westfalen,51.524776,6.92542,23552,4.883012
DE,46238,Bottrop,Nordrhein-Westfalen,51.521312,6.964223,25729,11.728817
DE,46240,Bottrop,Nordrhein-Westfalen,51.546256,6.935357,25238,15.007169
DE,46242,Bottrop,Nordrhein-Westfalen,51.521984,6.909365,22530,10.471619
DE,46244,Bottrop,Nordrhein-Westfalen,51.601189,6.908998,20422,58.497066
DE,46282,Dorsten,Nordrhein-Westfalen,51.648896,6.973063,23616,35.117546
DE,46284,Dorsten,Nordrhein-Westfalen,51.682615,6.974756,26563,31.278741
DE,46286,Dorsten,Nordrhein-Westfalen,51.744049,7.000194,26788,104.770033
DE,46325,Borken,Nordrhein-Westfalen,51.852393,6.831551,41748,153.197481
DE,46342,Velen,Nordrhein-Westfalen,51.897245,6.953761,13020,70.841774
DE,46348,Raesfeld,Nordrhein-Westfalen,51.766321,6.833239,11178,57.944146
DE,46354,Südlohn,Nordrhein-Westfalen,51.94566,6.847828,8834,45.223629
DE,46359,Heiden,Nordrhein-Westfalen,51.825355,6.955255,8111,53.295505
DE,46395,Bocholt,Nordrhein-Westfalen,51.820387,6.579741,28624,40.760091
DE,46397,Bocholt,Nordrhein-Westfalen,51.868854,6.663222,24182,25.229404
DE,46399,Bocholt,Nordrhein-Westfalen,51.871695,6.58721,18398,53.415885
DE,46414,Rhede,Nordrhein-Westfalen,51.830474,6.707118,19149,78.880852
DE,46419,Isselburg,Nordrhein-Westfalen,51.834533,6.455282,10932,42.795049
DE,46446,"Emmerich am Rhein",Nordrhein-Westfalen,51.850161,6.248401,29948,80.427005
DE,46459,Rees,Nordrhein-Westfalen,51.773464,6.4204,21612,109.883682
DE,46483,Wesel,Nordrhein-Westfalen,51.661797,6.613746,21308,6.468344
DE,46485,Wesel,Nordrhein-Westfalen,51.663253,6.657671,22751,38.444169
DE,46487,Wesel,Nordrhein-Westfalen,51.673604,6.540667,16396,77.646907
DE,46499,Hamminkeln,Nordrhein-Westfalen,51.749525,6.617412,26485,164.49477
DE,46509,Xanten,Nordrhein-Westfalen,51.673131,6.433783,21315,72.430204
DE,46514,Schermbeck,Nordrhein-Westfalen,51.699893,6.834988,13382,110.681773
DE,46519,Alpen,Nordrhein-Westfalen,51.59656,6.488744,12806,59.591021
DE,46535,Dinslaken,Nordrhein-Westfalen,51.557757,6.726933,19696,9.710318
DE,46537,Dinslaken,Nordrhein-Westfalen,51.578318,6.739263,25529,6.313164
DE,46539,Dinslaken,Nordrhein-Westfalen,51.575178,6.797722,22672,31.600678
DE,46562,"Voerde (Niederrhein)",Nordrhein-Westfalen,51.600982,6.651997,37269,53.468578
DE,46569,Hünxe,Nordrhein-Westfalen,51.642376,6.765453,13763,106.837903
DE,47051,Duisburg,Nordrhein-Westfalen,51.432108,6.768108,13928,2.389929
DE,47053,Duisburg,Nordrhein-Westfalen,51.419678,6.751996,24646,5.556753
DE,47055,Duisburg,Nordrhein-Westfalen,51.401835,6.772424,18975,8.146868
DE,47057,Duisburg,Nordrhein-Westfalen,51.41969,6.798867,25940,8.06271
DE,47058,Duisburg,Nordrhein-Westfalen,51.440482,6.79563,14344,4.653728
DE,47059,Duisburg,Nordrhein-Westfalen,51.439205,6.740534,8510,7.49238
DE,47119,Duisburg,Nordrhein-Westfalen,51.458277,6.735199,11309,4.989116
DE,47137,Duisburg,Nordrhein-Westfalen,51.471213,6.769846,30831,6.659256
DE,47138,Duisburg,Nordrhein-Westfalen,51.463022,6.790439,14438,10.476236
DE,47139,Duisburg,Nordrhein-Westfalen,51.480138,6.71601,14398,10.056229
DE,47166,Duisburg,Nordrhein-Westfalen,51.492228,6.754459,27432,8.89337
DE,47167,Duisburg,Nordrhein-Westfalen,51.500041,6.80044,27193,7.935296
DE,47169,Duisburg,Nordrhein-Westfalen,51.511785,6.757368,30142,8.755181
DE,47178,Duisburg,Nordrhein-Westfalen,51.541899,6.705306,21364,10.320295
DE,47179,Duisburg,Nordrhein-Westfalen,51.525613,6.736949,20824,8.745992
DE,47198,Duisburg,Nordrhein-Westfalen,51.451798,6.698547,29283,10.428104
DE,47199,Duisburg,Nordrhein-Westfalen,51.496517,6.679002,5062,21.336725
DE,47226,Duisburg,Nordrhein-Westfalen,51.406787,6.718685,21076,3.593478
DE,47228,Duisburg,Nordrhein-Westfalen,51.420098,6.694892,24711,12.557498
DE,47229,Duisburg,Nordrhein-Westfalen,51.387797,6.706591,13833,12.169686
DE,47239,Duisburg,Nordrhein-Westfalen,51.400359,6.655567,17446,10.017974
DE,47249,Duisburg,Nordrhein-Westfalen,51.382485,6.759178,25619,7.091251
DE,47259,Duisburg,Nordrhein-Westfalen,51.358496,6.712063,22412,24.773057
DE,47269,Duisburg,Nordrhein-Westfalen,51.359582,6.791666,16271,11.834144
DE,47279,Duisburg,Nordrhein-Westfalen,51.385083,6.802224,8392,5.854311
DE,47441,Moers,Nordrhein-Westfalen,51.448126,6.623346,30817,13.004271
DE,47443,Moers,Nordrhein-Westfalen,51.46341,6.656048,26371,8.983591
DE,47445,Moers,Nordrhein-Westfalen,51.49083,6.608523,27221,21.611251
DE,47447,Moers,Nordrhein-Westfalen,51.417548,6.615725,19921,24.04067
DE,47475,Kamp-Lintfort,Nordrhein-Westfalen,51.515822,6.520222,37333,63.14506
DE,47495,Rheinberg,Nordrhein-Westfalen,51.556031,6.610005,30940,75.221788
DE,47506,Neukirchen-Vluyn,Nordrhein-Westfalen,51.442922,6.550242,27244,43.479435
DE,47509,Rheurdt,Nordrhein-Westfalen,51.451087,6.474085,6526,29.971195
DE,47533,Kleve,Nordrhein-Westfalen,51.803053,6.124851,47475,97.857404
DE,47546,Kalkar,Nordrhein-Westfalen,51.750252,6.311353,13810,88.180691
DE,47551,Bedburg-Hau,Nordrhein-Westfalen,51.758154,6.206955,12625,61.31763
DE,47559,Kranenburg,Nordrhein-Westfalen,51.78871,6.017833,10220,76.877021
DE,47574,Goch,Nordrhein-Westfalen,51.69546,6.123687,32784,115.444103
DE,47589,Uedem,Nordrhein-Westfalen,51.676189,6.293583,8291,60.870931
DE,47608,Geldern,Nordrhein-Westfalen,51.518501,6.310512,33002,96.965617
DE,47623,Kevelaer,Nordrhein-Westfalen,51.579105,6.232341,16449,19.479972
DE,47624,Kevelaer,Nordrhein-Westfalen,51.551265,6.1989,2371,15.030914
DE,47625,Kevelaer,Nordrhein-Westfalen,51.561647,6.291941,2506,25.258065
DE,47626,Kevelaer,Nordrhein-Westfalen,51.593623,6.315174,4200,25.408388
DE,47627,Kevelaer,Nordrhein-Westfalen,51.627189,6.272011,2036,15.449951
DE,47638,Straelen,Nordrhein-Westfalen,51.428931,6.259415,15435,74.103263
DE,47647,Kerken,Nordrhein-Westfalen,51.44738,6.388882,12545,58.166576
DE,47652,Weeze,Nordrhein-Westfalen,51.621124,6.182356,10077,79.586432
DE,47661,Issum,Nordrhein-Westfalen,51.521791,6.433889,11940,54.795576
DE,47665,Sonsbeck,Nordrhein-Westfalen,51.615435,6.375095,8712,55.400671
DE,47669,Wachtendonk,Nordrhein-Westfalen,51.399484,6.326286,7818,48.079188
DE,47798,Krefeld,Nordrhein-Westfalen,51.331766,6.558186,28171,2.591198
DE,47799,Krefeld,Nordrhein-Westfalen,51.336318,6.576975,19045,2.510339
DE,47800,Krefeld,Nordrhein-Westfalen,51.350143,6.601895,17896,8.4234
DE,47802,Krefeld,Nordrhein-Westfalen,51.37882,6.575843,9995,21.686455
DE,47803,Krefeld,Nordrhein-Westfalen,51.348763,6.546231,25186,10.24951
DE,47804,Krefeld,Nordrhein-Westfalen,51.312908,6.523593,18063,13.907904
DE,47805,Krefeld,Nordrhein-Westfalen,51.319587,6.568118,15357,4.497958
DE,47807,Krefeld,Nordrhein-Westfalen,51.301137,6.583656,24153,17.051149
DE,47809,Krefeld,Nordrhein-Westfalen,51.329204,6.646218,25195,23.373938
DE,47829,Krefeld,Nordrhein-Westfalen,51.369543,6.641519,23211,14.237136
DE,47839,Krefeld,Nordrhein-Westfalen,51.374607,6.508245,16087,19.122256
DE,47877,Willich,Nordrhein-Westfalen,51.262406,6.518839,50792,67.825536
DE,47906,Kempen,Nordrhein-Westfalen,51.378491,6.437591,35141,68.796448
DE,47918,Tönisvorst,Nordrhein-Westfalen,51.316453,6.452476,29593,44.339586
DE,47929,Grefrath,Nordrhein-Westfalen,51.340707,6.35032,14969,30.979214
DE,48143,Münster,Nordrhein-Westfalen,51.961334,7.626398,9213,1.58108
DE,48145,Münster,Nordrhein-Westfalen,51.96468,7.653567,20453,3.160548
DE,48147,Münster,Nordrhein-Westfalen,51.97761,7.635453,24422,6.288181
DE,48149,Münster,Nordrhein-Westfalen,51.965495,7.597272,20276,7.622758
DE,48151,Münster,Nordrhein-Westfalen,51.943954,7.611597,22894,3.959913
DE,48153,Münster,Nordrhein-Westfalen,51.934344,7.626072,19992,4.734021
DE,48155,Münster,Nordrhein-Westfalen,51.951526,7.670972,20780,18.891715
DE,48157,Münster,Nordrhein-Westfalen,52.000626,7.683432,21260,61.91255
DE,48159,Münster,Nordrhein-Westfalen,52.013914,7.600068,22581,23.134647
DE,48161,Münster,Nordrhein-Westfalen,51.982521,7.545297,32198,56.912503
DE,48163,Münster,Nordrhein-Westfalen,51.894894,7.576234,23534,62.808356
DE,48165,Münster,Nordrhein-Westfalen,51.899282,7.654542,26835,25.218023
DE,48167,Münster,Nordrhein-Westfalen,51.923276,7.723014,25352,26.921929
DE,48231,Warendorf,Nordrhein-Westfalen,51.947555,7.958358,37062,176.71073
DE,48249,Dülmen,Nordrhein-Westfalen,51.847146,7.288977,46529,185.183014
DE,48268,Greven,Nordrhein-Westfalen,52.09515,7.633588,34731,140.139917
DE,48282,Emsdetten,Nordrhein-Westfalen,52.173509,7.522823,35264,72.017954
DE,48291,Münster,Nordrhein-Westfalen,51.994021,7.786851,18921,90.810474
DE,48291,Telgte,Nordrhein-Westfalen,51.994021,7.786851,18921,90.810474
DE,48301,Nottuln,Nordrhein-Westfalen,51.922062,7.361735,19226,85.652051
DE,48308,Senden,Nordrhein-Westfalen,51.861248,7.500566,20007,109.381671
DE,48317,Drensteinfurt,Nordrhein-Westfalen,51.801223,7.727096,15215,106.527946
DE,48324,Sendenhorst,Nordrhein-Westfalen,51.853477,7.790584,12877,96.863681
DE,48329,Havixbeck,Nordrhein-Westfalen,51.974346,7.442907,11568,53.238517
DE,48336,Sassenberg,Nordrhein-Westfalen,52.011268,8.04605,14011,78.081961
DE,48341,Altenberge,Nordrhein-Westfalen,52.038594,7.477973,10043,63.004514
DE,48346,Ostbevern,Nordrhein-Westfalen,52.053903,7.832742,10642,89.575513
DE,48351,Everswinkel,Nordrhein-Westfalen,51.918693,7.842412,9427,69.088127
DE,48356,Nordwalde,Nordrhein-Westfalen,52.100368,7.485505,9403,51.540362
DE,48361,Beelen,Nordrhein-Westfalen,51.924372,8.120978,6309,31.335004
DE,48366,Laer,Nordrhein-Westfalen,52.058746,7.36507,6495,35.235612
DE,48369,Saerbeck,Nordrhein-Westfalen,52.179437,7.638139,7164,59.019688
DE,48429,Rheine,Nordrhein-Westfalen,52.286793,7.459712,29806,11.501295
DE,48431,Rheine,Nordrhein-Westfalen,52.27423,7.427747,22876,11.056427
DE,48432,Rheine,Nordrhein-Westfalen,52.260394,7.480213,20137,122.347783
DE,48455,"Bad Bentheim",Niedersachsen,52.295957,7.108551,15142,100.009765
DE,48465,Engden,Niedersachsen,52.343711,7.210835,15346,133.419423
DE,48465,Isterberg,Niedersachsen,52.343711,7.210835,15346,133.419423
DE,48465,Ohne,Niedersachsen,52.343711,7.210835,15346,133.419423
DE,48465,Quendorf,Niedersachsen,52.343711,7.210835,15346,133.419423
DE,48465,Samern,Niedersachsen,52.343711,7.210835,15346,133.419423
DE,48465,Schüttorf,Niedersachsen,52.343711,7.210835,15346,133.419423
DE,48477,Hörstel,Nordrhein-Westfalen,52.289635,7.584775,19713,107.403994
DE,48480,Lünne,Niedersachsen,52.391679,7.480552,12825,90.602906
DE,48480,Schapen,Niedersachsen,52.391679,7.480552,12825,90.602906
DE,48480,Spelle,Niedersachsen,52.391679,7.480552,12825,90.602906
DE,48485,Neuenkirchen,Nordrhein-Westfalen,52.235988,7.376159,13726,48.412928
DE,48488,Emsbüren,Niedersachsen,52.400406,7.312115,9780,140.053924
DE,48493,Wettringen,Nordrhein-Westfalen,52.231179,7.295199,7833,57.712513
DE,48496,Hopsten,Nordrhein-Westfalen,52.405881,7.627472,7670,99.778201
DE,48499,Salzbergen,Niedersachsen,52.320269,7.352743,7578,53.444756
DE,48527,Nordhorn,Niedersachsen,52.472202,7.047475,19196,52.226535
DE,48529,Nordhorn,Niedersachsen,52.395676,7.083851,20437,25.575423
DE,48531,Nordhorn,Niedersachsen,52.439816,7.12931,12511,71.899898
DE,48565,Steinfurt,Nordrhein-Westfalen,52.144796,7.369333,33455,111.629882
DE,48599,Gronau,Nordrhein-Westfalen,52.18994,7.034229,45509,78.802458
DE,48607,Ochtrup,Nordrhein-Westfalen,52.213231,7.182413,18941,105.709632
DE,48612,Horstmar,Nordrhein-Westfalen,52.099508,7.297481,6521,44.729859
DE,48619,Heek,Nordrhein-Westfalen,52.129061,7.093264,8382,69.248186
DE,48624,Schöppingen,Nordrhein-Westfalen,52.085336,7.199192,6883,68.684414
DE,48629,Metelen,Nordrhein-Westfalen,52.14807,7.207344,6409,40.260392
DE,48653,Coesfeld,Nordrhein-Westfalen,51.917468,7.152652,35880,141.159685
DE,48683,Ahaus,Nordrhein-Westfalen,52.097858,6.962966,38426,151.505781
DE,48691,Vreden,Nordrhein-Westfalen,52.062313,6.810728,22428,135.685465
DE,48703,Stadtlohn,Nordrhein-Westfalen,52.002191,6.935113,20192,79.168915
DE,48712,Gescher,Nordrhein-Westfalen,51.947085,7.021725,16936,80.772986
DE,48720,Rosendahl,Nordrhein-Westfalen,52.014224,7.194467,10592,94.709919
DE,48727,Billerbeck,Nordrhein-Westfalen,51.989609,7.314452,11537,91.233981
DE,48734,Reken,Nordrhein-Westfalen,51.82364,7.065114,14338,78.731434
DE,48739,Legden,Nordrhein-Westfalen,52.046103,7.100679,6970,56.115157
DE,49074,Osnabrück,Niedersachsen,52.277043,8.054358,11824,3.347588
DE,49076,Osnabrück,Niedersachsen,52.288377,7.977285,12940,15.238622
DE,49078,Osnabrück,Niedersachsen,52.260221,7.99159,15797,15.438722
DE,49080,Osnabrück,Niedersachsen,52.258917,8.032796,19799,5.703895
DE,49082,Osnabrück,Niedersachsen,52.244735,8.049581,20306,12.904727
DE,49084,Osnabrück,Niedersachsen,52.273248,8.085338,18336,8.788753
DE,49086,Osnabrück,Niedersachsen,52.26821,8.122694,19036,28.138256
DE,49088,Osnabrück,Niedersachsen,52.29813,8.0667,16390,7.467526
DE,49090,Osnabrück,Niedersachsen,52.31085,8.019821,19504,22.665172
DE,49124,Georgsmarienhütte,Niedersachsen,52.20475,8.075104,32015,55.375763
DE,49134,Wallenhorst,Niedersachsen,52.344615,8.023982,23205,47.078057
DE,49143,Bissendorf,Niedersachsen,52.261496,8.220488,14419,96.555301
DE,49152,"Bad Essen",Niedersachsen,52.32181,8.381466,15030,101.453299
DE,49163,Bohmte,Niedersachsen,52.413702,8.278642,12813,110.718229
DE,49170,"Hagen am Teutoburger Wald",Niedersachsen,52.195898,7.96328,13734,34.524811
DE,49176,Hilter,Niedersachsen,52.170164,8.166039,10236,51.99856
DE,49179,Ostercappeln,Niedersachsen,52.376201,8.203636,9495,100.012622
DE,49186,"Bad Iburg",Niedersachsen,52.148048,8.05438,10644,37.120323
DE,49191,Belm,Niedersachsen,52.326917,8.141516,13426,46.636851
DE,49196,"Bad Laer",Niedersachsen,52.098757,8.084191,9223,47.50083
DE,49201,"Dissen am Teutoburger Wald",Niedersachsen,52.121203,8.206446,9294,31.835599
DE,49205,Hasbergen,Niedersachsen,52.23839,7.959954,11004,21.642095
DE,49214,"Bad Rothenfelde",Niedersachsen,52.097837,8.156542,7495,17.575527
DE,49219,Glandorf,Niedersachsen,52.077885,7.972778,6705,59.868251
DE,49324,Melle,Niedersachsen,52.211655,8.332168,22599,66.160354
DE,49326,Melle,Niedersachsen,52.164028,8.306825,12686,98.436946
DE,49328,Melle,Niedersachsen,52.22064,8.419712,10757,89.136218
DE,49356,Diepholz,Niedersachsen,52.609799,8.363839,15993,104.673273
DE,49377,Vechta,Niedersachsen,52.741459,8.285458,30373,87.793149
DE,49393,Lohne,Niedersachsen,52.661509,8.23148,24884,91.089153
DE,49401,Damme,Niedersachsen,52.526613,8.240256,16297,103.609817
DE,49401,Lembruch,Niedersachsen,52.526613,8.240256,16297,103.609817
DE,49406,Barnstorf,Niedersachsen,52.702168,8.544659,9013,156.533915
DE,49406,Drentwede,Niedersachsen,52.702168,8.544659,9013,156.533915
DE,49406,Eydelstedt,Niedersachsen,52.702168,8.544659,9013,156.533915
DE,49413,Dinklage,Niedersachsen,52.660821,8.10024,12662,72.637339
DE,49419,Wagenfeld,Niedersachsen,52.545617,8.624391,7031,117.489652
DE,49424,Goldenstedt,Niedersachsen,52.77077,8.401873,9255,88.884021
DE,49429,Visbek,Niedersachsen,52.831675,8.313101,9316,84.102629
DE,49434,Neuenkirchen-Vörden,Niedersachsen,52.497434,8.10069,7886,91.756855
DE,49439,Steinfeld,Niedersachsen,52.594863,8.222899,9618,60.011995
DE,49448,Brockum,Niedersachsen,52.48733,8.395456,6868,86.803521
DE,49448,Hüde,Niedersachsen,52.48733,8.395456,6868,86.803521
DE,49448,Lemförde,Niedersachsen,52.48733,8.395456,6868,86.803521
DE,49448,Marl,Niedersachsen,52.48733,8.395456,6868,86.803521
DE,49448,Quernheim,Niedersachsen,52.48733,8.395456,6868,86.803521
DE,49448,Stemshorn,Niedersachsen,52.48733,8.395456,6868,86.803521
DE,49451,Holdorf,Niedersachsen,52.572244,8.124288,6549,54.943492
DE,49453,Barver,Niedersachsen,52.598223,8.509278,5690,130.756153
DE,49453,Dickel,Niedersachsen,52.598223,8.509278,5690,130.756153
DE,49453,Hemsloh,Niedersachsen,52.598223,8.509278,5690,130.756153
DE,49453,Rehden,Niedersachsen,52.598223,8.509278,5690,130.756153
DE,49453,Wehrbleck,Niedersachsen,52.598223,8.509278,5690,130.756153
DE,49453,Wetschen,Niedersachsen,52.598223,8.509278,5690,130.756153
DE,49456,Bakum,Niedersachsen,52.734089,8.1453,5912,78.743314
DE,49457,Barnstorf,Niedersachsen,52.675035,8.412795,2948,49.465163
DE,49457,Drebber,Niedersachsen,52.675035,8.412795,2948,49.465163
DE,49459,Lembruch,Niedersachsen,52.528073,8.365486,1091,22.5899
DE,49477,Ibbenbüren,Nordrhein-Westfalen,52.280003,7.709773,25904,12.004106
DE,49479,Ibbenbüren,Nordrhein-Westfalen,52.27762,7.707865,24839,96.82172
DE,49492,Westerkappeln,Nordrhein-Westfalen,52.319776,7.861981,11021,85.76995
DE,49497,Mettingen,Nordrhein-Westfalen,52.325151,7.779601,11891,40.577549
DE,49504,Lotte,Nordrhein-Westfalen,52.300433,7.928881,13645,37.723862
DE,49509,Recke,Nordrhein-Westfalen,52.362759,7.70732,11410,53.627197
DE,49525,Lengerich,Nordrhein-Westfalen,52.172234,7.831281,21929,90.625165
DE,49536,Lienen,Nordrhein-Westfalen,52.132262,7.93293,8677,73.352488
DE,49545,Tecklenburg,Nordrhein-Westfalen,52.223227,7.806103,8917,70.41664
DE,49549,Ladbergen,Nordrhein-Westfalen,52.130871,7.762447,6432,52.325572
DE,49565,Bramsche,Niedersachsen,52.41649,7.996464,30253,183.319622
DE,49577,Ankum,Niedersachsen,52.55278,7.850896,10578,104.79781
DE,49577,Eggermühlen,Niedersachsen,52.55278,7.850896,10578,104.79781
DE,49577,Kettenkamp,Niedersachsen,52.55278,7.850896,10578,104.79781
DE,49584,Fürstenau,Niedersachsen,52.505822,7.682738,9245,78.619394
DE,49586,Merzen,Niedersachsen,52.443266,7.812448,8467,111.127854
DE,49586,Neuenkirchen,Niedersachsen,52.443266,7.812448,8467,111.127854
DE,49593,Bersenbrück,Niedersachsen,52.563491,7.943304,7845,42.453246
DE,49594,Alfhausen,Niedersachsen,52.495606,7.953174,3786,39.36795
DE,49596,Gehrde,Niedersachsen,52.57734,8.013112,2526,36.447477
DE,49597,Rieste,Niedersachsen,52.487458,8.020973,3283,31.056417
DE,49599,Voltlage,Niedersachsen,52.437979,7.739045,1801,42.408071
DE,49610,Badbergen,Niedersachsen,52.677223,7.967231,12196,18.804853
DE,49610,Quakenbrück,Niedersachsen,52.677223,7.967231,12196,18.804853
DE,49624,Löningen,Niedersachsen,52.73797,7.755599,13094,143.623444
DE,49626,Berge,Niedersachsen,52.597457,7.706434,6654,146.351356
DE,49626,Bippen,Niedersachsen,52.597457,7.706434,6654,146.351356
DE,49632,"Essen (Oldenburg)",Niedersachsen,52.726634,7.962456,8314,98.102227
DE,49635,Badbergen,Niedersachsen,52.637112,7.982308,4516,78.034272
DE,49637,Menslage,Niedersachsen,52.67187,7.815737,2529,65.052833
DE,49638,Nortrup,Niedersachsen,52.61786,7.875711,2967,27.299103
DE,49661,Cloppenburg,Niedersachsen,52.856322,8.036599,32984,70.812364
DE,49681,Garrel,Niedersachsen,52.948906,8.041712,14097,113.692614
DE,49685,Emstek,Niedersachsen,52.854376,8.166379,11393,108.512532
DE,49688,Lastrup,Niedersachsen,52.792479,7.901453,6743,85.513095
DE,49692,"Cappeln (Oldenburg)",Niedersachsen,52.789681,8.087782,6881,76.328211
DE,49696,Molbergen,Niedersachsen,52.875155,7.904243,7729,102.485984
DE,49699,"Lindern (Oldenburg)",Niedersachsen,52.833544,7.778355,4713,65.814099
DE,49716,Meppen,Niedersachsen,52.703068,7.286009,34081,188.363793
DE,49733,"Haren (Ems)",Niedersachsen,52.795957,7.202282,22780,208.809422
DE,49740,Haselünne,Niedersachsen,52.676335,7.470877,12337,159.232177
DE,49744,Geeste,Niedersachsen,52.610072,7.241493,11283,133.09711
DE,49751,Hüven,Niedersachsen,52.852909,7.528311,9827,141.770125
DE,49751,Spahnharrenstätte,Niedersachsen,52.852909,7.528311,9827,141.770125
DE,49751,Sögel,Niedersachsen,52.852909,7.528311,9827,141.770125
DE,49751,Werpeloh,Niedersachsen,52.852909,7.528311,9827,141.770125
DE,49757,Lahn,Niedersachsen,52.860424,7.692295,11980,122.637635
DE,49757,Vrees,Niedersachsen,52.860424,7.692295,11980,122.637635
DE,49757,Werlte,Niedersachsen,52.860424,7.692295,11980,122.637635
DE,49762,Fresenburg,Niedersachsen,52.879543,7.308187,8984,114.22244
DE,49762,Lathen,Niedersachsen,52.879543,7.308187,8984,114.22244
DE,49762,Renkenberge,Niedersachsen,52.879543,7.308187,8984,114.22244
DE,49762,Sustrum,Niedersachsen,52.879543,7.308187,8984,114.22244
DE,49767,Twist,Niedersachsen,52.665305,7.096644,9625,105.748924
DE,49770,Dohren,Niedersachsen,52.664436,7.613244,5436,75.155548
DE,49770,Herzlake,Niedersachsen,52.664436,7.613244,5436,75.155548
DE,49774,Lähden,Niedersachsen,52.752651,7.60876,4722,79.82878
DE,49777,"Groß Berßen",Niedersachsen,52.785583,7.437343,2918,88.366098
DE,49777,"Klein Berßen",Niedersachsen,52.785583,7.437343,2918,88.366098
DE,49777,Stavern,Niedersachsen,52.785583,7.437343,2918,88.366098
DE,49779,Niederlangen,Niedersachsen,52.859632,7.229702,2201,51.503297
DE,49779,Oberlangen,Niedersachsen,52.859632,7.229702,2201,51.503297
DE,49808,"Lingen (Ems)",Niedersachsen,52.538938,7.282098,20052,56.792295
DE,49809,"Lingen (Ems)",Niedersachsen,52.516766,7.331492,17144,10.666686
DE,49811,"Lingen (Ems)",Niedersachsen,52.511056,7.37639,14739,108.184397
DE,49824,Emlichheim,Niedersachsen,52.613189,6.845787,11512,135.051227
DE,49824,Laar,Niedersachsen,52.613189,6.845787,11512,135.051227
DE,49824,Ringe,Niedersachsen,52.613189,6.845787,11512,135.051227
DE,49828,Esche,Niedersachsen,52.530808,7.013193,14071,101.342761
DE,49828,Georgsdorf,Niedersachsen,52.530808,7.013193,14071,101.342761
DE,49828,Lage,Niedersachsen,52.530808,7.013193,14071,101.342761
DE,49828,Neuenhaus,Niedersachsen,52.530808,7.013193,14071,101.342761
DE,49828,Osterwald,Niedersachsen,52.530808,7.013193,14071,101.342761
DE,49832,Andervenne,Niedersachsen,52.472282,7.518622,10470,132.221406
DE,49832,Beesten,Niedersachsen,52.472282,7.518622,10470,132.221406
DE,49832,Freren,Niedersachsen,52.472282,7.518622,10470,132.221406
DE,49832,Messingen,Niedersachsen,52.472282,7.518622,10470,132.221406
DE,49832,Thuine,Niedersachsen,52.472282,7.518622,10470,132.221406
DE,49835,Wietmarschen,Niedersachsen,52.515174,7.180003,11437,119.35976
DE,49838,Gersten,Niedersachsen,52.56614,7.519477,6825,122.70369
DE,49838,Handrup,Niedersachsen,52.56614,7.519477,6825,122.70369
DE,49838,Langen,Niedersachsen,52.56614,7.519477,6825,122.70369
DE,49838,Lengerich,Niedersachsen,52.56614,7.519477,6825,122.70369
DE,49838,Wettrup,Niedersachsen,52.56614,7.519477,6825,122.70369
DE,49843,Getelo,Niedersachsen,52.487801,6.884386,7367,81.741979
DE,49843,Gölenkamp,Niedersachsen,52.487801,6.884386,7367,81.741979
DE,49843,Halle,Niedersachsen,52.487801,6.884386,7367,81.741979
DE,49843,Uelsen,Niedersachsen,52.487801,6.884386,7367,81.741979
DE,49844,Bawinkel,Niedersachsen,52.590144,7.42015,2337,20.410246
DE,49846,Hoogstede,Niedersachsen,52.57919,6.95803,2896,49.649805
DE,49847,Itterbeck,Niedersachsen,52.512815,6.754947,2417,64.208938
DE,49847,Wielen,Niedersachsen,52.512815,6.754947,2417,64.208938
DE,49849,Wilsum,Niedersachsen,52.542199,6.833268,1647,47.164155
DE,50126,Bergheim,Nordrhein-Westfalen,50.966623,6.619857,19193,26.387406
DE,50127,Bergheim,Nordrhein-Westfalen,50.93594,6.678094,18616,19.591489
DE,50129,Bergheim,Nordrhein-Westfalen,50.981112,6.700787,21118,50.462233
DE,50169,Kerpen,Nordrhein-Westfalen,50.880077,6.74725,23066,28.241477
DE,50170,Kerpen,Nordrhein-Westfalen,50.884538,6.616082,21609,38.265686
DE,50171,Kerpen,Nordrhein-Westfalen,50.863369,6.667044,18597,47.447078
DE,50181,Bedburg,Nordrhein-Westfalen,51.009949,6.545085,23064,80.063933
DE,50189,Elsdorf,Nordrhein-Westfalen,50.931848,6.56232,20825,66.470954
DE,50226,Frechen,Nordrhein-Westfalen,50.913593,6.784136,49670,45.119036
DE,50259,Pulheim,Nordrhein-Westfalen,51.000185,6.784335,53025,72.105404
DE,50321,Brühl,Nordrhein-Westfalen,50.820894,6.886659,43567,36.274219
DE,50354,Hürth,Nordrhein-Westfalen,50.873877,6.85887,55073,51.005355
DE,50374,Erftstadt,Nordrhein-Westfalen,50.793061,6.766886,49270,119.851765
DE,50389,Wesseling,Nordrhein-Westfalen,50.817152,6.977056,35011,23.364388
DE,50667,Köln,Nordrhein-Westfalen,50.938654,6.955033,4795,1.274894
DE,50668,Köln,Nordrhein-Westfalen,50.949982,6.962844,11765,1.591028
DE,50670,Köln,Nordrhein-Westfalen,50.950326,6.948596,17303,1.887324
DE,50672,Köln,Nordrhein-Westfalen,50.942426,6.935928,9583,1.091933
DE,50674,Köln,Nordrhein-Westfalen,50.932744,6.934024,17561,1.426352
DE,50676,Köln,Nordrhein-Westfalen,50.931272,6.95243,14676,1.370259
DE,50677,Köln,Nordrhein-Westfalen,50.921492,6.950473,12923,1.063562
DE,50678,Köln,Nordrhein-Westfalen,50.9232,6.963573,17874,1.460062
DE,50679,Köln,Nordrhein-Westfalen,50.936745,6.978251,15197,5.415379
DE,50733,Köln,Nordrhein-Westfalen,50.964376,6.95378,34574,3.070527
DE,50735,Köln,Nordrhein-Westfalen,50.989619,6.962231,30800,14.742605
DE,50737,Köln,Nordrhein-Westfalen,50.992278,6.933525,18744,7.130573
DE,50739,Köln,Nordrhein-Westfalen,50.980823,6.921133,26153,6.794966
DE,50765,Köln,Nordrhein-Westfalen,51.019494,6.868384,30471,16.618713
DE,50767,Köln,Nordrhein-Westfalen,51.002831,6.88536,16821,5.882485
DE,50769,Köln,Nordrhein-Westfalen,51.04577,6.876011,31663,44.327505
DE,50823,Köln,Nordrhein-Westfalen,50.951102,6.926503,29057,2.488378
DE,50825,Köln,Nordrhein-Westfalen,50.954195,6.910434,25907,3.577679
DE,50827,Köln,Nordrhein-Westfalen,50.967854,6.899418,27209,5.642563
DE,50829,Köln,Nordrhein-Westfalen,50.974336,6.870666,18994,13.868964
DE,50858,Köln,Nordrhein-Westfalen,50.924269,6.856669,23454,9.133309
DE,50859,Köln,Nordrhein-Westfalen,50.953487,6.832928,22027,9.940109
DE,50931,Köln,Nordrhein-Westfalen,50.93232,6.918172,15618,2.414659
DE,50933,Köln,Nordrhein-Westfalen,50.942015,6.877187,17885,7.287737
DE,50935,Köln,Nordrhein-Westfalen,50.922419,6.894856,16884,5.142317
DE,50937,Köln,Nordrhein-Westfalen,50.912277,6.910818,26066,4.267387
DE,50939,Köln,Nordrhein-Westfalen,50.908063,6.924789,14507,2.348656
DE,50968,Köln,Nordrhein-Westfalen,50.902078,6.965985,24413,6.486044
DE,50969,Köln,Nordrhein-Westfalen,50.90624,6.938679,19996,3.960429
DE,50996,Köln,Nordrhein-Westfalen,50.882646,6.991989,15002,8.70933
DE,50997,Köln,Nordrhein-Westfalen,50.865107,6.95062,20728,25.634132
DE,50999,Köln,Nordrhein-Westfalen,50.874989,7.020393,18839,9.765602
DE,51061,Köln,Nordrhein-Westfalen,50.995221,7.003498,30678,16.459939
DE,51063,Köln,Nordrhein-Westfalen,50.967752,7.005735,33955,6.618782
DE,51065,Köln,Nordrhein-Westfalen,50.95486,7.011568,21400,2.663187
DE,51067,Köln,Nordrhein-Westfalen,50.965492,7.041825,27232,5.702757
DE,51069,Köln,Nordrhein-Westfalen,50.991072,7.058501,31587,20.421621
DE,51103,Köln,Nordrhein-Westfalen,50.942064,7.016831,36171,5.029845
DE,51105,Köln,Nordrhein-Westfalen,50.918232,6.99648,27095,7.860509
DE,51107,Köln,Nordrhein-Westfalen,50.925011,7.089025,28375,22.556332
DE,51109,Köln,Nordrhein-Westfalen,50.944671,7.070017,28435,12.493214
DE,51143,Köln,Nordrhein-Westfalen,50.859692,7.035996,23123,15.270813
DE,51145,Köln,Nordrhein-Westfalen,50.882418,7.08045,25894,6.703767
DE,51147,Köln,Nordrhein-Westfalen,50.868882,7.107531,22992,31.974578
DE,51149,Köln,Nordrhein-Westfalen,50.905045,7.04645,21575,15.289389
DE,51371,Leverkusen,Nordrhein-Westfalen,51.060714,6.945729,29624,15.610194
DE,51373,Köln,Nordrhein-Westfalen,51.036015,6.985987,26835,14.324565
DE,51373,Leverkusen,Nordrhein-Westfalen,51.036015,6.985987,26835,14.324565
DE,51375,Leverkusen,Nordrhein-Westfalen,51.031439,7.05799,25396,10.441008
DE,51377,Leverkusen,Nordrhein-Westfalen,51.047082,7.06013,24162,16.20179
DE,51379,Leverkusen,Nordrhein-Westfalen,51.070403,7.001613,22796,6.751931
DE,51381,Leverkusen,Nordrhein-Westfalen,51.073746,7.042203,30249,15.653927
DE,51399,Burscheid,Nordrhein-Westfalen,51.087369,7.116211,18043,27.306517
DE,51427,"Bergisch Gladbach",Nordrhein-Westfalen,50.949541,7.129212,22637,12.210071
DE,51429,"Bergisch Gladbach",Nordrhein-Westfalen,50.971325,7.193281,26062,34.872127
DE,51465,"Bergisch Gladbach",Nordrhein-Westfalen,50.993857,7.157282,14299,12.249413
DE,51467,"Bergisch Gladbach",Nordrhein-Westfalen,51.009811,7.10989,18299,12.318789
DE,51467,Köln,Nordrhein-Westfalen,51.009811,7.10989,18299,12.318789
DE,51469,"Bergisch Gladbach",Nordrhein-Westfalen,50.984734,7.109164,27433,11.458985
DE,51491,Overath,Nordrhein-Westfalen,50.944969,7.294913,27004,68.838872
DE,51503,Rösrath,Nordrhein-Westfalen,50.906002,7.183543,27534,38.785109
DE,51515,Kürten,Nordrhein-Westfalen,51.040082,7.255824,19569,67.268004
DE,51519,Odenthal,Nordrhein-Westfalen,51.040095,7.149064,14903,39.86341
DE,51545,Waldbröl,Nordrhein-Westfalen,50.867718,7.610488,19025,63.286635
DE,51570,Windeck,Nordrhein-Westfalen,50.793217,7.57258,18969,107.168627
DE,51580,Reichshof,Nordrhein-Westfalen,50.957291,7.687461,19080,114.593071
DE,51588,Nümbrecht,Nordrhein-Westfalen,50.902215,7.535543,16734,71.736163
DE,51597,Morsbach,Nordrhein-Westfalen,50.868535,7.705907,10614,55.926095
DE,51598,Friesenhagen,Rheinland-Pfalz,50.894033,7.791918,1640,51.35164
DE,51643,Gummersbach,Nordrhein-Westfalen,51.02229,7.551561,15723,12.800714
DE,51645,Gummersbach,Nordrhein-Westfalen,50.998888,7.561594,18681,26.826022
DE,51647,Gummersbach,Nordrhein-Westfalen,51.045786,7.575242,15611,55.731748
DE,51674,Wiehl,Nordrhein-Westfalen,50.957665,7.530111,25327,53.244025
DE,51688,Wipperfürth,Nordrhein-Westfalen,51.111566,7.401369,21725,116.992794
DE,51702,Bergneustadt,Nordrhein-Westfalen,51.028514,7.679755,18805,37.86585
DE,51709,Marienheide,Nordrhein-Westfalen,51.075977,7.536905,13702,54.934951
DE,51766,Engelskirchen,Nordrhein-Westfalen,50.985171,7.423917,19416,63.001627
DE,51789,Lindlar,Nordrhein-Westfalen,51.024709,7.362815,21278,85.835973
DE,52062,Aachen,Nordrhein-Westfalen,50.777076,6.086446,15989,1.639112
DE,52064,Aachen,Nordrhein-Westfalen,50.767729,6.078161,23014,2.205013
DE,52066,Aachen,Nordrhein-Westfalen,50.757911,6.103084,32021,7.38468
DE,52068,Aachen,Nordrhein-Westfalen,50.779827,6.126025,15319,5.392674
DE,52070,Aachen,Nordrhein-Westfalen,50.793806,6.096207,22608,9.188268
DE,52072,Aachen,Nordrhein-Westfalen,50.821768,6.049758,21262,19.483701
DE,52074,Aachen,Nordrhein-Westfalen,50.773752,6.036239,30180,32.526933
DE,52076,Aachen,Nordrhein-Westfalen,50.715356,6.149874,20093,55.474518
DE,52078,Aachen,Nordrhein-Westfalen,50.757057,6.161041,29698,12.572205
DE,52080,Aachen,Nordrhein-Westfalen,50.787909,6.159643,26253,15.122926
DE,52134,Herzogenrath,Nordrhein-Westfalen,50.863946,6.098363,46447,33.384369
DE,52146,Würselen,Nordrhein-Westfalen,50.82716,6.150665,37223,34.387549
DE,52152,Simmerath,Nordrhein-Westfalen,50.614155,6.3281,15124,110.928738
DE,52156,Monschau,Nordrhein-Westfalen,50.541923,6.266518,12124,94.661823
DE,52159,Roetgen,Nordrhein-Westfalen,50.663525,6.222898,8288,39.058139
DE,52222,Stolberg,Nordrhein-Westfalen,50.784188,6.214798,20927,14.199952
DE,52223,Stolberg,Nordrhein-Westfalen,50.745101,6.218816,20865,17.364484
DE,52224,Stolberg,Nordrhein-Westfalen,50.738938,6.2849,14426,66.823488
DE,52249,Eschweiler,Nordrhein-Westfalen,50.828327,6.269438,54732,75.754336
DE,52349,Düren,Nordrhein-Westfalen,50.800658,6.471064,14672,6.667461
DE,52351,Düren,Nordrhein-Westfalen,50.797113,6.509259,25832,13.24243
DE,52353,Düren,Nordrhein-Westfalen,50.832725,6.452541,25000,31.463377
DE,52355,Düren,Nordrhein-Westfalen,50.778734,6.448448,23203,33.641062
DE,52372,Kreuzau,Nordrhein-Westfalen,50.732222,6.490484,17259,42.131517
DE,52379,Langerwehe,Nordrhein-Westfalen,50.798785,6.364365,13471,41.482623
DE,52382,Niederzier,Nordrhein-Westfalen,50.893043,6.475015,13759,63.4179
DE,52385,Nideggen,Nordrhein-Westfalen,50.676102,6.485649,9880,64.930086
DE,52388,Nörvenich,Nordrhein-Westfalen,50.801685,6.629106,10593,66.177241
DE,52391,Vettweiß,Nordrhein-Westfalen,50.74221,6.605711,8965,83.037437
DE,52393,Hürtgenwald,Nordrhein-Westfalen,50.711483,6.372755,8676,87.815419
DE,52396,Heimbach,Nordrhein-Westfalen,50.631811,6.489689,4424,64.90699
DE,52399,Merzenich,Nordrhein-Westfalen,50.84275,6.550185,9845,37.859439
DE,52428,Jülich,Nordrhein-Westfalen,50.928292,6.368745,31866,90.358443
DE,52441,Linnich,Nordrhein-Westfalen,50.975998,6.28219,12576,65.524998
DE,52445,Titz,Nordrhein-Westfalen,50.995305,6.422002,8299,68.52627
DE,52457,Aldenhoven,Nordrhein-Westfalen,50.898252,6.261901,13751,44.269204
DE,52459,Inden,Nordrhein-Westfalen,50.862141,6.370886,6952,35.956249
DE,52477,Alsdorf,Nordrhein-Westfalen,50.86844,6.175555,46577,31.682148
DE,52499,Baesweiler,Nordrhein-Westfalen,50.917887,6.185167,26382,27.80445
DE,52511,Geilenkirchen,Nordrhein-Westfalen,50.973321,6.131073,26300,83.22617
DE,52525,Heinsberg,Nordrhein-Westfalen,51.05403,6.088681,49737,122.51625
DE,52525,Waldfeucht,Nordrhein-Westfalen,51.05403,6.088681,49737,122.51625
DE,52531,Übach-Palenberg,Nordrhein-Westfalen,50.926912,6.104218,24232,26.097459
DE,52538,Gangelt,Nordrhein-Westfalen,51.011196,5.971704,21390,90.833003
DE,52538,Selfkant,Nordrhein-Westfalen,51.011196,5.971704,21390,90.833003
DE,53111,Bonn,Nordrhein-Westfalen,50.740183,7.098381,19084,2.412427
DE,53113,Bonn,Nordrhein-Westfalen,50.719844,7.119638,10036,4.083827
DE,53115,Bonn,Nordrhein-Westfalen,50.722964,7.089728,17685,3.701835
DE,53117,Bonn,Nordrhein-Westfalen,50.756565,7.072698,21650,7.204297
DE,53119,Bonn,Nordrhein-Westfalen,50.745523,7.062526,19928,3.63546
DE,53121,Bonn,Nordrhein-Westfalen,50.732966,7.05949,15556,5.594238
DE,53123,Bonn,Nordrhein-Westfalen,50.714454,7.044873,23096,7.700009
DE,53125,Bonn,Nordrhein-Westfalen,50.668809,7.062188,14981,25.207482
DE,53127,Bonn,Nordrhein-Westfalen,50.701908,7.0856,14030,7.65519
DE,53129,Bonn,Nordrhein-Westfalen,50.708436,7.112707,15926,3.14208
DE,53173,Bonn,Nordrhein-Westfalen,50.688985,7.162976,11860,2.434996
DE,53175,Bonn,Nordrhein-Westfalen,50.697356,7.135072,19609,9.864878
DE,53177,Bonn,Nordrhein-Westfalen,50.670036,7.132267,20883,17.887581
DE,53179,Bonn,Nordrhein-Westfalen,50.661887,7.18302,16953,7.536468
DE,53225,Bonn,Nordrhein-Westfalen,50.753401,7.118386,22596,9.735617
DE,53227,Bonn,Nordrhein-Westfalen,50.723291,7.156866,17519,10.102823
DE,53229,Bonn,Nordrhein-Westfalen,50.741549,7.168216,24415,13.152139
DE,53332,Bornheim,Nordrhein-Westfalen,50.768239,6.955075,46272,82.672608
DE,53340,Meckenheim,Nordrhein-Westfalen,50.613137,7.015132,23554,34.828908
DE,53343,Wachtberg,Nordrhein-Westfalen,50.625347,7.117574,19475,49.661282
DE,53347,Alfter,Nordrhein-Westfalen,50.709581,7.006607,22694,34.734362
DE,53359,Rheinbach,Nordrhein-Westfalen,50.615564,6.950178,26408,69.70494
DE,53424,Remagen,Rheinland-Pfalz,50.593822,7.20536,15838,33.103029
DE,53426,Dedenbach,Rheinland-Pfalz,50.487399,7.152419,1948,25.20355
DE,53426,Königsfeld,Rheinland-Pfalz,50.487399,7.152419,1948,25.20355
DE,53426,Schalkenbach,Rheinland-Pfalz,50.487399,7.152419,1948,25.20355
DE,53474,"Bad Neuenahr-Ahrweiler",Rheinland-Pfalz,50.529691,7.125133,26862,63.482968
DE,53489,Sinzig,Rheinland-Pfalz,50.527799,7.225777,17080,40.982403
DE,53498,"Bad Breisig",Rheinland-Pfalz,50.497195,7.265786,10281,32.187743
DE,53498,Gönnersdorf,Rheinland-Pfalz,50.497195,7.265786,10281,32.187743
DE,53498,Waldorf,Rheinland-Pfalz,50.497195,7.265786,10281,32.187743
DE,53501,Grafschaft,Rheinland-Pfalz,50.573023,7.082748,10809,57.649733
DE,53505,Altenahr,Rheinland-Pfalz,50.529741,6.958948,4175,44.203429
DE,53505,Berg,Rheinland-Pfalz,50.529741,6.958948,4175,44.203429
DE,53505,Kalenborn,Rheinland-Pfalz,50.529741,6.958948,4175,44.203429
DE,53505,Kirchsahr,Rheinland-Pfalz,50.529741,6.958948,4175,44.203429
DE,53506,Ahrbrück,Rheinland-Pfalz,50.469209,7.009502,4274,99.019227
DE,53506,Heckenbach,Rheinland-Pfalz,50.469209,7.009502,4274,99.019227
DE,53506,Hönningen,Rheinland-Pfalz,50.469209,7.009502,4274,99.019227
DE,53506,Kesseling,Rheinland-Pfalz,50.469209,7.009502,4274,99.019227
DE,53506,Lind,Rheinland-Pfalz,50.469209,7.009502,4274,99.019227
DE,53506,Rech,Rheinland-Pfalz,50.469209,7.009502,4274,99.019227
DE,53507,Dernau,Rheinland-Pfalz,50.527694,7.045276,1747,5.710863
DE,53508,Mayschoß,Rheinland-Pfalz,50.519735,7.017982,915,5.642284
DE,53518,Adenau,Rheinland-Pfalz,50.380035,6.944139,4706,58.842124
DE,53518,Herschbroich,Rheinland-Pfalz,50.380035,6.944139,4706,58.842124
DE,53518,Honerath,Rheinland-Pfalz,50.380035,6.944139,4706,58.842124
DE,53518,Kottenborn,Rheinland-Pfalz,50.380035,6.944139,4706,58.842124
DE,53518,Leimbach,Rheinland-Pfalz,50.380035,6.944139,4706,58.842124
DE,53518,Quiddelbach,Rheinland-Pfalz,50.380035,6.944139,4706,58.842124
DE,53518,Wimbach,Rheinland-Pfalz,50.380035,6.944139,4706,58.842124
DE,53520,Dankerath,Rheinland-Pfalz,50.411451,6.892871,6124,138.129304
DE,53520,Drees,Rheinland-Pfalz,50.411451,6.892871,6124,138.129304
DE,53520,Dümpelfeld,Rheinland-Pfalz,50.411451,6.892871,6124,138.129304
DE,53520,Harscheid,Rheinland-Pfalz,50.411451,6.892871,6124,138.129304
DE,53520,Hümmel,Rheinland-Pfalz,50.411451,6.892871,6124,138.129304
DE,53520,Insul,Rheinland-Pfalz,50.411451,6.892871,6124,138.129304
DE,53520,Kaltenborn,Rheinland-Pfalz,50.411451,6.892871,6124,138.129304
DE,53520,Meuspath,Rheinland-Pfalz,50.411451,6.892871,6124,138.129304
DE,53520,Müllenbach,Rheinland-Pfalz,50.411451,6.892871,6124,138.129304
DE,53520,Nürburg,Rheinland-Pfalz,50.411451,6.892871,6124,138.129304
DE,53520,Ohlenhard,Rheinland-Pfalz,50.411451,6.892871,6124,138.129304
DE,53520,Reifferscheid,Rheinland-Pfalz,50.411451,6.892871,6124,138.129304
DE,53520,Rodder,Rheinland-Pfalz,50.411451,6.892871,6124,138.129304
DE,53520,Schuld,Rheinland-Pfalz,50.411451,6.892871,6124,138.129304
DE,53520,Senscheid,Rheinland-Pfalz,50.411451,6.892871,6124,138.129304
DE,53520,Sierscheid,Rheinland-Pfalz,50.411451,6.892871,6124,138.129304
DE,53520,Trierscheid,Rheinland-Pfalz,50.411451,6.892871,6124,138.129304
DE,53520,Wershofen,Rheinland-Pfalz,50.411451,6.892871,6124,138.129304
DE,53520,Winnerath,Rheinland-Pfalz,50.411451,6.892871,6124,138.129304
DE,53533,Antweiler,Rheinland-Pfalz,50.407555,6.81255,1329,33.816913
DE,53533,Aremberg,Rheinland-Pfalz,50.407555,6.81255,1329,33.816913
DE,53533,Dorsel,Rheinland-Pfalz,50.407555,6.81255,1329,33.816913
DE,53533,Eichenbach,Rheinland-Pfalz,50.407555,6.81255,1329,33.816913
DE,53533,Fuchshofen,Rheinland-Pfalz,50.407555,6.81255,1329,33.816913
DE,53533,Müsch,Rheinland-Pfalz,50.407555,6.81255,1329,33.816913
DE,53533,Wershofen,Rheinland-Pfalz,50.407555,6.81255,1329,33.816913
DE,53534,Barweiler,Rheinland-Pfalz,50.352837,6.860398,1327,30.474371
DE,53534,Bauler,Rheinland-Pfalz,50.352837,6.860398,1327,30.474371
DE,53534,Hoffeld,Rheinland-Pfalz,50.352837,6.860398,1327,30.474371
DE,53534,Pomster,Rheinland-Pfalz,50.352837,6.860398,1327,30.474371
DE,53534,Wiesemscheid,Rheinland-Pfalz,50.352837,6.860398,1327,30.474371
DE,53534,Wirft,Rheinland-Pfalz,50.352837,6.860398,1327,30.474371
DE,53539,Bodenbach,Rheinland-Pfalz,50.301813,6.901212,2979,55.819189
DE,53539,Bongard,Rheinland-Pfalz,50.301813,6.901212,2979,55.819189
DE,53539,Borler,Rheinland-Pfalz,50.301813,6.901212,2979,55.819189
DE,53539,Brücktal,Rheinland-Pfalz,50.301813,6.901212,2979,55.819189
DE,53539,Gelenberg,Rheinland-Pfalz,50.301813,6.901212,2979,55.819189
DE,53539,Kelberg,Rheinland-Pfalz,50.301813,6.901212,2979,55.819189
DE,53539,Kirsbach,Rheinland-Pfalz,50.301813,6.901212,2979,55.819189
DE,53539,Reimerath,Rheinland-Pfalz,50.301813,6.901212,2979,55.819189
DE,53539,Welcherath,Rheinland-Pfalz,50.301813,6.901212,2979,55.819189
DE,53545,"Linz am Rhein",Rheinland-Pfalz,50.578524,7.302906,6833,14.67886
DE,53545,Ockenfels,Rheinland-Pfalz,50.578524,7.302906,6833,14.67886
DE,53547,"Bad Hönningen",Rheinland-Pfalz,50.561582,7.382154,10651,55.803371
DE,53547,Breitscheid,Rheinland-Pfalz,50.561582,7.382154,10651,55.803371
DE,53547,Dattenberg,Rheinland-Pfalz,50.561582,7.382154,10651,55.803371
DE,53547,"Hausen (Wied)",Rheinland-Pfalz,50.561582,7.382154,10651,55.803371
DE,53547,Hümmerich,Rheinland-Pfalz,50.561582,7.382154,10651,55.803371
DE,53547,Kasbach-Ohlenberg,Rheinland-Pfalz,50.561582,7.382154,10651,55.803371
DE,53547,Leubsdorf,Rheinland-Pfalz,50.561582,7.382154,10651,55.803371
DE,53547,"Roßbach (Wied)",Rheinland-Pfalz,50.561582,7.382154,10651,55.803371
DE,53557,"Bad Hönningen",Rheinland-Pfalz,50.528442,7.333172,5728,15.644197
DE,53560,"Linz am Rhein",Rheinland-Pfalz,50.61171,7.320901,3556,12.283852
DE,53560,Vettelschoß,Rheinland-Pfalz,50.61171,7.320901,3556,12.283852
DE,53562,Leubsdorf,Rheinland-Pfalz,50.587261,7.356387,3774,16.850246
DE,53562,"Sankt Katharinen",Rheinland-Pfalz,50.587261,7.356387,3774,16.850246
DE,53567,Asbach,Rheinland-Pfalz,50.671775,7.422616,11623,59.083737
DE,53567,"Buchholz (Westerwald)",Rheinland-Pfalz,50.671775,7.422616,11623,59.083737
DE,53572,Bruchhausen,Rheinland-Pfalz,50.606616,7.246844,5957,10.766787
DE,53572,Unkel,Rheinland-Pfalz,50.606616,7.246844,5957,10.766787
DE,53577,"Neustadt (Wied)",Rheinland-Pfalz,50.610905,7.419083,6266,35.951525
DE,53578,Windhagen,Rheinland-Pfalz,50.639959,7.358191,4232,13.120419
DE,53579,Erpel,Rheinland-Pfalz,50.606844,7.273052,2539,9.120736
DE,53604,"Bad Honnef",Nordrhein-Westfalen,50.653496,7.27898,24561,48.427932
DE,53619,Rheinbreitbach,Rheinland-Pfalz,50.622367,7.247958,4408,6.547397
DE,53639,Königswinter,Nordrhein-Westfalen,50.70102,7.25836,40066,75.858576
DE,53721,Siegburg,Nordrhein-Westfalen,50.805286,7.23771,38704,23.649241
DE,53757,"Sankt Augustin",Nordrhein-Westfalen,50.771403,7.189787,53997,34.20637
DE,53773,"Hennef (Sieg)",Nordrhein-Westfalen,50.755826,7.329453,44878,105.834595
DE,53783,Eitorf,Nordrhein-Westfalen,50.764716,7.452186,18776,69.862501
DE,53797,Lohmar,Nordrhein-Westfalen,50.865624,7.248318,29646,65.598303
DE,53804,Much,Nordrhein-Westfalen,50.9005,7.406925,14056,78.017176
DE,53809,Ruppichteroth,Nordrhein-Westfalen,50.832765,7.435506,10454,61.930657
DE,53819,Neunkirchen-Seelscheid,Nordrhein-Westfalen,50.854197,7.330827,19770,50.594032
DE,53840,Troisdorf,Nordrhein-Westfalen,50.814395,7.164688,23705,9.23243
DE,53842,Troisdorf,Nordrhein-Westfalen,50.841951,7.156184,23720,32.757165
DE,53844,Troisdorf,Nordrhein-Westfalen,50.792246,7.108811,24936,19.848321
DE,53859,Niederkassel,Nordrhein-Westfalen,50.813654,7.05025,36581,35.780008
DE,53879,Euskirchen,Nordrhein-Westfalen,50.657888,6.786828,28234,11.717671
DE,53881,Euskirchen,Nordrhein-Westfalen,50.634847,6.818119,27237,127.737338
DE,53894,Mechernich,Nordrhein-Westfalen,50.591304,6.647697,26779,136.368758
DE,53902,"Bad Münstereifel",Nordrhein-Westfalen,50.532142,6.815761,17520,150.749702
DE,53909,Zülpich,Nordrhein-Westfalen,50.686632,6.668065,19768,100.987436
DE,53913,Swisttal,Nordrhein-Westfalen,50.68547,6.921192,17619,62.203472
DE,53919,Weilerswist,Nordrhein-Westfalen,50.731859,6.838532,15478,57.153762
DE,53925,Kall,Nordrhein-Westfalen,50.516439,6.552658,11403,65.954569
DE,53937,Schleiden,Nordrhein-Westfalen,50.556771,6.451446,13135,122.019281
DE,53940,Hellenthal,Nordrhein-Westfalen,50.448881,6.425637,8272,137.567651
DE,53945,Blankenheim,Nordrhein-Westfalen,50.408328,6.688279,8661,148.576974
DE,53947,Nettersheim,Nordrhein-Westfalen,50.492114,6.663184,7585,94.5855
DE,53949,Dahlem,Nordrhein-Westfalen,50.395986,6.510913,4216,95.197097
DE,54290,Trier,Rheinland-Pfalz,49.751514,6.635783,16054,2.84981
DE,54292,Trier,Rheinland-Pfalz,49.775182,6.688247,17405,10.990443
DE,54293,Trier,Rheinland-Pfalz,49.804868,6.672581,14881,40.942385
DE,54294,Trier,Rheinland-Pfalz,49.734813,6.595505,21396,26.249088
DE,54295,Trier,Rheinland-Pfalz,49.746363,6.655308,15964,4.805576
DE,54296,Trier,Rheinland-Pfalz,49.73001,6.674396,20004,31.15198
DE,54298,Aach,Rheinland-Pfalz,49.843383,6.583974,7787,75.503479
DE,54298,Eisenach,Rheinland-Pfalz,49.843383,6.583974,7787,75.503479
DE,54298,Gilzem,Rheinland-Pfalz,49.843383,6.583974,7787,75.503479
DE,54298,Igel,Rheinland-Pfalz,49.843383,6.583974,7787,75.503479
DE,54298,Orenhofen,Rheinland-Pfalz,49.843383,6.583974,7787,75.503479
DE,54298,Welschbillig,Rheinland-Pfalz,49.843383,6.583974,7787,75.503479
DE,54306,Kordel,Rheinland-Pfalz,49.8358,6.643474,2104,17.191873
DE,54308,Langsur,Rheinland-Pfalz,49.740033,6.520312,1638,11.921757
DE,54309,Newel,Rheinland-Pfalz,49.809776,6.603967,2896,16.524934
DE,54310,Menningen,Rheinland-Pfalz,49.81407,6.517737,2471,34.810568
DE,54310,Minden,Rheinland-Pfalz,49.81407,6.517737,2471,34.810568
DE,54310,Ralingen,Rheinland-Pfalz,49.81407,6.517737,2471,34.810568
DE,54311,Trierweiler,Rheinland-Pfalz,49.766373,6.565468,3669,18.440904
DE,54313,Zemmer,Rheinland-Pfalz,49.882059,6.682738,2962,24.483519
DE,54314,Baldringen,Rheinland-Pfalz,49.591531,6.688853,3835,64.329326
DE,54314,Greimerath,Rheinland-Pfalz,49.591531,6.688853,3835,64.329326
DE,54314,Hentern,Rheinland-Pfalz,49.591531,6.688853,3835,64.329326
DE,54314,Paschel,Rheinland-Pfalz,49.591531,6.688853,3835,64.329326
DE,54314,Schömerich,Rheinland-Pfalz,49.591531,6.688853,3835,64.329326
DE,54314,Vierherrenborn,Rheinland-Pfalz,49.591531,6.688853,3835,64.329326
DE,54314,Zerf,Rheinland-Pfalz,49.591531,6.688853,3835,64.329326
DE,54316,Bonerath,Rheinland-Pfalz,49.678048,6.725783,4357,49.326352
DE,54316,Franzenheim,Rheinland-Pfalz,49.678048,6.725783,4357,49.326352
DE,54316,Hinzenburg,Rheinland-Pfalz,49.678048,6.725783,4357,49.326352
DE,54316,Hockweiler,Rheinland-Pfalz,49.678048,6.725783,4357,49.326352
DE,54316,Holzerath,Rheinland-Pfalz,49.678048,6.725783,4357,49.326352
DE,54316,Lampaden,Rheinland-Pfalz,49.678048,6.725783,4357,49.326352
DE,54316,Ollmuth,Rheinland-Pfalz,49.678048,6.725783,4357,49.326352
DE,54316,Pluwig,Rheinland-Pfalz,49.678048,6.725783,4357,49.326352
DE,54316,Schöndorf,Rheinland-Pfalz,49.678048,6.725783,4357,49.326352
DE,54317,Farschweiler,Rheinland-Pfalz,49.714983,6.79483,11121,74.953226
DE,54317,Gusterath,Rheinland-Pfalz,49.714983,6.79483,11121,74.953226
DE,54317,Gutweiler,Rheinland-Pfalz,49.714983,6.79483,11121,74.953226
DE,54317,Herl,Rheinland-Pfalz,49.714983,6.79483,11121,74.953226
DE,54317,Kasel,Rheinland-Pfalz,49.714983,6.79483,11121,74.953226
DE,54317,Korlingen,Rheinland-Pfalz,49.714983,6.79483,11121,74.953226
DE,54317,Lorscheid,Rheinland-Pfalz,49.714983,6.79483,11121,74.953226
DE,54317,Morscheid,Rheinland-Pfalz,49.714983,6.79483,11121,74.953226
DE,54317,Osburg,Rheinland-Pfalz,49.714983,6.79483,11121,74.953226
DE,54317,Riveris,Rheinland-Pfalz,49.714983,6.79483,11121,74.953226
DE,54317,Sommerau,Rheinland-Pfalz,49.714983,6.79483,11121,74.953226
DE,54317,Thomm,Rheinland-Pfalz,49.714983,6.79483,11121,74.953226
DE,54318,Mertesdorf,Rheinland-Pfalz,49.770302,6.724459,1649,6.46682
DE,54320,Waldrach,Rheinland-Pfalz,49.746476,6.757661,2056,12.454251
DE,54329,Konz,Rheinland-Pfalz,49.678387,6.606672,17565,44.546866
DE,54331,Oberbillig,Rheinland-Pfalz,49.682396,6.599113,1959,12.578249
DE,54331,Pellingen,Rheinland-Pfalz,49.682396,6.599113,1959,12.578249
DE,54332,Wasserliesch,Rheinland-Pfalz,49.698978,6.535093,2261,7.570937
DE,54338,Longen,Rheinland-Pfalz,49.839637,6.743749,6895,31.904196
DE,54338,Schweich,Rheinland-Pfalz,49.839637,6.743749,6895,31.904196
DE,54340,Bekond,Rheinland-Pfalz,49.823695,6.828112,8527,70.456126
DE,54340,Detzem,Rheinland-Pfalz,49.823695,6.828112,8527,70.456126
DE,54340,Ensch,Rheinland-Pfalz,49.823695,6.828112,8527,70.456126
DE,54340,Klüsserath,Rheinland-Pfalz,49.823695,6.828112,8527,70.456126
DE,54340,Köwerich,Rheinland-Pfalz,49.823695,6.828112,8527,70.456126
DE,54340,Leiwen,Rheinland-Pfalz,49.823695,6.828112,8527,70.456126
DE,54340,Longuich,Rheinland-Pfalz,49.823695,6.828112,8527,70.456126
DE,54340,"Naurath (Eifel)",Rheinland-Pfalz,49.823695,6.828112,8527,70.456126
DE,54340,Pölich,Rheinland-Pfalz,49.823695,6.828112,8527,70.456126
DE,54340,Riol,Rheinland-Pfalz,49.823695,6.828112,8527,70.456126
DE,54340,Schleich,Rheinland-Pfalz,49.823695,6.828112,8527,70.456126
DE,54340,Thörnich,Rheinland-Pfalz,49.823695,6.828112,8527,70.456126
DE,54341,Fell,Rheinland-Pfalz,49.768613,6.795355,2465,15.733687
DE,54343,Föhren,Rheinland-Pfalz,49.8633,6.771677,2680,10.736081
DE,54343,Hetzerath,Rheinland-Pfalz,49.8633,6.771677,2680,10.736081
DE,54344,Kenn,Rheinland-Pfalz,49.801042,6.72586,2566,3.952946
DE,54346,Mehring,Rheinland-Pfalz,49.787861,6.829446,2245,22.298501
DE,54347,Neumagen-Dhron,Rheinland-Pfalz,49.848777,6.909879,2239,16.227976
DE,54349,Trittenheim,Rheinland-Pfalz,49.820043,6.915484,1046,10.085736
DE,54411,Deuselbach,Rheinland-Pfalz,49.678303,6.968095,6144,38.54887
DE,54411,Hermeskeil,Rheinland-Pfalz,49.678303,6.968095,6144,38.54887
DE,54411,Rorodt,Rheinland-Pfalz,49.678303,6.968095,6144,38.54887
DE,54413,Bescheid,Rheinland-Pfalz,49.690294,6.915813,4668,65.972572
DE,54413,"Beuren (Hochwald)",Rheinland-Pfalz,49.690294,6.915813,4668,65.972572
DE,54413,Damflos,Rheinland-Pfalz,49.690294,6.915813,4668,65.972572
DE,54413,Geisfeld,Rheinland-Pfalz,49.690294,6.915813,4668,65.972572
DE,54413,Grimburg,Rheinland-Pfalz,49.690294,6.915813,4668,65.972572
DE,54413,Gusenburg,Rheinland-Pfalz,49.690294,6.915813,4668,65.972572
DE,54413,Rascheid,Rheinland-Pfalz,49.690294,6.915813,4668,65.972572
DE,54421,Hinzert-Pölert,Rheinland-Pfalz,49.678476,6.882985,2609,24.678338
DE,54421,Reinsfeld,Rheinland-Pfalz,49.678476,6.882985,2609,24.678338
DE,54422,Börfink,Rheinland-Pfalz,49.668152,7.037336,1638,26.783088
DE,54422,Neuhütten,Rheinland-Pfalz,49.668152,7.037336,1638,26.783088
DE,54422,Züsch,Rheinland-Pfalz,49.668152,7.037336,1638,26.783088
DE,54424,Burtscheid,Rheinland-Pfalz,49.756258,7.005133,2282,32.574135
DE,54424,Etgert,Rheinland-Pfalz,49.756258,7.005133,2282,32.574135
DE,54424,Gielert,Rheinland-Pfalz,49.756258,7.005133,2282,32.574135
DE,54424,Lückenburg,Rheinland-Pfalz,49.756258,7.005133,2282,32.574135
DE,54424,Thalfang,Rheinland-Pfalz,49.756258,7.005133,2282,32.574135
DE,54426,Berglicht,Rheinland-Pfalz,49.747471,6.979095,4599,98.066363
DE,54426,Breit,Rheinland-Pfalz,49.747471,6.979095,4599,98.066363
DE,54426,Büdlich,Rheinland-Pfalz,49.747471,6.979095,4599,98.066363
DE,54426,Dhronecken,Rheinland-Pfalz,49.747471,6.979095,4599,98.066363
DE,54426,Gräfendhron,Rheinland-Pfalz,49.747471,6.979095,4599,98.066363
DE,54426,Heidenburg,Rheinland-Pfalz,49.747471,6.979095,4599,98.066363
DE,54426,Hilscheid,Rheinland-Pfalz,49.747471,6.979095,4599,98.066363
DE,54426,Immert,Rheinland-Pfalz,49.747471,6.979095,4599,98.066363
DE,54426,Malborn,Rheinland-Pfalz,49.747471,6.979095,4599,98.066363
DE,54426,"Naurath (Wald)",Rheinland-Pfalz,49.747471,6.979095,4599,98.066363
DE,54426,Neunkirchen,Rheinland-Pfalz,49.747471,6.979095,4599,98.066363
DE,54426,Schönberg,Rheinland-Pfalz,49.747471,6.979095,4599,98.066363
DE,54426,Talling,Rheinland-Pfalz,49.747471,6.979095,4599,98.066363
DE,54427,"Kell am See",Rheinland-Pfalz,49.635602,6.831934,1954,28.063435
DE,54429,Heddert,Rheinland-Pfalz,49.614684,6.769553,3248,59.513634
DE,54429,Mandern,Rheinland-Pfalz,49.614684,6.769553,3248,59.513634
DE,54429,Schillingen,Rheinland-Pfalz,49.614684,6.769553,3248,59.513634
DE,54429,Waldweiler,Rheinland-Pfalz,49.614684,6.769553,3248,59.513634
DE,54439,Fisch,Rheinland-Pfalz,49.589006,6.476521,9157,67.004025
DE,54439,Merzkirchen,Rheinland-Pfalz,49.589006,6.476521,9157,67.004025
DE,54439,Palzem,Rheinland-Pfalz,49.589006,6.476521,9157,67.004025
DE,54439,Saarburg,Rheinland-Pfalz,49.589006,6.476521,9157,67.004025
DE,54441,Ayl,Rheinland-Pfalz,49.597498,6.535238,9119,88.73925
DE,54441,Kanzem,Rheinland-Pfalz,49.597498,6.535238,9119,88.73925
DE,54441,Kastel-Staadt,Rheinland-Pfalz,49.597498,6.535238,9119,88.73925
DE,54441,Kirf,Rheinland-Pfalz,49.597498,6.535238,9119,88.73925
DE,54441,Mannebach,Rheinland-Pfalz,49.597498,6.535238,9119,88.73925
DE,54441,Ockfen,Rheinland-Pfalz,49.597498,6.535238,9119,88.73925
DE,54441,Schoden,Rheinland-Pfalz,49.597498,6.535238,9119,88.73925
DE,54441,Taben-Rodt,Rheinland-Pfalz,49.597498,6.535238,9119,88.73925
DE,54441,Temmels,Rheinland-Pfalz,49.597498,6.535238,9119,88.73925
DE,54441,Trassem,Rheinland-Pfalz,49.597498,6.535238,9119,88.73925
DE,54441,Wawern,Rheinland-Pfalz,49.597498,6.535238,9119,88.73925
DE,54441,Wellen,Rheinland-Pfalz,49.597498,6.535238,9119,88.73925
DE,54450,Freudenburg,Rheinland-Pfalz,49.547158,6.540146,1593,11.084284
DE,54451,Irsch,Rheinland-Pfalz,49.596593,6.618648,1500,15.324212
DE,54453,Nittel,Rheinland-Pfalz,49.646544,6.462799,2245,16.67626
DE,54455,Serrig,Rheinland-Pfalz,49.570854,6.604587,1633,17.623521
DE,54456,Onsdorf,Rheinland-Pfalz,49.666167,6.506651,2758,13.713599
DE,54456,Tawern,Rheinland-Pfalz,49.666167,6.506651,2758,13.713599
DE,54457,Wincheringen,Rheinland-Pfalz,49.608615,6.442111,1752,19.088777
DE,54459,Wiltingen,Rheinland-Pfalz,49.641862,6.612467,1452,16.039089
DE,54470,Bernkastel-Kues,Rheinland-Pfalz,49.924211,7.057731,8730,35.6495
DE,54470,"Graach an der Mosel",Rheinland-Pfalz,49.924211,7.057731,8730,35.6495
DE,54470,Lieser,Rheinland-Pfalz,49.924211,7.057731,8730,35.6495
DE,54472,Brauneberg,Rheinland-Pfalz,49.874228,7.087903,5919,80.64
DE,54472,Burgen,Rheinland-Pfalz,49.874228,7.087903,5919,80.64
DE,54472,Gornhausen,Rheinland-Pfalz,49.874228,7.087903,5919,80.64
DE,54472,Hochscheid,Rheinland-Pfalz,49.874228,7.087903,5919,80.64
DE,54472,Kommen,Rheinland-Pfalz,49.874228,7.087903,5919,80.64
DE,54472,Longkamp,Rheinland-Pfalz,49.874228,7.087903,5919,80.64
DE,54472,Monzelfeld,Rheinland-Pfalz,49.874228,7.087903,5919,80.64
DE,54472,Veldenz,Rheinland-Pfalz,49.874228,7.087903,5919,80.64
DE,54483,Kleinich,Rheinland-Pfalz,49.890583,7.177029,693,20.372895
DE,54484,Maring-Noviand,Rheinland-Pfalz,49.932793,6.981975,1496,12.093968
DE,54486,"Mülheim an der Mosel",Rheinland-Pfalz,49.903006,7.022814,1006,5.570335
DE,54487,Wintrich,Rheinland-Pfalz,49.86092,6.980397,955,18.096599
DE,54492,Bernkastel-Kues,Rheinland-Pfalz,49.968511,7.006257,3068,25.384826
DE,54492,Erden,Rheinland-Pfalz,49.968511,7.006257,3068,25.384826
DE,54492,Lösnich,Rheinland-Pfalz,49.968511,7.006257,3068,25.384826
DE,54492,Zeltingen-Rachtig,Rheinland-Pfalz,49.968511,7.006257,3068,25.384826
DE,54497,Horath,Rheinland-Pfalz,49.815544,7.099183,11011,134.216762
DE,54497,Morbach,Rheinland-Pfalz,49.815544,7.099183,11011,134.216762
DE,54498,Piesport,Rheinland-Pfalz,49.864533,6.931032,1981,19.260123
DE,54516,Flußbach,Rheinland-Pfalz,49.993231,6.912957,18724,56.630684
DE,54516,Wittlich,Rheinland-Pfalz,49.993231,6.912957,18724,56.630684
DE,54518,Altrich,Rheinland-Pfalz,49.941278,6.830721,14422,173.186068
DE,54518,Arenrath,Rheinland-Pfalz,49.941278,6.830721,14422,173.186068
DE,54518,Bergweiler,Rheinland-Pfalz,49.941278,6.830721,14422,173.186068
DE,54518,Binsfeld,Rheinland-Pfalz,49.941278,6.830721,14422,173.186068
DE,54518,Bruch,Rheinland-Pfalz,49.941278,6.830721,14422,173.186068
DE,54518,Dodenburg,Rheinland-Pfalz,49.941278,6.830721,14422,173.186068
DE,54518,Dreis,Rheinland-Pfalz,49.941278,6.830721,14422,173.186068
DE,54518,Esch,Rheinland-Pfalz,49.941278,6.830721,14422,173.186068
DE,54518,Gladbach,Rheinland-Pfalz,49.941278,6.830721,14422,173.186068
DE,54518,Heckenmünster,Rheinland-Pfalz,49.941278,6.830721,14422,173.186068
DE,54518,Heidweiler,Rheinland-Pfalz,49.941278,6.830721,14422,173.186068
DE,54518,Hupperath,Rheinland-Pfalz,49.941278,6.830721,14422,173.186068
DE,54518,Kesten,Rheinland-Pfalz,49.941278,6.830721,14422,173.186068
DE,54518,Minderlittgen,Rheinland-Pfalz,49.941278,6.830721,14422,173.186068
DE,54518,Minheim,Rheinland-Pfalz,49.941278,6.830721,14422,173.186068
DE,54518,Niersbach,Rheinland-Pfalz,49.941278,6.830721,14422,173.186068
DE,54518,Osann-Monzel,Rheinland-Pfalz,49.941278,6.830721,14422,173.186068
DE,54518,Platten,Rheinland-Pfalz,49.941278,6.830721,14422,173.186068
DE,54518,Plein,Rheinland-Pfalz,49.941278,6.830721,14422,173.186068
DE,54518,Rivenich,Rheinland-Pfalz,49.941278,6.830721,14422,173.186068
DE,54518,Sehlem,Rheinland-Pfalz,49.941278,6.830721,14422,173.186068
DE,54523,Dierscheid,Rheinland-Pfalz,49.883314,6.796815,2342,17.533649
DE,54523,Hetzerath,Rheinland-Pfalz,49.883314,6.796815,2342,17.533649
DE,54524,Klausen,Rheinland-Pfalz,49.905496,6.881426,1323,9.200715
DE,54526,Landscheid,Rheinland-Pfalz,49.998887,6.750388,1979,30.196603
DE,54528,Salmtal,Rheinland-Pfalz,49.928563,6.844289,2379,14.060485
DE,54529,Spangdahlem,Rheinland-Pfalz,49.989474,6.692969,850,13.384829
DE,54531,Eckfeld,Rheinland-Pfalz,50.098649,6.810469,2626,46.906131
DE,54531,Manderscheid,Rheinland-Pfalz,50.098649,6.810469,2626,46.906131
DE,54531,Meerfeld,Rheinland-Pfalz,50.098649,6.810469,2626,46.906131
DE,54531,Pantenburg,Rheinland-Pfalz,50.098649,6.810469,2626,46.906131
DE,54531,Wallscheid,Rheinland-Pfalz,50.098649,6.810469,2626,46.906131
DE,54533,Bettenfeld,Rheinland-Pfalz,50.05611,6.795446,4806,117.431453
DE,54533,Eisenschmitt,Rheinland-Pfalz,50.05611,6.795446,4806,117.431453
DE,54533,Gipperath,Rheinland-Pfalz,50.05611,6.795446,4806,117.431453
DE,54533,Gransdorf,Rheinland-Pfalz,50.05611,6.795446,4806,117.431453
DE,54533,Greimerath,Rheinland-Pfalz,50.05611,6.795446,4806,117.431453
DE,54533,Hasborn,Rheinland-Pfalz,50.05611,6.795446,4806,117.431453
DE,54533,Laufeld,Rheinland-Pfalz,50.05611,6.795446,4806,117.431453
DE,54533,Niederscheidweiler,Rheinland-Pfalz,50.05611,6.795446,4806,117.431453
DE,54533,Niederöfflingen,Rheinland-Pfalz,50.05611,6.795446,4806,117.431453
DE,54533,Oberkail,Rheinland-Pfalz,50.05611,6.795446,4806,117.431453
DE,54533,Oberscheidweiler,Rheinland-Pfalz,50.05611,6.795446,4806,117.431453
DE,54533,Oberöfflingen,Rheinland-Pfalz,50.05611,6.795446,4806,117.431453
DE,54533,Schwarzenborn,Rheinland-Pfalz,50.05611,6.795446,4806,117.431453
DE,54533,Willwerscheid,Rheinland-Pfalz,50.05611,6.795446,4806,117.431453
DE,54534,Großlittgen,Rheinland-Pfalz,50.036337,6.79875,1323,31.398005
DE,54534,Karl,Rheinland-Pfalz,50.036337,6.79875,1323,31.398005
DE,54534,Musweiler,Rheinland-Pfalz,50.036337,6.79875,1323,31.398005
DE,54534,Schladt,Rheinland-Pfalz,50.036337,6.79875,1323,31.398005
DE,54536,Kröv,Rheinland-Pfalz,49.991575,7.084245,2322,14.80145
DE,54538,Bausendorf,Rheinland-Pfalz,50.035265,7.020331,4872,78.643614
DE,54538,Bengel,Rheinland-Pfalz,50.035265,7.020331,4872,78.643614
DE,54538,Diefenbach,Rheinland-Pfalz,50.035265,7.020331,4872,78.643614
DE,54538,Hontheim,Rheinland-Pfalz,50.035265,7.020331,4872,78.643614
DE,54538,Kinderbeuern,Rheinland-Pfalz,50.035265,7.020331,4872,78.643614
DE,54538,Kinheim,Rheinland-Pfalz,50.035265,7.020331,4872,78.643614
DE,54539,Ürzig,Rheinland-Pfalz,49.988823,7.002947,896,6.050412
DE,54550,Daun,Rheinland-Pfalz,50.20599,6.81384,8165,47.728377
DE,54552,Beinhausen,Rheinland-Pfalz,50.198147,6.878286,9752,165.347774
DE,54552,Boxberg,Rheinland-Pfalz,50.198147,6.878286,9752,165.347774
DE,54552,Brockscheid,Rheinland-Pfalz,50.198147,6.878286,9752,165.347774
DE,54552,Darscheid,Rheinland-Pfalz,50.198147,6.878286,9752,165.347774
DE,54552,Demerath,Rheinland-Pfalz,50.198147,6.878286,9752,165.347774
DE,54552,Dockweiler,Rheinland-Pfalz,50.198147,6.878286,9752,165.347774
DE,54552,Dreis-Brück,Rheinland-Pfalz,50.198147,6.878286,9752,165.347774
DE,54552,Ellscheid,Rheinland-Pfalz,50.198147,6.878286,9752,165.347774
DE,54552,Gefell,Rheinland-Pfalz,50.198147,6.878286,9752,165.347774
DE,54552,Hörscheid,Rheinland-Pfalz,50.198147,6.878286,9752,165.347774
DE,54552,Hörschhausen,Rheinland-Pfalz,50.198147,6.878286,9752,165.347774
DE,54552,Immerath,Rheinland-Pfalz,50.198147,6.878286,9752,165.347774
DE,54552,Katzwinkel,Rheinland-Pfalz,50.198147,6.878286,9752,165.347774
DE,54552,Kradenbach,Rheinland-Pfalz,50.198147,6.878286,9752,165.347774
DE,54552,Mehren,Rheinland-Pfalz,50.198147,6.878286,9752,165.347774
DE,54552,Neichen,Rheinland-Pfalz,50.198147,6.878286,9752,165.347774
DE,54552,Nerdlen,Rheinland-Pfalz,50.198147,6.878286,9752,165.347774
DE,54552,Sarmersbach,Rheinland-Pfalz,50.198147,6.878286,9752,165.347774
DE,54552,Schalkenmehren,Rheinland-Pfalz,50.198147,6.878286,9752,165.347774
DE,54552,Schönbach,Rheinland-Pfalz,50.198147,6.878286,9752,165.347774
DE,54552,Steineberg,Rheinland-Pfalz,50.198147,6.878286,9752,165.347774
DE,54552,Steiningen,Rheinland-Pfalz,50.198147,6.878286,9752,165.347774
DE,54552,Strotzbüsch,Rheinland-Pfalz,50.198147,6.878286,9752,165.347774
DE,54552,Udler,Rheinland-Pfalz,50.198147,6.878286,9752,165.347774
DE,54552,Utzerath,Rheinland-Pfalz,50.198147,6.878286,9752,165.347774
DE,54552,Üdersdorf,Rheinland-Pfalz,50.198147,6.878286,9752,165.347774
DE,54558,Gillenfeld,Rheinland-Pfalz,50.119686,6.92165,2419,36.817166
DE,54558,Mückeln,Rheinland-Pfalz,50.119686,6.92165,2419,36.817166
DE,54558,Saxler,Rheinland-Pfalz,50.119686,6.92165,2419,36.817166
DE,54558,Strohn,Rheinland-Pfalz,50.119686,6.92165,2419,36.817166
DE,54558,"Winkel (Eifel)",Rheinland-Pfalz,50.119686,6.92165,2419,36.817166
DE,54568,Gerolstein,Rheinland-Pfalz,50.217028,6.647467,7668,64.717064
DE,54570,Berlingen,Rheinland-Pfalz,50.169286,6.696567,8331,168.65159
DE,54570,Betteldorf,Rheinland-Pfalz,50.169286,6.696567,8331,168.65159
DE,54570,Bleckhausen,Rheinland-Pfalz,50.169286,6.696567,8331,168.65159
DE,54570,Densborn,Rheinland-Pfalz,50.169286,6.696567,8331,168.65159
DE,54570,Deudesfeld,Rheinland-Pfalz,50.169286,6.696567,8331,168.65159
DE,54570,Hinterweiler,Rheinland-Pfalz,50.169286,6.696567,8331,168.65159
DE,54570,Hohenfels-Essingen,Rheinland-Pfalz,50.169286,6.696567,8331,168.65159
DE,54570,Kalenborn-Scheuern,Rheinland-Pfalz,50.169286,6.696567,8331,168.65159
DE,54570,Kirchweiler,Rheinland-Pfalz,50.169286,6.696567,8331,168.65159
DE,54570,Meisburg,Rheinland-Pfalz,50.169286,6.696567,8331,168.65159
DE,54570,Mürlenbach,Rheinland-Pfalz,50.169286,6.696567,8331,168.65159
DE,54570,Neroth,Rheinland-Pfalz,50.169286,6.696567,8331,168.65159
DE,54570,Niederstadtfeld,Rheinland-Pfalz,50.169286,6.696567,8331,168.65159
DE,54570,Oberstadtfeld,Rheinland-Pfalz,50.169286,6.696567,8331,168.65159
DE,54570,Pelm,Rheinland-Pfalz,50.169286,6.696567,8331,168.65159
DE,54570,Rockeskyll,Rheinland-Pfalz,50.169286,6.696567,8331,168.65159
DE,54570,Salm,Rheinland-Pfalz,50.169286,6.696567,8331,168.65159
DE,54570,Schutz,Rheinland-Pfalz,50.169286,6.696567,8331,168.65159
DE,54570,Wallenborn,Rheinland-Pfalz,50.169286,6.696567,8331,168.65159
DE,54570,Weidenbach,Rheinland-Pfalz,50.169286,6.696567,8331,168.65159
DE,54574,Birresborn,Rheinland-Pfalz,50.175784,6.613154,1416,28.713093
DE,54574,Kopp,Rheinland-Pfalz,50.175784,6.613154,1416,28.713093
DE,54576,Dohm-Lammersdorf,Rheinland-Pfalz,50.283529,6.661778,3322,25.242564
DE,54576,Hillesheim,Rheinland-Pfalz,50.283529,6.661778,3322,25.242564
DE,54578,Basberg,Rheinland-Pfalz,50.308728,6.71082,4222,72.821819
DE,54578,Berndorf,Rheinland-Pfalz,50.308728,6.71082,4222,72.821819
DE,54578,Hillesheim,Rheinland-Pfalz,50.308728,6.71082,4222,72.821819
DE,54578,"Kerpen (Eifel)",Rheinland-Pfalz,50.308728,6.71082,4222,72.821819
DE,54578,Nohn,Rheinland-Pfalz,50.308728,6.71082,4222,72.821819
DE,54578,Oberbettingen,Rheinland-Pfalz,50.308728,6.71082,4222,72.821819
DE,54578,Oberehe-Stroheich,Rheinland-Pfalz,50.308728,6.71082,4222,72.821819
DE,54578,Walsdorf,Rheinland-Pfalz,50.308728,6.71082,4222,72.821819
DE,54578,Wiesbaum,Rheinland-Pfalz,50.308728,6.71082,4222,72.821819
DE,54579,Üxheim,Rheinland-Pfalz,50.326168,6.756311,1424,31.449578
DE,54584,Feusdorf,Rheinland-Pfalz,50.345121,6.584147,2737,19.97875
DE,54584,Gönnersdorf,Rheinland-Pfalz,50.345121,6.584147,2737,19.97875
DE,54584,Jünkerath,Rheinland-Pfalz,50.345121,6.584147,2737,19.97875
DE,54585,Esch,Rheinland-Pfalz,50.365749,6.601291,476,10.169948
DE,54586,Schüller,Rheinland-Pfalz,50.333425,6.56435,316,4.242376
DE,54587,Birgel,Rheinland-Pfalz,50.316103,6.603347,1608,16.726682
DE,54587,Lissendorf,Rheinland-Pfalz,50.316103,6.603347,1608,16.726682
DE,54589,Kerschenbach,Rheinland-Pfalz,50.333714,6.516952,1615,26.887566
DE,54589,Stadtkyll,Rheinland-Pfalz,50.333714,6.516952,1615,26.887566
DE,54595,Gondenbrett,Rheinland-Pfalz,50.221034,6.418647,7576,85.644284
DE,54595,Orlenbach,Rheinland-Pfalz,50.221034,6.418647,7576,85.644284
DE,54595,Pittenbach,Rheinland-Pfalz,50.221034,6.418647,7576,85.644284
DE,54595,Prüm,Rheinland-Pfalz,50.221034,6.418647,7576,85.644284
DE,54595,Watzerath,Rheinland-Pfalz,50.221034,6.418647,7576,85.644284
DE,54595,Weinsheim,Rheinland-Pfalz,50.221034,6.418647,7576,85.644284
DE,54597,"Auw bei Prüm",Rheinland-Pfalz,50.212273,6.441223,10645,303.386939
DE,54597,Balesfeld,Rheinland-Pfalz,50.212273,6.441223,10645,303.386939
DE,54597,Burbach,Rheinland-Pfalz,50.212273,6.441223,10645,303.386939
DE,54597,Duppach,Rheinland-Pfalz,50.212273,6.441223,10645,303.386939
DE,54597,Euscheid,Rheinland-Pfalz,50.212273,6.441223,10645,303.386939
DE,54597,Feuerscheid,Rheinland-Pfalz,50.212273,6.441223,10645,303.386939
DE,54597,Fleringen,Rheinland-Pfalz,50.212273,6.441223,10645,303.386939
DE,54597,Habscheid,Rheinland-Pfalz,50.212273,6.441223,10645,303.386939
DE,54597,Hersdorf,Rheinland-Pfalz,50.212273,6.441223,10645,303.386939
DE,54597,Kleinlangenfeld,Rheinland-Pfalz,50.212273,6.441223,10645,303.386939
DE,54597,Lascheid,Rheinland-Pfalz,50.212273,6.441223,10645,303.386939
DE,54597,Lierfeld,Rheinland-Pfalz,50.212273,6.441223,10645,303.386939
DE,54597,Lünebach,Rheinland-Pfalz,50.212273,6.441223,10645,303.386939
DE,54597,Masthorn,Rheinland-Pfalz,50.212273,6.441223,10645,303.386939
DE,54597,Matzerath,Rheinland-Pfalz,50.212273,6.441223,10645,303.386939
DE,54597,Neuendorf,Rheinland-Pfalz,50.212273,6.441223,10645,303.386939
DE,54597,Neuheilenbach,Rheinland-Pfalz,50.212273,6.441223,10645,303.386939
DE,54597,Olzheim,Rheinland-Pfalz,50.212273,6.441223,10645,303.386939
DE,54597,Ormont,Rheinland-Pfalz,50.212273,6.441223,10645,303.386939
DE,54597,Plütscheid,Rheinland-Pfalz,50.212273,6.441223,10645,303.386939
DE,54597,Pronsfeld,Rheinland-Pfalz,50.212273,6.441223,10645,303.386939
DE,54597,Reuth,Rheinland-Pfalz,50.212273,6.441223,10645,303.386939
DE,54597,Rommersheim,Rheinland-Pfalz,50.212273,6.441223,10645,303.386939
DE,54597,"Roth bei Prüm",Rheinland-Pfalz,50.212273,6.441223,10645,303.386939
DE,54597,Schwirzheim,Rheinland-Pfalz,50.212273,6.441223,10645,303.386939
DE,54597,Seiwerath,Rheinland-Pfalz,50.212273,6.441223,10645,303.386939
DE,54597,Steffeln,Rheinland-Pfalz,50.212273,6.441223,10645,303.386939
DE,54597,Strickscheid,Rheinland-Pfalz,50.212273,6.441223,10645,303.386939
DE,54597,Wallersheim,Rheinland-Pfalz,50.212273,6.441223,10645,303.386939
DE,54608,Bleialf,Rheinland-Pfalz,50.237108,6.304585,2627,86.236697
DE,54608,Brandscheid,Rheinland-Pfalz,50.237108,6.304585,2627,86.236697
DE,54608,Buchet,Rheinland-Pfalz,50.237108,6.304585,2627,86.236697
DE,54608,Großlangenfeld,Rheinland-Pfalz,50.237108,6.304585,2627,86.236697
DE,54608,Mützenich,Rheinland-Pfalz,50.237108,6.304585,2627,86.236697
DE,54608,Oberlascheid,Rheinland-Pfalz,50.237108,6.304585,2627,86.236697
DE,54608,Sellerich,Rheinland-Pfalz,50.237108,6.304585,2627,86.236697
DE,54608,Winterscheid,Rheinland-Pfalz,50.237108,6.304585,2627,86.236697
DE,54610,Büdesheim,Rheinland-Pfalz,50.211543,6.566076,585,13.411366
DE,54611,Hallschlag,Rheinland-Pfalz,50.359067,6.422959,645,18.061486
DE,54611,Scheid,Rheinland-Pfalz,50.359067,6.422959,645,18.061486
DE,54612,Lasel,Rheinland-Pfalz,50.113135,6.483185,929,17.05561
DE,54612,Nimshuscheid,Rheinland-Pfalz,50.113135,6.483185,929,17.05561
DE,54612,Wawern,Rheinland-Pfalz,50.113135,6.483185,929,17.05561
DE,54614,Dingdorf,Rheinland-Pfalz,50.151011,6.448782,2104,36.079294
DE,54614,Giesdorf,Rheinland-Pfalz,50.151011,6.448782,2104,36.079294
DE,54614,Heisdorf,Rheinland-Pfalz,50.151011,6.448782,2104,36.079294
DE,54614,Niederlauch,Rheinland-Pfalz,50.151011,6.448782,2104,36.079294
DE,54614,Nimsreuland,Rheinland-Pfalz,50.151011,6.448782,2104,36.079294
DE,54614,Oberlauch,Rheinland-Pfalz,50.151011,6.448782,2104,36.079294
DE,54614,Schönecken,Rheinland-Pfalz,50.151011,6.448782,2104,36.079294
DE,54614,Winringen,Rheinland-Pfalz,50.151011,6.448782,2104,36.079294
DE,54616,Winterspelt,Rheinland-Pfalz,50.213713,6.210784,847,25.687579
DE,54617,Harspelt,Rheinland-Pfalz,50.145087,6.165322,531,20.880012
DE,54617,Lützkampen,Rheinland-Pfalz,50.145087,6.165322,531,20.880012
DE,54617,"Sevenig (Our)",Rheinland-Pfalz,50.145087,6.165322,531,20.880012
DE,54619,Eschfeld,Rheinland-Pfalz,50.133428,6.234787,1691,69.724014
DE,54619,Großkampenberg,Rheinland-Pfalz,50.133428,6.234787,1691,69.724014
DE,54619,Heckhuscheid,Rheinland-Pfalz,50.133428,6.234787,1691,69.724014
DE,54619,Kesfeld,Rheinland-Pfalz,50.133428,6.234787,1691,69.724014
DE,54619,Leidenborn,Rheinland-Pfalz,50.133428,6.234787,1691,69.724014
DE,54619,Lichtenborn,Rheinland-Pfalz,50.133428,6.234787,1691,69.724014
DE,54619,Sengerich,Rheinland-Pfalz,50.133428,6.234787,1691,69.724014
DE,54619,Üttfeld,Rheinland-Pfalz,50.133428,6.234787,1691,69.724014
DE,54634,Birtlingen,Rheinland-Pfalz,49.966945,6.53191,14219,65.396469
DE,54634,Bitburg,Rheinland-Pfalz,49.966945,6.53191,14219,65.396469
DE,54634,Metterich,Rheinland-Pfalz,49.966945,6.53191,14219,65.396469
DE,54634,Niederstedem,Rheinland-Pfalz,49.966945,6.53191,14219,65.396469
DE,54634,Oberstedem,Rheinland-Pfalz,49.966945,6.53191,14219,65.396469
DE,54636,Altscheid,Rheinland-Pfalz,49.981525,6.48945,13587,225.826866
DE,54636,Baustert,Rheinland-Pfalz,49.981525,6.48945,13587,225.826866
DE,54636,Bickendorf,Rheinland-Pfalz,49.981525,6.48945,13587,225.826866
DE,54636,"Biersdorf am See",Rheinland-Pfalz,49.981525,6.48945,13587,225.826866
DE,54636,Brecht,Rheinland-Pfalz,49.981525,6.48945,13587,225.826866
DE,54636,Dahlem,Rheinland-Pfalz,49.981525,6.48945,13587,225.826866
DE,54636,Dockendorf,Rheinland-Pfalz,49.981525,6.48945,13587,225.826866
DE,54636,Echtershausen,Rheinland-Pfalz,49.981525,6.48945,13587,225.826866
DE,54636,Ehlenz,Rheinland-Pfalz,49.981525,6.48945,13587,225.826866
DE,54636,Eßlingen,Rheinland-Pfalz,49.981525,6.48945,13587,225.826866
DE,54636,Feilsdorf,Rheinland-Pfalz,49.981525,6.48945,13587,225.826866
DE,54636,Fließem,Rheinland-Pfalz,49.981525,6.48945,13587,225.826866
DE,54636,Hamm,Rheinland-Pfalz,49.981525,6.48945,13587,225.826866
DE,54636,Heilenbach,Rheinland-Pfalz,49.981525,6.48945,13587,225.826866
DE,54636,Hütterscheid,Rheinland-Pfalz,49.981525,6.48945,13587,225.826866
DE,54636,"Hüttingen an der Kyll",Rheinland-Pfalz,49.981525,6.48945,13587,225.826866
DE,54636,Idenheim,Rheinland-Pfalz,49.981525,6.48945,13587,225.826866
DE,54636,Idesheim,Rheinland-Pfalz,49.981525,6.48945,13587,225.826866
DE,54636,Ingendorf,Rheinland-Pfalz,49.981525,6.48945,13587,225.826866
DE,54636,Ließem,Rheinland-Pfalz,49.981525,6.48945,13587,225.826866
DE,54636,Meckel,Rheinland-Pfalz,49.981525,6.48945,13587,225.826866
DE,54636,Messerich,Rheinland-Pfalz,49.981525,6.48945,13587,225.826866
DE,54636,Mülbach,Rheinland-Pfalz,49.981525,6.48945,13587,225.826866
DE,54636,Nattenheim,Rheinland-Pfalz,49.981525,6.48945,13587,225.826866
DE,54636,Niederweiler,Rheinland-Pfalz,49.981525,6.48945,13587,225.826866
DE,54636,Oberweiler,Rheinland-Pfalz,49.981525,6.48945,13587,225.826866
DE,54636,Oberweis,Rheinland-Pfalz,49.981525,6.48945,13587,225.826866
DE,54636,Rittersdorf,Rheinland-Pfalz,49.981525,6.48945,13587,225.826866
DE,54636,Röhl,Rheinland-Pfalz,49.981525,6.48945,13587,225.826866
DE,54636,Scharfbillig,Rheinland-Pfalz,49.981525,6.48945,13587,225.826866
DE,54636,Schleid,Rheinland-Pfalz,49.981525,6.48945,13587,225.826866
DE,54636,Seffern,Rheinland-Pfalz,49.981525,6.48945,13587,225.826866
DE,54636,Sefferweich,Rheinland-Pfalz,49.981525,6.48945,13587,225.826866
DE,54636,Sülm,Rheinland-Pfalz,49.981525,6.48945,13587,225.826866
DE,54636,Trimport,Rheinland-Pfalz,49.981525,6.48945,13587,225.826866
DE,54636,Weidingen,Rheinland-Pfalz,49.981525,6.48945,13587,225.826866
DE,54636,Wiersdorf,Rheinland-Pfalz,49.981525,6.48945,13587,225.826866
DE,54636,Wißmannsdorf,Rheinland-Pfalz,49.981525,6.48945,13587,225.826866
DE,54636,Wolsfeld,Rheinland-Pfalz,49.981525,6.48945,13587,225.826866
DE,54646,Bettingen,Rheinland-Pfalz,49.945734,6.387593,1624,33.556427
DE,54646,Brimingen,Rheinland-Pfalz,49.945734,6.387593,1624,33.556427
DE,54646,Enzen,Rheinland-Pfalz,49.945734,6.387593,1624,33.556427
DE,54646,Halsdorf,Rheinland-Pfalz,49.945734,6.387593,1624,33.556427
DE,54646,Olsdorf,Rheinland-Pfalz,49.945734,6.387593,1624,33.556427
DE,54646,Stockem,Rheinland-Pfalz,49.945734,6.387593,1624,33.556427
DE,54647,Dudeldorf,Rheinland-Pfalz,49.976629,6.640796,1571,20.944356
DE,54647,Gondorf,Rheinland-Pfalz,49.976629,6.640796,1571,20.944356
DE,54647,Pickließem,Rheinland-Pfalz,49.976629,6.640796,1571,20.944356
DE,54649,Dackscheid,Rheinland-Pfalz,50.085135,6.374345,2366,48.709873
DE,54649,Lambertsberg,Rheinland-Pfalz,50.085135,6.374345,2366,48.709873
DE,54649,Lauperath,Rheinland-Pfalz,50.085135,6.374345,2366,48.709873
DE,54649,Niederpierscheid,Rheinland-Pfalz,50.085135,6.374345,2366,48.709873
DE,54649,Oberpierscheid,Rheinland-Pfalz,50.085135,6.374345,2366,48.709873
DE,54649,Waxweiler,Rheinland-Pfalz,50.085135,6.374345,2366,48.709873
DE,54655,Etteldorf,Rheinland-Pfalz,50.063607,6.604218,3273,71.293478
DE,54655,Kyllburg,Rheinland-Pfalz,50.063607,6.604218,3273,71.293478
DE,54655,Kyllburgweiler,Rheinland-Pfalz,50.063607,6.604218,3273,71.293478
DE,54655,Malberg,Rheinland-Pfalz,50.063607,6.604218,3273,71.293478
DE,54655,Malbergweich,Rheinland-Pfalz,50.063607,6.604218,3273,71.293478
DE,54655,Orsfeld,Rheinland-Pfalz,50.063607,6.604218,3273,71.293478
DE,54655,"Sankt Thomas",Rheinland-Pfalz,50.063607,6.604218,3273,71.293478
DE,54655,Seinsfeld,Rheinland-Pfalz,50.063607,6.604218,3273,71.293478
DE,54655,Steinborn,Rheinland-Pfalz,50.063607,6.604218,3273,71.293478
DE,54655,Usch,Rheinland-Pfalz,50.063607,6.604218,3273,71.293478
DE,54655,Wilsecker,Rheinland-Pfalz,50.063607,6.604218,3273,71.293478
DE,54657,Badem,Rheinland-Pfalz,50.040792,6.601196,2340,24.747937
DE,54657,Gindorf,Rheinland-Pfalz,50.040792,6.601196,2340,24.747937
DE,54657,Neidenbach,Rheinland-Pfalz,50.040792,6.601196,2340,24.747937
DE,54662,Beilingen,Rheinland-Pfalz,49.93888,6.661328,4887,24.423341
DE,54662,Herforst,Rheinland-Pfalz,49.93888,6.661328,4887,24.423341
DE,54662,Speicher,Rheinland-Pfalz,49.93888,6.661328,4887,24.423341
DE,54664,"Auw an der Kyll",Rheinland-Pfalz,49.90324,6.627241,1031,10.574818
DE,54664,Hosten,Rheinland-Pfalz,49.90324,6.627241,1031,10.574818
DE,54664,Preist,Rheinland-Pfalz,49.90324,6.627241,1031,10.574818
DE,54666,Irrel,Rheinland-Pfalz,49.846874,6.452483,1437,7.075477
DE,54668,Alsdorf,Rheinland-Pfalz,49.871438,6.427534,4360,64.698143
DE,54668,Echternacherbrück,Rheinland-Pfalz,49.871438,6.427534,4360,64.698143
DE,54668,Ernzen,Rheinland-Pfalz,49.871438,6.427534,4360,64.698143
DE,54668,Ferschweiler,Rheinland-Pfalz,49.871438,6.427534,4360,64.698143
DE,54668,Holsthum,Rheinland-Pfalz,49.871438,6.427534,4360,64.698143
DE,54668,Niederweis,Rheinland-Pfalz,49.871438,6.427534,4360,64.698143
DE,54668,Peffingen,Rheinland-Pfalz,49.871438,6.427534,4360,64.698143
DE,54668,Prümzurlay,Rheinland-Pfalz,49.871438,6.427534,4360,64.698143
DE,54668,Schankweiler,Rheinland-Pfalz,49.871438,6.427534,4360,64.698143
DE,54669,Bollendorf,Rheinland-Pfalz,49.854133,6.362783,1647,13.172957
DE,54673,"Ammeldingen bei Neuerburg",Rheinland-Pfalz,50.016114,6.259978,3944,118.557937
DE,54673,Bauler,Rheinland-Pfalz,50.016114,6.259978,3944,118.557937
DE,54673,Berkoth,Rheinland-Pfalz,50.016114,6.259978,3944,118.557937
DE,54673,Berscheid,Rheinland-Pfalz,50.016114,6.259978,3944,118.557937
DE,54673,Dauwelshausen,Rheinland-Pfalz,50.016114,6.259978,3944,118.557937
DE,54673,Emmelbaum,Rheinland-Pfalz,50.016114,6.259978,3944,118.557937
DE,54673,Heilbach,Rheinland-Pfalz,50.016114,6.259978,3944,118.557937
DE,54673,Karlshausen,Rheinland-Pfalz,50.016114,6.259978,3944,118.557937
DE,54673,Keppeshausen,Rheinland-Pfalz,50.016114,6.259978,3944,118.557937
DE,54673,Koxhausen,Rheinland-Pfalz,50.016114,6.259978,3944,118.557937
DE,54673,Krautscheid,Rheinland-Pfalz,50.016114,6.259978,3944,118.557937
DE,54673,Leimbach,Rheinland-Pfalz,50.016114,6.259978,3944,118.557937
DE,54673,Nasingen,Rheinland-Pfalz,50.016114,6.259978,3944,118.557937
DE,54673,Neuerburg,Rheinland-Pfalz,50.016114,6.259978,3944,118.557937
DE,54673,Plascheid,Rheinland-Pfalz,50.016114,6.259978,3944,118.557937
DE,54673,Rodershausen,Rheinland-Pfalz,50.016114,6.259978,3944,118.557937
DE,54673,Scheuern,Rheinland-Pfalz,50.016114,6.259978,3944,118.557937
DE,54673,Uppershausen,Rheinland-Pfalz,50.016114,6.259978,3944,118.557937
DE,54673,Waldhof-Falkenstein,Rheinland-Pfalz,50.016114,6.259978,3944,118.557937
DE,54673,Zweifelscheid,Rheinland-Pfalz,50.016114,6.259978,3944,118.557937
DE,54675,Biesdorf,Rheinland-Pfalz,49.932532,6.305348,6048,122.470953
DE,54675,Fischbach-Oberraden,Rheinland-Pfalz,49.932532,6.305348,6048,122.470953
DE,54675,Geichlingen,Rheinland-Pfalz,49.932532,6.305348,6048,122.470953
DE,54675,Gentingen,Rheinland-Pfalz,49.932532,6.305348,6048,122.470953
DE,54675,Hommerdingen,Rheinland-Pfalz,49.932532,6.305348,6048,122.470953
DE,54675,"Hüttingen bei Lahr",Rheinland-Pfalz,49.932532,6.305348,6048,122.470953
DE,54675,Kruchten,Rheinland-Pfalz,49.932532,6.305348,6048,122.470953
DE,54675,Körperich,Rheinland-Pfalz,49.932532,6.305348,6048,122.470953
DE,54675,Lahr,Rheinland-Pfalz,49.932532,6.305348,6048,122.470953
DE,54675,Mettendorf,Rheinland-Pfalz,49.932532,6.305348,6048,122.470953
DE,54675,Nusbaum,Rheinland-Pfalz,49.932532,6.305348,6048,122.470953
DE,54675,Obergeckler,Rheinland-Pfalz,49.932532,6.305348,6048,122.470953
DE,54675,"Roth an der Our",Rheinland-Pfalz,49.932532,6.305348,6048,122.470953
DE,54675,Sinspelt,Rheinland-Pfalz,49.932532,6.305348,6048,122.470953
DE,54675,Utscheid,Rheinland-Pfalz,49.932532,6.305348,6048,122.470953
DE,54675,Wallendorf,Rheinland-Pfalz,49.932532,6.305348,6048,122.470953
DE,54687,Arzfeld,Rheinland-Pfalz,50.086705,6.272514,1383,19.383506
DE,54689,Dahnen,Rheinland-Pfalz,50.062748,6.178046,2326,73.236757
DE,54689,Daleiden,Rheinland-Pfalz,50.062748,6.178046,2326,73.236757
DE,54689,Dasburg,Rheinland-Pfalz,50.062748,6.178046,2326,73.236757
DE,54689,Irrhausen,Rheinland-Pfalz,50.062748,6.178046,2326,73.236757
DE,54689,Jucken,Rheinland-Pfalz,50.062748,6.178046,2326,73.236757
DE,54689,Olmscheid,Rheinland-Pfalz,50.062748,6.178046,2326,73.236757
DE,54689,Preischeid,Rheinland-Pfalz,50.062748,6.178046,2326,73.236757
DE,54689,Reipeldingen,Rheinland-Pfalz,50.062748,6.178046,2326,73.236757
DE,54689,Übereisenbach,Rheinland-Pfalz,50.062748,6.178046,2326,73.236757
DE,55116,Mainz,Rheinland-Pfalz,50.000409,8.272497,18739,2.244185
DE,55118,Mainz,Rheinland-Pfalz,50.010965,8.257223,24753,1.807242
DE,55120,Mainz,Rheinland-Pfalz,50.022426,8.222112,13303,7.930656
DE,55122,Mainz,Rheinland-Pfalz,50.004573,8.23622,23838,5.144961
DE,55124,Mainz,Rheinland-Pfalz,50.000607,8.202506,13920,6.448584
DE,55126,Mainz,Rheinland-Pfalz,49.984178,8.168382,13898,11.352988
DE,55127,Mainz,Rheinland-Pfalz,49.965051,8.207681,13013,9.83921
DE,55128,Mainz,Rheinland-Pfalz,49.97982,8.234832,20312,9.992413
DE,55129,Mainz,Rheinland-Pfalz,49.940494,8.260507,21615,24.865334
DE,55130,Mainz,Rheinland-Pfalz,49.962573,8.312291,20035,13.117028
DE,55131,Mainz,Rheinland-Pfalz,49.988091,8.27066,16953,5.266136
DE,55218,"Ingelheim am Rhein",Rheinland-Pfalz,49.970791,8.058753,23967,49.806012
DE,55232,Alzey,Rheinland-Pfalz,49.751475,8.103577,17976,39.200123
DE,55232,Ensheim,Rheinland-Pfalz,49.751475,8.103577,17976,39.200123
DE,55234,Albig,Rheinland-Pfalz,49.739345,8.103692,18661,148.890176
DE,55234,Bechenheim,Rheinland-Pfalz,49.739345,8.103692,18661,148.890176
DE,55234,Bechtolsheim,Rheinland-Pfalz,49.739345,8.103692,18661,148.890176
DE,55234,"Bermersheim vor der Höhe",Rheinland-Pfalz,49.739345,8.103692,18661,148.890176
DE,55234,Biebelnheim,Rheinland-Pfalz,49.739345,8.103692,18661,148.890176
DE,55234,Dintesheim,Rheinland-Pfalz,49.739345,8.103692,18661,148.890176
DE,55234,Eppelsheim,Rheinland-Pfalz,49.739345,8.103692,18661,148.890176
DE,55234,Erbes-Büdesheim,Rheinland-Pfalz,49.739345,8.103692,18661,148.890176
DE,55234,Esselborn,Rheinland-Pfalz,49.739345,8.103692,18661,148.890176
DE,55234,Flomborn,Rheinland-Pfalz,49.739345,8.103692,18661,148.890176
DE,55234,Framersheim,Rheinland-Pfalz,49.739345,8.103692,18661,148.890176
DE,55234,Freimersheim,Rheinland-Pfalz,49.739345,8.103692,18661,148.890176
DE,55234,Gau-Heppenheim,Rheinland-Pfalz,49.739345,8.103692,18661,148.890176
DE,55234,Hangen-Weisheim,Rheinland-Pfalz,49.739345,8.103692,18661,148.890176
DE,55234,Hochborn,Rheinland-Pfalz,49.739345,8.103692,18661,148.890176
DE,55234,Kettenheim,Rheinland-Pfalz,49.739345,8.103692,18661,148.890176
DE,55234,Monzernheim,Rheinland-Pfalz,49.739345,8.103692,18661,148.890176
DE,55234,Nack,Rheinland-Pfalz,49.739345,8.103692,18661,148.890176
DE,55234,Nieder-Wiesen,Rheinland-Pfalz,49.739345,8.103692,18661,148.890176
DE,55234,Ober-Flörsheim,Rheinland-Pfalz,49.739345,8.103692,18661,148.890176
DE,55234,Offenheim,Rheinland-Pfalz,49.739345,8.103692,18661,148.890176
DE,55234,Wahlheim,Rheinland-Pfalz,49.739345,8.103692,18661,148.890176
DE,55234,Wendelsheim,Rheinland-Pfalz,49.739345,8.103692,18661,148.890176
DE,55237,Bornheim,Rheinland-Pfalz,49.787282,8.046586,4092,24.087408
DE,55237,Flonheim,Rheinland-Pfalz,49.787282,8.046586,4092,24.087408
DE,55237,Lonsheim,Rheinland-Pfalz,49.787282,8.046586,4092,24.087408
DE,55239,Gau-Odernheim,Rheinland-Pfalz,49.779534,8.200782,3818,18.253635
DE,55246,Wiesbaden,Hessen,50.01216,8.311047,13364,9.275894
DE,55252,Wiesbaden,Hessen,50.024135,8.285399,11783,9.514073
DE,55257,Budenheim,Rheinland-Pfalz,50.019746,8.171298,8345,10.527283
DE,55262,"Ingelheim am Rhein",Rheinland-Pfalz,50.001576,8.123947,7225,17.551587
DE,55263,"Ingelheim am Rhein",Rheinland-Pfalz,49.971523,8.127124,2548,5.86281
DE,55268,Nieder-Olm,Rheinland-Pfalz,49.903713,8.2026,9254,11.343041
DE,55268,Ober-Olm,Rheinland-Pfalz,49.903713,8.2026,9254,11.343041
DE,55270,Bubenheim,Rheinland-Pfalz,49.923617,8.150772,21473,68.639581
DE,55270,Engelstadt,Rheinland-Pfalz,49.923617,8.150772,21473,68.639581
DE,55270,Essenheim,Rheinland-Pfalz,49.923617,8.150772,21473,68.639581
DE,55270,"Jugenheim in Rheinhessen",Rheinland-Pfalz,49.923617,8.150772,21473,68.639581
DE,55270,Klein-Winternheim,Rheinland-Pfalz,49.923617,8.150772,21473,68.639581
DE,55270,Ober-Olm,Rheinland-Pfalz,49.923617,8.150772,21473,68.639581
DE,55270,"Schwabenheim an der Selz",Rheinland-Pfalz,49.923617,8.150772,21473,68.639581
DE,55270,Sörgenloch,Rheinland-Pfalz,49.923617,8.150772,21473,68.639581
DE,55270,Zornheim,Rheinland-Pfalz,49.923617,8.150772,21473,68.639581
DE,55271,Stadecken-Elsheim,Rheinland-Pfalz,49.91173,8.139818,4572,14.551201
DE,55276,Dienheim,Rheinland-Pfalz,49.838363,8.352966,9173,17.508428
DE,55276,Oppenheim,Rheinland-Pfalz,49.838363,8.352966,9173,17.508428
DE,55278,Dalheim,Rheinland-Pfalz,49.836039,8.266423,17197,77.570895
DE,55278,Dexheim,Rheinland-Pfalz,49.836039,8.266423,17197,77.570895
DE,55278,Dolgesheim,Rheinland-Pfalz,49.836039,8.266423,17197,77.570895
DE,55278,Eimsheim,Rheinland-Pfalz,49.836039,8.266423,17197,77.570895
DE,55278,Friesenheim,Rheinland-Pfalz,49.836039,8.266423,17197,77.570895
DE,55278,Hahnheim,Rheinland-Pfalz,49.836039,8.266423,17197,77.570895
DE,55278,Köngernheim,Rheinland-Pfalz,49.836039,8.266423,17197,77.570895
DE,55278,Ludwigshöhe,Rheinland-Pfalz,49.836039,8.266423,17197,77.570895
DE,55278,Mommenheim,Rheinland-Pfalz,49.836039,8.266423,17197,77.570895
DE,55278,Selzen,Rheinland-Pfalz,49.836039,8.266423,17197,77.570895
DE,55278,Uelversheim,Rheinland-Pfalz,49.836039,8.266423,17197,77.570895
DE,55278,Undenheim,Rheinland-Pfalz,49.836039,8.266423,17197,77.570895
DE,55278,Weinolsheim,Rheinland-Pfalz,49.836039,8.266423,17197,77.570895
DE,55283,Nierstein,Rheinland-Pfalz,49.869654,8.317573,7805,18.647197
DE,55286,Sulzheim,Rheinland-Pfalz,49.839184,8.107277,8622,22.811547
DE,55286,Wörrstadt,Rheinland-Pfalz,49.839184,8.107277,8622,22.811547
DE,55288,Armsheim,Rheinland-Pfalz,49.840735,8.131584,8769,50.931232
DE,55288,Gabsheim,Rheinland-Pfalz,49.840735,8.131584,8769,50.931232
DE,55288,Partenheim,Rheinland-Pfalz,49.840735,8.131584,8769,50.931232
DE,55288,Schornsheim,Rheinland-Pfalz,49.840735,8.131584,8769,50.931232
DE,55288,Spiesheim,Rheinland-Pfalz,49.840735,8.131584,8769,50.931232
DE,55288,Udenheim,Rheinland-Pfalz,49.840735,8.131584,8769,50.931232
DE,55291,Saulheim,Rheinland-Pfalz,49.875886,8.142103,7170,18.581872
DE,55294,Bodenheim,Rheinland-Pfalz,49.929007,8.308024,7057,13.421903
DE,55296,Gau-Bischofsheim,Rheinland-Pfalz,49.902719,8.285189,6121,12.041616
DE,55296,Harxheim,Rheinland-Pfalz,49.902719,8.285189,6121,12.041616
DE,55296,Lörzweiler,Rheinland-Pfalz,49.902719,8.285189,6121,12.041616
DE,55299,Nackenheim,Rheinland-Pfalz,49.910607,8.333275,5512,8.611148
DE,55411,"Bingen am Rhein",Rheinland-Pfalz,49.947593,7.936966,23797,39.030928
DE,55413,Manubach,Rheinland-Pfalz,50.0044,7.797269,6089,63.228503
DE,55413,Niederheimbach,Rheinland-Pfalz,50.0044,7.797269,6089,63.228503
DE,55413,Oberdiebach,Rheinland-Pfalz,50.0044,7.797269,6089,63.228503
DE,55413,Oberheimbach,Rheinland-Pfalz,50.0044,7.797269,6089,63.228503
DE,55413,Trechtingshausen,Rheinland-Pfalz,50.0044,7.797269,6089,63.228503
DE,55413,"Weiler bei Bingen",Rheinland-Pfalz,50.0044,7.797269,6089,63.228503
DE,55422,Bacharach,Rheinland-Pfalz,50.050658,7.72884,2063,28.643421
DE,55422,Breitscheid,Rheinland-Pfalz,50.050658,7.72884,2063,28.643421
DE,55424,Münster-Sarmsheim,Rheinland-Pfalz,49.943736,7.879858,2821,6.658542
DE,55425,Waldalgesheim,Rheinland-Pfalz,49.961406,7.81502,4036,15.337003
DE,55430,Oberwesel,Rheinland-Pfalz,50.081555,7.697434,4020,40.397692
DE,55430,Perscheid,Rheinland-Pfalz,50.081555,7.697434,4020,40.397692
DE,55430,Urbar,Rheinland-Pfalz,50.081555,7.697434,4020,40.397692
DE,55432,Damscheid,Rheinland-Pfalz,50.105656,7.658359,1335,22.493546
DE,55432,Niederburg,Rheinland-Pfalz,50.105656,7.658359,1335,22.493546
DE,55435,Gau-Algesheim,Rheinland-Pfalz,49.950083,8.011568,6620,12.558111
DE,55437,Appenheim,Rheinland-Pfalz,49.920436,8.015136,5570,25.457724
DE,55437,Nieder-Hilbersheim,Rheinland-Pfalz,49.920436,8.015136,5570,25.457724
DE,55437,Ober-Hilbersheim,Rheinland-Pfalz,49.920436,8.015136,5570,25.457724
DE,55437,Ockenheim,Rheinland-Pfalz,49.920436,8.015136,5570,25.457724
DE,55442,Daxweiler,Rheinland-Pfalz,49.966231,7.756038,4726,32.834908
DE,55442,Roth,Rheinland-Pfalz,49.966231,7.756038,4726,32.834908
DE,55442,Stromberg,Rheinland-Pfalz,49.966231,7.756038,4726,32.834908
DE,55442,Warmsroth,Rheinland-Pfalz,49.966231,7.756038,4726,32.834908
DE,55444,Dörrebach,Rheinland-Pfalz,49.941505,7.735836,4647,46.876195
DE,55444,Eckenroth,Rheinland-Pfalz,49.941505,7.735836,4647,46.876195
DE,55444,Schweppenhausen,Rheinland-Pfalz,49.941505,7.735836,4647,46.876195
DE,55444,Schöneberg,Rheinland-Pfalz,49.941505,7.735836,4647,46.876195
DE,55444,Seibersbach,Rheinland-Pfalz,49.941505,7.735836,4647,46.876195
DE,55444,Waldlaubersheim,Rheinland-Pfalz,49.941505,7.735836,4647,46.876195
DE,55450,Langenlonsheim,Rheinland-Pfalz,49.903697,7.881768,3717,11.817386
DE,55452,Dorsheim,Rheinland-Pfalz,49.905998,7.822438,7685,37.581718
DE,55452,Guldental,Rheinland-Pfalz,49.905998,7.822438,7685,37.581718
DE,55452,Hergenfeld,Rheinland-Pfalz,49.905998,7.822438,7685,37.581718
DE,55452,Laubenheim,Rheinland-Pfalz,49.905998,7.822438,7685,37.581718
DE,55452,Rümmelsheim,Rheinland-Pfalz,49.905998,7.822438,7685,37.581718
DE,55452,Windesheim,Rheinland-Pfalz,49.905998,7.822438,7685,37.581718
DE,55457,Gensingen,Rheinland-Pfalz,49.896137,7.945809,4427,13.072599
DE,55457,Horrweiler,Rheinland-Pfalz,49.896137,7.945809,4427,13.072599
DE,55459,Aspisheim,Rheinland-Pfalz,49.909744,7.960618,2142,9.566514
DE,55459,Grolsheim,Rheinland-Pfalz,49.909744,7.960618,2142,9.566514
DE,55469,Altweidelbach,Rheinland-Pfalz,49.997911,7.531791,12113,75.004825
DE,55469,Belgweiler,Rheinland-Pfalz,49.997911,7.531791,12113,75.004825
DE,55469,Bergenhausen,Rheinland-Pfalz,49.997911,7.531791,12113,75.004825
DE,55469,Budenbach,Rheinland-Pfalz,49.997911,7.531791,12113,75.004825
DE,55469,Holzbach,Rheinland-Pfalz,49.997911,7.531791,12113,75.004825
DE,55469,Horn,Rheinland-Pfalz,49.997911,7.531791,12113,75.004825
DE,55469,Klosterkumbd,Rheinland-Pfalz,49.997911,7.531791,12113,75.004825
DE,55469,Mutterschied,Rheinland-Pfalz,49.997911,7.531791,12113,75.004825
DE,55469,Nannhausen,Rheinland-Pfalz,49.997911,7.531791,12113,75.004825
DE,55469,Niederkumbd,Rheinland-Pfalz,49.997911,7.531791,12113,75.004825
DE,55469,Ohlweiler,Rheinland-Pfalz,49.997911,7.531791,12113,75.004825
DE,55469,Oppertshausen,Rheinland-Pfalz,49.997911,7.531791,12113,75.004825
DE,55469,Pleizenhausen,Rheinland-Pfalz,49.997911,7.531791,12113,75.004825
DE,55469,Rayerschied,Rheinland-Pfalz,49.997911,7.531791,12113,75.004825
DE,55469,Riegenroth,Rheinland-Pfalz,49.997911,7.531791,12113,75.004825
DE,55469,Schönborn,Rheinland-Pfalz,49.997911,7.531791,12113,75.004825
DE,55469,Simmern/Hunsrück,Rheinland-Pfalz,49.997911,7.531791,12113,75.004825
DE,55471,Biebern,Rheinland-Pfalz,49.970473,7.493043,4354,58.500519
DE,55471,Fronhofen,Rheinland-Pfalz,49.970473,7.493043,4354,58.500519
DE,55471,Keidelheim,Rheinland-Pfalz,49.970473,7.493043,4354,58.500519
DE,55471,"Külz (Hunsrück)",Rheinland-Pfalz,49.970473,7.493043,4354,58.500519
DE,55471,Kümbdchen,Rheinland-Pfalz,49.970473,7.493043,4354,58.500519
DE,55471,Neuerkirch,Rheinland-Pfalz,49.970473,7.493043,4354,58.500519
DE,55471,Ravengiersburg,Rheinland-Pfalz,49.970473,7.493043,4354,58.500519
DE,55471,Reich,Rheinland-Pfalz,49.970473,7.493043,4354,58.500519
DE,55471,Sargenroth,Rheinland-Pfalz,49.970473,7.493043,4354,58.500519
DE,55471,Tiefenbach,Rheinland-Pfalz,49.970473,7.493043,4354,58.500519
DE,55471,Wüschheim,Rheinland-Pfalz,49.970473,7.493043,4354,58.500519
DE,55481,Dillendorf,Rheinland-Pfalz,49.948058,7.39527,6535,75.888917
DE,55481,Hecken,Rheinland-Pfalz,49.948058,7.39527,6535,75.888917
DE,55481,Kirchberg,Rheinland-Pfalz,49.948058,7.39527,6535,75.888917
DE,55481,Kludenbach,Rheinland-Pfalz,49.948058,7.39527,6535,75.888917
DE,55481,Lindenschied,Rheinland-Pfalz,49.948058,7.39527,6535,75.888917
DE,55481,Maitzborn,Rheinland-Pfalz,49.948058,7.39527,6535,75.888917
DE,55481,Metzenhausen,Rheinland-Pfalz,49.948058,7.39527,6535,75.888917
DE,55481,"Nieder Kostenz",Rheinland-Pfalz,49.948058,7.39527,6535,75.888917
DE,55481,"Ober Kostenz",Rheinland-Pfalz,49.948058,7.39527,6535,75.888917
DE,55481,Reckershausen,Rheinland-Pfalz,49.948058,7.39527,6535,75.888917
DE,55481,Rödern,Rheinland-Pfalz,49.948058,7.39527,6535,75.888917
DE,55481,Schwarzen,Rheinland-Pfalz,49.948058,7.39527,6535,75.888917
DE,55481,Todenroth,Rheinland-Pfalz,49.948058,7.39527,6535,75.888917
DE,55481,Womrath,Rheinland-Pfalz,49.948058,7.39527,6535,75.888917
DE,55483,Bärenbach,Rheinland-Pfalz,49.932727,7.343069,3874,61.391942
DE,55483,Büchenbeuren,Rheinland-Pfalz,49.932727,7.343069,3874,61.391942
DE,55483,Dickenschied,Rheinland-Pfalz,49.932727,7.343069,3874,61.391942
DE,55483,Heinzenbach,Rheinland-Pfalz,49.932727,7.343069,3874,61.391942
DE,55483,"Hirschfeld (Hunsrück)",Rheinland-Pfalz,49.932727,7.343069,3874,61.391942
DE,55483,Horbruch,Rheinland-Pfalz,49.932727,7.343069,3874,61.391942
DE,55483,Kappel,Rheinland-Pfalz,49.932727,7.343069,3874,61.391942
DE,55483,Krummenau,Rheinland-Pfalz,49.932727,7.343069,3874,61.391942
DE,55483,Lautzenhausen,Rheinland-Pfalz,49.932727,7.343069,3874,61.391942
DE,55483,Schlierschied,Rheinland-Pfalz,49.932727,7.343069,3874,61.391942
DE,55483,Unzenberg,Rheinland-Pfalz,49.932727,7.343069,3874,61.391942
DE,55487,Dill,Rheinland-Pfalz,49.916171,7.323295,4931,30.184581
DE,55487,Laufersweiler,Rheinland-Pfalz,49.916171,7.323295,4931,30.184581
DE,55487,Niedersohren,Rheinland-Pfalz,49.916171,7.323295,4931,30.184581
DE,55487,Sohren,Rheinland-Pfalz,49.916171,7.323295,4931,30.184581
DE,55487,Sohrschied,Rheinland-Pfalz,49.916171,7.323295,4931,30.184581
DE,55490,Gehlweiler,Rheinland-Pfalz,49.886737,7.470915,2853,44.506315
DE,55490,Gemünden,Rheinland-Pfalz,49.886737,7.470915,2853,44.506315
DE,55490,Henau,Rheinland-Pfalz,49.886737,7.470915,2853,44.506315
DE,55490,Mengerschied,Rheinland-Pfalz,49.886737,7.470915,2853,44.506315
DE,55490,Rohrbach,Rheinland-Pfalz,49.886737,7.470915,2853,44.506315
DE,55490,Woppenroth,Rheinland-Pfalz,49.886737,7.470915,2853,44.506315
DE,55491,Büchenbeuren,Rheinland-Pfalz,49.911518,7.268986,2300,13.079965
DE,55491,Niederweiler,Rheinland-Pfalz,49.911518,7.268986,2300,13.079965
DE,55491,Wahlenau,Rheinland-Pfalz,49.911518,7.268986,2300,13.079965
DE,55494,Benzweiler,Rheinland-Pfalz,50.011777,7.648849,6122,44.125844
DE,55494,Dichtelbach,Rheinland-Pfalz,50.011777,7.648849,6122,44.125844
DE,55494,Erbach,Rheinland-Pfalz,50.011777,7.648849,6122,44.125844
DE,55494,Liebshausen,Rheinland-Pfalz,50.011777,7.648849,6122,44.125844
DE,55494,Mörschbach,Rheinland-Pfalz,50.011777,7.648849,6122,44.125844
DE,55494,Rheinböllen,Rheinland-Pfalz,50.011777,7.648849,6122,44.125844
DE,55494,Wahlbach,Rheinland-Pfalz,50.011777,7.648849,6122,44.125844
DE,55496,Argenthal,Rheinland-Pfalz,49.958921,7.616602,1682,28.353543
DE,55497,"Ellern (Hunsrück)",Rheinland-Pfalz,49.983173,7.633285,1066,12.397421
DE,55497,Schnorbach,Rheinland-Pfalz,49.983173,7.633285,1066,12.397421
DE,55499,Riesweiler,Rheinland-Pfalz,49.940404,7.576021,738,17.456242
DE,55543,"Bad Kreuznach",Rheinland-Pfalz,49.829421,7.873086,26289,19.047686
DE,55545,"Bad Kreuznach",Rheinland-Pfalz,49.85544,7.879178,16996,27.22009
DE,55546,Biebelsheim,Rheinland-Pfalz,49.805728,7.910083,8747,45.739377
DE,55546,Frei-Laubersheim,Rheinland-Pfalz,49.805728,7.910083,8747,45.739377
DE,55546,Fürfeld,Rheinland-Pfalz,49.805728,7.910083,8747,45.739377
DE,55546,Hackenheim,Rheinland-Pfalz,49.805728,7.910083,8747,45.739377
DE,55546,Neu-Bamberg,Rheinland-Pfalz,49.805728,7.910083,8747,45.739377
DE,55546,Pfaffen-Schwabenheim,Rheinland-Pfalz,49.805728,7.910083,8747,45.739377
DE,55546,Tiefenthal,Rheinland-Pfalz,49.805728,7.910083,8747,45.739377
DE,55546,Volxheim,Rheinland-Pfalz,49.805728,7.910083,8747,45.739377
DE,55559,Bretzenheim,Rheinland-Pfalz,49.879441,7.887788,2497,5.687387
DE,55566,"Bad Sobernheim",Rheinland-Pfalz,49.823048,7.60768,8471,83.174378
DE,55566,Daubach,Rheinland-Pfalz,49.823048,7.60768,8471,83.174378
DE,55566,Ippenschied,Rheinland-Pfalz,49.823048,7.60768,8471,83.174378
DE,55566,Kirschroth,Rheinland-Pfalz,49.823048,7.60768,8471,83.174378
DE,55566,Meddersheim,Rheinland-Pfalz,49.823048,7.60768,8471,83.174378
DE,55568,Abtweiler,Rheinland-Pfalz,49.760511,7.662898,2214,21.947381
DE,55568,Lauschied,Rheinland-Pfalz,49.760511,7.662898,2214,21.947381
DE,55568,Staudernheim,Rheinland-Pfalz,49.760511,7.662898,2214,21.947381
DE,55569,Auen,Rheinland-Pfalz,49.814275,7.599515,2359,22.643023
DE,55569,Langenthal,Rheinland-Pfalz,49.814275,7.599515,2359,22.643023
DE,55569,Monzingen,Rheinland-Pfalz,49.814275,7.599515,2359,22.643023
DE,55569,Nußbaum,Rheinland-Pfalz,49.814275,7.599515,2359,22.643023
DE,55571,"Odernheim am Glan",Rheinland-Pfalz,49.759224,7.713019,1735,13.311637
DE,55576,Badenheim,Rheinland-Pfalz,49.861631,7.981701,6168,24.890088
DE,55576,Pleitersheim,Rheinland-Pfalz,49.861631,7.981701,6168,24.890088
DE,55576,Sprendlingen,Rheinland-Pfalz,49.861631,7.981701,6168,24.890088
DE,55576,Welgesheim,Rheinland-Pfalz,49.861631,7.981701,6168,24.890088
DE,55576,Zotzenheim,Rheinland-Pfalz,49.861631,7.981701,6168,24.890088
DE,55578,Gau-Weinheim,Rheinland-Pfalz,49.856055,8.045895,4574,26.846585
DE,55578,"Sankt Johann",Rheinland-Pfalz,49.856055,8.045895,4574,26.846585
DE,55578,Vendersheim,Rheinland-Pfalz,49.856055,8.045895,4574,26.846585
DE,55578,Wallertheim,Rheinland-Pfalz,49.856055,8.045895,4574,26.846585
DE,55578,Wolfsheim,Rheinland-Pfalz,49.856055,8.045895,4574,26.846585
DE,55583,"Bad Kreuznach",Rheinland-Pfalz,49.802547,7.828057,4146,9.426502
DE,55585,Altenbamberg,Rheinland-Pfalz,49.782398,7.790513,4350,34.025868
DE,55585,Duchroth,Rheinland-Pfalz,49.782398,7.790513,4350,34.025868
DE,55585,Hochstätten,Rheinland-Pfalz,49.782398,7.790513,4350,34.025868
DE,55585,Niederhausen,Rheinland-Pfalz,49.782398,7.790513,4350,34.025868
DE,55585,Norheim,Rheinland-Pfalz,49.782398,7.790513,4350,34.025868
DE,55585,"Oberhausen an der Nahe",Rheinland-Pfalz,49.782398,7.790513,4350,34.025868
DE,55590,Meisenheim,Rheinland-Pfalz,49.710104,7.671464,2897,10.272959
DE,55592,Breitenheim,Rheinland-Pfalz,49.718939,7.647428,2221,32.909381
DE,55592,Desloch,Rheinland-Pfalz,49.718939,7.647428,2221,32.909381
DE,55592,Jeckenbach,Rheinland-Pfalz,49.718939,7.647428,2221,32.909381
DE,55592,Raumbach,Rheinland-Pfalz,49.718939,7.647428,2221,32.909381
DE,55592,Rehborn,Rheinland-Pfalz,49.718939,7.647428,2221,32.909381
DE,55593,Rüdesheim,Rheinland-Pfalz,49.845739,7.806378,2443,3.47525
DE,55595,Allenfeld,Rheinland-Pfalz,49.872933,7.714579,19805,144.449446
DE,55595,Argenschwang,Rheinland-Pfalz,49.872933,7.714579,19805,144.449446
DE,55595,Bockenau,Rheinland-Pfalz,49.872933,7.714579,19805,144.449446
DE,55595,Boos,Rheinland-Pfalz,49.872933,7.714579,19805,144.449446
DE,55595,Braunweiler,Rheinland-Pfalz,49.872933,7.714579,19805,144.449446
DE,55595,Burgsponheim,Rheinland-Pfalz,49.872933,7.714579,19805,144.449446
DE,55595,Dalberg,Rheinland-Pfalz,49.872933,7.714579,19805,144.449446
DE,55595,Gebroth,Rheinland-Pfalz,49.872933,7.714579,19805,144.449446
DE,55595,Gutenberg,Rheinland-Pfalz,49.872933,7.714579,19805,144.449446
DE,55595,Hargesheim,Rheinland-Pfalz,49.872933,7.714579,19805,144.449446
DE,55595,Hüffelsheim,Rheinland-Pfalz,49.872933,7.714579,19805,144.449446
DE,55595,Mandel,Rheinland-Pfalz,49.872933,7.714579,19805,144.449446
DE,55595,Münchwald,Rheinland-Pfalz,49.872933,7.714579,19805,144.449446
DE,55595,Roxheim,Rheinland-Pfalz,49.872933,7.714579,19805,144.449446
DE,55595,"Sankt Katharinen",Rheinland-Pfalz,49.872933,7.714579,19805,144.449446
DE,55595,Sommerloch,Rheinland-Pfalz,49.872933,7.714579,19805,144.449446
DE,55595,Spabrücken,Rheinland-Pfalz,49.872933,7.714579,19805,144.449446
DE,55595,Spall,Rheinland-Pfalz,49.872933,7.714579,19805,144.449446
DE,55595,Sponheim,Rheinland-Pfalz,49.872933,7.714579,19805,144.449446
DE,55595,Traisen,Rheinland-Pfalz,49.872933,7.714579,19805,144.449446
DE,55595,Wallhausen,Rheinland-Pfalz,49.872933,7.714579,19805,144.449446
DE,55595,Weinsheim,Rheinland-Pfalz,49.872933,7.714579,19805,144.449446
DE,55595,Winterbach,Rheinland-Pfalz,49.872933,7.714579,19805,144.449446
DE,55595,Winterburg,Rheinland-Pfalz,49.872933,7.714579,19805,144.449446
DE,55596,Oberstreit,Rheinland-Pfalz,49.814804,7.710065,2935,24.231642
DE,55596,Schloßböckelheim,Rheinland-Pfalz,49.814804,7.710065,2935,24.231642
DE,55596,Waldböckelheim,Rheinland-Pfalz,49.814804,7.710065,2935,24.231642
DE,55597,Gumbsheim,Rheinland-Pfalz,49.8173,7.973415,5125,15.337398
DE,55597,Wöllstein,Rheinland-Pfalz,49.8173,7.973415,5125,15.337398
DE,55599,Eckelsheim,Rheinland-Pfalz,49.794566,7.973509,5353,33.512694
DE,55599,Gau-Bickelheim,Rheinland-Pfalz,49.794566,7.973509,5353,33.512694
DE,55599,Siefersheim,Rheinland-Pfalz,49.794566,7.973509,5353,33.512694
DE,55599,Stein-Bockenheim,Rheinland-Pfalz,49.794566,7.973509,5353,33.512694
DE,55599,Wonsheim,Rheinland-Pfalz,49.794566,7.973509,5353,33.512694
DE,55606,Brauweiler,Rheinland-Pfalz,49.785202,7.491105,13776,90.859713
DE,55606,Bruschied,Rheinland-Pfalz,49.785202,7.491105,13776,90.859713
DE,55606,Bärweiler,Rheinland-Pfalz,49.785202,7.491105,13776,90.859713
DE,55606,Hahnenbach,Rheinland-Pfalz,49.785202,7.491105,13776,90.859713
DE,55606,Heimweiler,Rheinland-Pfalz,49.785202,7.491105,13776,90.859713
DE,55606,Heinzenberg,Rheinland-Pfalz,49.785202,7.491105,13776,90.859713
DE,55606,Hochstetten-Dhaun,Rheinland-Pfalz,49.785202,7.491105,13776,90.859713
DE,55606,Horbach,Rheinland-Pfalz,49.785202,7.491105,13776,90.859713
DE,55606,Kellenbach,Rheinland-Pfalz,49.785202,7.491105,13776,90.859713
DE,55606,Kirn,Rheinland-Pfalz,49.785202,7.491105,13776,90.859713
DE,55606,Königsau,Rheinland-Pfalz,49.785202,7.491105,13776,90.859713
DE,55606,Limbach,Rheinland-Pfalz,49.785202,7.491105,13776,90.859713
DE,55606,Meckenbach,Rheinland-Pfalz,49.785202,7.491105,13776,90.859713
DE,55606,"Oberhausen bei Kirn",Rheinland-Pfalz,49.785202,7.491105,13776,90.859713
DE,55606,Otzweiler,Rheinland-Pfalz,49.785202,7.491105,13776,90.859713
DE,55608,"Becherbach bei Kirn",Rheinland-Pfalz,49.787109,7.421579,1751,38.956252
DE,55608,Bergen,Rheinland-Pfalz,49.787109,7.421579,1751,38.956252
DE,55608,"Berschweiler bei Kirn",Rheinland-Pfalz,49.787109,7.421579,1751,38.956252
DE,55608,Griebelschied,Rheinland-Pfalz,49.787109,7.421579,1751,38.956252
DE,55608,Hausen,Rheinland-Pfalz,49.787109,7.421579,1751,38.956252
DE,55608,Schneppenbach,Rheinland-Pfalz,49.787109,7.421579,1751,38.956252
DE,55618,Simmertal,Rheinland-Pfalz,49.821574,7.525298,1885,7.494094
DE,55619,Hennweiler,Rheinland-Pfalz,49.829839,7.44024,1256,14.053005
DE,55621,Hundsbach,Rheinland-Pfalz,49.720448,7.562414,393,7.41926
DE,55624,Bollenbach,Rheinland-Pfalz,49.869762,7.332777,3056,35.417234
DE,55624,Gösenroth,Rheinland-Pfalz,49.869762,7.332777,3056,35.417234
DE,55624,Oberkirn,Rheinland-Pfalz,49.869762,7.332777,3056,35.417234
DE,55624,Rhaunen,Rheinland-Pfalz,49.869762,7.332777,3056,35.417234
DE,55624,Weitersbach,Rheinland-Pfalz,49.869762,7.332777,3056,35.417234
DE,55626,Bundenbach,Rheinland-Pfalz,49.845084,7.378384,938,7.643451
DE,55627,Martinstein,Rheinland-Pfalz,49.789758,7.550818,2220,23.638087
DE,55627,Merxheim,Rheinland-Pfalz,49.789758,7.550818,2220,23.638087
DE,55627,"Weiler bei Monzingen",Rheinland-Pfalz,49.789758,7.550818,2220,23.638087
DE,55629,Schwarzerden,Rheinland-Pfalz,49.855944,7.533393,1026,17.048865
DE,55629,Seesbach,Rheinland-Pfalz,49.855944,7.533393,1026,17.048865
DE,55629,Weitersborn,Rheinland-Pfalz,49.855944,7.533393,1026,17.048865
DE,55743,Fischbach,Rheinland-Pfalz,49.708895,7.349268,31790,107.012483
DE,55743,Gerach,Rheinland-Pfalz,49.708895,7.349268,31790,107.012483
DE,55743,Hintertiefenbach,Rheinland-Pfalz,49.708895,7.349268,31790,107.012483
DE,55743,Idar-Oberstein,Rheinland-Pfalz,49.708895,7.349268,31790,107.012483
DE,55743,Kirschweiler,Rheinland-Pfalz,49.708895,7.349268,31790,107.012483
DE,55756,Herrstein,Rheinland-Pfalz,49.782448,7.343172,875,4.831123
DE,55758,Allenbach,Rheinland-Pfalz,49.768448,7.296748,15196,239.70668
DE,55758,Asbach,Rheinland-Pfalz,49.768448,7.296748,15196,239.70668
DE,55758,Breitenthal,Rheinland-Pfalz,49.768448,7.296748,15196,239.70668
DE,55758,Bruchweiler,Rheinland-Pfalz,49.768448,7.296748,15196,239.70668
DE,55758,Bärenbach,Rheinland-Pfalz,49.768448,7.296748,15196,239.70668
DE,55758,Dickesbach,Rheinland-Pfalz,49.768448,7.296748,15196,239.70668
DE,55758,Hellertshausen,Rheinland-Pfalz,49.768448,7.296748,15196,239.70668
DE,55758,Herborn,Rheinland-Pfalz,49.768448,7.296748,15196,239.70668
DE,55758,Hettenrodt,Rheinland-Pfalz,49.768448,7.296748,15196,239.70668
DE,55758,Hottenbach,Rheinland-Pfalz,49.768448,7.296748,15196,239.70668
DE,55758,Kempfeld,Rheinland-Pfalz,49.768448,7.296748,15196,239.70668
DE,55758,Langweiler,Rheinland-Pfalz,49.768448,7.296748,15196,239.70668
DE,55758,Mackenrodt,Rheinland-Pfalz,49.768448,7.296748,15196,239.70668
DE,55758,Mittelreidenbach,Rheinland-Pfalz,49.768448,7.296748,15196,239.70668
DE,55758,Mörschied,Rheinland-Pfalz,49.768448,7.296748,15196,239.70668
DE,55758,Niederhosenbach,Rheinland-Pfalz,49.768448,7.296748,15196,239.70668
DE,55758,Niederwörresbach,Rheinland-Pfalz,49.768448,7.296748,15196,239.70668
DE,55758,Oberhosenbach,Rheinland-Pfalz,49.768448,7.296748,15196,239.70668
DE,55758,Oberreidenbach,Rheinland-Pfalz,49.768448,7.296748,15196,239.70668
DE,55758,Oberwörresbach,Rheinland-Pfalz,49.768448,7.296748,15196,239.70668
DE,55758,Schauren,Rheinland-Pfalz,49.768448,7.296748,15196,239.70668
DE,55758,Schmidthachenbach,Rheinland-Pfalz,49.768448,7.296748,15196,239.70668
DE,55758,Sensweiler,Rheinland-Pfalz,49.768448,7.296748,15196,239.70668
DE,55758,Sien,Rheinland-Pfalz,49.768448,7.296748,15196,239.70668
DE,55758,Sienhachenbach,Rheinland-Pfalz,49.768448,7.296748,15196,239.70668
DE,55758,Sonnschied,Rheinland-Pfalz,49.768448,7.296748,15196,239.70668
DE,55758,Stipshausen,Rheinland-Pfalz,49.768448,7.296748,15196,239.70668
DE,55758,Sulzbach,Rheinland-Pfalz,49.768448,7.296748,15196,239.70668
DE,55758,Veitsrodt,Rheinland-Pfalz,49.768448,7.296748,15196,239.70668
DE,55758,Vollmersbach,Rheinland-Pfalz,49.768448,7.296748,15196,239.70668
DE,55758,Weiden,Rheinland-Pfalz,49.768448,7.296748,15196,239.70668
DE,55758,Wickenrodt,Rheinland-Pfalz,49.768448,7.296748,15196,239.70668
DE,55758,Wirschweiler,Rheinland-Pfalz,49.768448,7.296748,15196,239.70668
DE,55765,Birkenfeld,Rheinland-Pfalz,49.645775,7.165399,8334,44.776776
DE,55765,Dambach,Rheinland-Pfalz,49.645775,7.165399,8334,44.776776
DE,55765,Dienstweiler,Rheinland-Pfalz,49.645775,7.165399,8334,44.776776
DE,55765,Elchweiler,Rheinland-Pfalz,49.645775,7.165399,8334,44.776776
DE,55765,Ellenberg,Rheinland-Pfalz,49.645775,7.165399,8334,44.776776
DE,55765,Ellweiler,Rheinland-Pfalz,49.645775,7.165399,8334,44.776776
DE,55765,Oberhambach,Rheinland-Pfalz,49.645775,7.165399,8334,44.776776
DE,55765,Rimsberg,Rheinland-Pfalz,49.645775,7.165399,8334,44.776776
DE,55765,Schmißberg,Rheinland-Pfalz,49.645775,7.165399,8334,44.776776
DE,55767,Abentheuer,Rheinland-Pfalz,49.675247,7.167921,8586,141.89053
DE,55767,Achtelsbach,Rheinland-Pfalz,49.675247,7.167921,8586,141.89053
DE,55767,Brücken,Rheinland-Pfalz,49.675247,7.167921,8586,141.89053
DE,55767,Buhlenberg,Rheinland-Pfalz,49.675247,7.167921,8586,141.89053
DE,55767,Gimbweiler,Rheinland-Pfalz,49.675247,7.167921,8586,141.89053
DE,55767,Gollenberg,Rheinland-Pfalz,49.675247,7.167921,8586,141.89053
DE,55767,Hattgenstein,Rheinland-Pfalz,49.675247,7.167921,8586,141.89053
DE,55767,Kronweiler,Rheinland-Pfalz,49.675247,7.167921,8586,141.89053
DE,55767,Leisel,Rheinland-Pfalz,49.675247,7.167921,8586,141.89053
DE,55767,Meckenbach,Rheinland-Pfalz,49.675247,7.167921,8586,141.89053
DE,55767,Niederbrombach,Rheinland-Pfalz,49.675247,7.167921,8586,141.89053
DE,55767,Niederhambach,Rheinland-Pfalz,49.675247,7.167921,8586,141.89053
DE,55767,Nohen,Rheinland-Pfalz,49.675247,7.167921,8586,141.89053
DE,55767,Oberbrombach,Rheinland-Pfalz,49.675247,7.167921,8586,141.89053
DE,55767,Rinzenberg,Rheinland-Pfalz,49.675247,7.167921,8586,141.89053
DE,55767,Rötsweiler-Nockenthal,Rheinland-Pfalz,49.675247,7.167921,8586,141.89053
DE,55767,Schwollen,Rheinland-Pfalz,49.675247,7.167921,8586,141.89053
DE,55767,Siesbach,Rheinland-Pfalz,49.675247,7.167921,8586,141.89053
DE,55767,Sonnenberg-Winnenberg,Rheinland-Pfalz,49.675247,7.167921,8586,141.89053
DE,55767,Wilzenberg-Hußweiler,Rheinland-Pfalz,49.675247,7.167921,8586,141.89053
DE,55768,Hoppstädten-Weiersbach,Rheinland-Pfalz,49.613692,7.198295,2912,18.391355
DE,55774,Baumholder,Rheinland-Pfalz,49.624535,7.368525,4304,69.475069
DE,55776,Berglangenbach,Rheinland-Pfalz,49.620402,7.271573,3124,35.636262
DE,55776,Frauenberg,Rheinland-Pfalz,49.620402,7.271573,3124,35.636262
DE,55776,Hahnweiler,Rheinland-Pfalz,49.620402,7.271573,3124,35.636262
DE,55776,Reichenbach,Rheinland-Pfalz,49.620402,7.271573,3124,35.636262
DE,55776,Rohrbach,Rheinland-Pfalz,49.620402,7.271573,3124,35.636262
DE,55776,Ruschberg,Rheinland-Pfalz,49.620402,7.271573,3124,35.636262
DE,55776,Rückweiler,Rheinland-Pfalz,49.620402,7.271573,3124,35.636262
DE,55777,"Berschweiler bei Baumholder",Rheinland-Pfalz,49.5769,7.299559,1279,22.438825
DE,55777,Eckersweiler,Rheinland-Pfalz,49.5769,7.299559,1279,22.438825
DE,55777,Fohren-Linden,Rheinland-Pfalz,49.5769,7.299559,1279,22.438825
DE,55777,Mettweiler,Rheinland-Pfalz,49.5769,7.299559,1279,22.438825
DE,55779,Heimbach,Rheinland-Pfalz,49.608802,7.238963,1210,9.803892
DE,55779,Leitzweiler,Rheinland-Pfalz,49.608802,7.238963,1210,9.803892
DE,56068,Koblenz,Rheinland-Pfalz,50.353322,7.5949,14762,2.948804
DE,56070,Koblenz,Rheinland-Pfalz,50.38389,7.576996,21317,16.792593
DE,56072,Koblenz,Rheinland-Pfalz,50.35487,7.527368,19707,25.653507
DE,56073,Koblenz,Rheinland-Pfalz,50.340374,7.558479,14434,7.053998
DE,56075,Koblenz,Rheinland-Pfalz,50.312548,7.564474,13026,23.555897
DE,56076,Koblenz,Rheinland-Pfalz,50.33583,7.627752,10760,10.863122
DE,56077,Koblenz,Rheinland-Pfalz,50.36122,7.646843,13862,18.740241
DE,56112,Frücht,Rheinland-Pfalz,50.305012,7.63288,17778,21.032396
DE,56112,Lahnstein,Rheinland-Pfalz,50.305012,7.63288,17778,21.032396
DE,56130,"Bad Ems",Rheinland-Pfalz,50.326135,7.721737,9057,27.747334
DE,56130,Dausenau,Rheinland-Pfalz,50.326135,7.721737,9057,27.747334
DE,56130,Lahnstein,Rheinland-Pfalz,50.326135,7.721737,9057,27.747334
DE,56132,Becheln,Rheinland-Pfalz,50.323997,7.722683,4308,29.706688
DE,56132,Dausenau,Rheinland-Pfalz,50.323997,7.722683,4308,29.706688
DE,56132,Frücht,Rheinland-Pfalz,50.323997,7.722683,4308,29.706688
DE,56132,Kemmenau,Rheinland-Pfalz,50.323997,7.722683,4308,29.706688
DE,56132,Miellen,Rheinland-Pfalz,50.323997,7.722683,4308,29.706688
DE,56132,Nievern,Rheinland-Pfalz,50.323997,7.722683,4308,29.706688
DE,56133,Fachbach,Rheinland-Pfalz,50.344601,7.68195,1276,4.88289
DE,56133,Lahnstein,Rheinland-Pfalz,50.344601,7.68195,1276,4.88289
DE,56154,Boppard,Rheinland-Pfalz,50.213531,7.565536,15455,74.99572
DE,56154,Kratzenburg,Rheinland-Pfalz,50.213531,7.565536,15455,74.99572
DE,56170,Bendorf,Rheinland-Pfalz,50.436751,7.594698,16582,23.808433
DE,56179,Niederwerth,Rheinland-Pfalz,50.404734,7.633498,9583,16.259637
DE,56179,Vallendar,Rheinland-Pfalz,50.404734,7.633498,9583,16.259637
DE,56182,Urbar,Rheinland-Pfalz,50.380695,7.633575,3265,3.673673
DE,56191,Weitersburg,Rheinland-Pfalz,50.418681,7.621726,2295,6.433898
DE,56203,Höhr-Grenzhausen,Rheinland-Pfalz,50.438513,7.680067,9231,16.021907
DE,56204,Hillscheid,Rheinland-Pfalz,50.412797,7.705492,2481,14.078715
DE,56206,Hilgert,Rheinland-Pfalz,50.456969,7.689106,1780,5.890864
DE,56206,Kammerforst,Rheinland-Pfalz,50.456969,7.689106,1780,5.890864
DE,56218,Mülheim-Kärlich,Rheinland-Pfalz,50.389465,7.498472,10692,15.855228
DE,56220,Bassenheim,Rheinland-Pfalz,50.381709,7.480303,14320,32.042577
DE,56220,Kaltenengers,Rheinland-Pfalz,50.381709,7.480303,14320,32.042577
DE,56220,Kettig,Rheinland-Pfalz,50.381709,7.480303,14320,32.042577
DE,56220,"Sankt Sebastian",Rheinland-Pfalz,50.381709,7.480303,14320,32.042577
DE,56220,Urmitz,Rheinland-Pfalz,50.381709,7.480303,14320,32.042577
DE,56235,Hundsdorf,Rheinland-Pfalz,50.464413,7.726792,7792,13.54615
DE,56235,Ransbach-Baumbach,Rheinland-Pfalz,50.464413,7.726792,7792,13.54615
DE,56237,Alsbach,Rheinland-Pfalz,50.483008,7.669179,6810,36.370352
DE,56237,Breitenau,Rheinland-Pfalz,50.483008,7.669179,6810,36.370352
DE,56237,Caan,Rheinland-Pfalz,50.483008,7.669179,6810,36.370352
DE,56237,Deesen,Rheinland-Pfalz,50.483008,7.669179,6810,36.370352
DE,56237,Nauort,Rheinland-Pfalz,50.483008,7.669179,6810,36.370352
DE,56237,Oberhaid,Rheinland-Pfalz,50.483008,7.669179,6810,36.370352
DE,56237,Sessenbach,Rheinland-Pfalz,50.483008,7.669179,6810,36.370352
DE,56237,Wirscheid,Rheinland-Pfalz,50.483008,7.669179,6810,36.370352
DE,56237,Wittgert,Rheinland-Pfalz,50.483008,7.669179,6810,36.370352
DE,56242,Ellenhausen,Rheinland-Pfalz,50.527356,7.746242,5195,22.179855
DE,56242,Marienrachdorf,Rheinland-Pfalz,50.527356,7.746242,5195,22.179855
DE,56242,Nordhofen,Rheinland-Pfalz,50.527356,7.746242,5195,22.179855
DE,56242,Quirnbach,Rheinland-Pfalz,50.527356,7.746242,5195,22.179855
DE,56242,"Selters (Westerwald)",Rheinland-Pfalz,50.527356,7.746242,5195,22.179855
DE,56244,Arnshöfen,Rheinland-Pfalz,50.543837,7.803889,12836,97.5002
DE,56244,Ettinghausen,Rheinland-Pfalz,50.543837,7.803889,12836,97.5002
DE,56244,Ewighausen,Rheinland-Pfalz,50.543837,7.803889,12836,97.5002
DE,56244,Freilingen,Rheinland-Pfalz,50.543837,7.803889,12836,97.5002
DE,56244,Freirachdorf,Rheinland-Pfalz,50.543837,7.803889,12836,97.5002
DE,56244,Goddert,Rheinland-Pfalz,50.543837,7.803889,12836,97.5002
DE,56244,"Hahn am See",Rheinland-Pfalz,50.543837,7.803889,12836,97.5002
DE,56244,Hartenfels,Rheinland-Pfalz,50.543837,7.803889,12836,97.5002
DE,56244,Helferskirchen,Rheinland-Pfalz,50.543837,7.803889,12836,97.5002
DE,56244,Krümmel,Rheinland-Pfalz,50.543837,7.803889,12836,97.5002
DE,56244,Kuhnhöfen,Rheinland-Pfalz,50.543837,7.803889,12836,97.5002
DE,56244,Leuterod,Rheinland-Pfalz,50.543837,7.803889,12836,97.5002
DE,56244,Maxsain,Rheinland-Pfalz,50.543837,7.803889,12836,97.5002
DE,56244,Niedersayn,Rheinland-Pfalz,50.543837,7.803889,12836,97.5002
DE,56244,Rückeroth,Rheinland-Pfalz,50.543837,7.803889,12836,97.5002
DE,56244,Schenkelberg,Rheinland-Pfalz,50.543837,7.803889,12836,97.5002
DE,56244,Sessenhausen,Rheinland-Pfalz,50.543837,7.803889,12836,97.5002
DE,56244,Steinen,Rheinland-Pfalz,50.543837,7.803889,12836,97.5002
DE,56244,Vielbach,Rheinland-Pfalz,50.543837,7.803889,12836,97.5002
DE,56244,Weidenhahn,Rheinland-Pfalz,50.543837,7.803889,12836,97.5002
DE,56244,Wölferlingen,Rheinland-Pfalz,50.543837,7.803889,12836,97.5002
DE,56244,Ötzingen,Rheinland-Pfalz,50.543837,7.803889,12836,97.5002
DE,56249,Herschbach,Rheinland-Pfalz,50.582198,7.749918,2827,15.751431
DE,56253,Treis-Karden,Rheinland-Pfalz,50.162726,7.305105,2310,34.287762
DE,56254,Moselkern,Rheinland-Pfalz,50.19652,7.349579,1267,9.615893
DE,56254,"Müden (Mosel)",Rheinland-Pfalz,50.19652,7.349579,1267,9.615893
DE,56269,Dierdorf,Rheinland-Pfalz,50.552299,7.658839,6325,37.401402
DE,56269,Marienhausen,Rheinland-Pfalz,50.552299,7.658839,6325,37.401402
DE,56271,Isenburg,Rheinland-Pfalz,50.565646,7.671063,3834,30.711712
DE,56271,Kleinmaischeid,Rheinland-Pfalz,50.565646,7.671063,3834,30.711712
DE,56271,Maroth,Rheinland-Pfalz,50.565646,7.671063,3834,30.711712
DE,56271,Mündersbach,Rheinland-Pfalz,50.565646,7.671063,3834,30.711712
DE,56271,Roßbach,Rheinland-Pfalz,50.565646,7.671063,3834,30.711712
DE,56276,Großmaischeid,Rheinland-Pfalz,50.502142,7.63758,2659,17.957752
DE,56276,Stebach,Rheinland-Pfalz,50.502142,7.63758,2659,17.957752
DE,56281,Dörth,Rheinland-Pfalz,50.153398,7.582535,6512,26.049502
DE,56281,Emmelshausen,Rheinland-Pfalz,50.153398,7.582535,6512,26.049502
DE,56281,Hungenroth,Rheinland-Pfalz,50.153398,7.582535,6512,26.049502
DE,56281,Karbach,Rheinland-Pfalz,50.153398,7.582535,6512,26.049502
DE,56281,Schwall,Rheinland-Pfalz,50.153398,7.582535,6512,26.049502
DE,56283,Beulich,Rheinland-Pfalz,50.178595,7.497578,5533,66.739055
DE,56283,Gondershausen,Rheinland-Pfalz,50.178595,7.497578,5533,66.739055
DE,56283,Halsenbach,Rheinland-Pfalz,50.178595,7.497578,5533,66.739055
DE,56283,Kratzenburg,Rheinland-Pfalz,50.178595,7.497578,5533,66.739055
DE,56283,Mermuth,Rheinland-Pfalz,50.178595,7.497578,5533,66.739055
DE,56283,Morshausen,Rheinland-Pfalz,50.178595,7.497578,5533,66.739055
DE,56283,Ney,Rheinland-Pfalz,50.178595,7.497578,5533,66.739055
DE,56283,Nörtershausen,Rheinland-Pfalz,50.178595,7.497578,5533,66.739055
DE,56288,Alterkülz,Rheinland-Pfalz,50.062171,7.450146,9952,94.308958
DE,56288,"Bell (Hunsrück)",Rheinland-Pfalz,50.062171,7.450146,9952,94.308958
DE,56288,Braunshorn,Rheinland-Pfalz,50.062171,7.450146,9952,94.308958
DE,56288,Bubach,Rheinland-Pfalz,50.062171,7.450146,9952,94.308958
DE,56288,Hasselbach,Rheinland-Pfalz,50.062171,7.450146,9952,94.308958
DE,56288,Hollnich,Rheinland-Pfalz,50.062171,7.450146,9952,94.308958
DE,56288,Kastellaun,Rheinland-Pfalz,50.062171,7.450146,9952,94.308958
DE,56288,Korweiler,Rheinland-Pfalz,50.062171,7.450146,9952,94.308958
DE,56288,Lahr,Rheinland-Pfalz,50.062171,7.450146,9952,94.308958
DE,56288,Laubach,Rheinland-Pfalz,50.062171,7.450146,9952,94.308958
DE,56288,Michelbach,Rheinland-Pfalz,50.062171,7.450146,9952,94.308958
DE,56288,Roth,Rheinland-Pfalz,50.062171,7.450146,9952,94.308958
DE,56288,Spesenroth,Rheinland-Pfalz,50.062171,7.450146,9952,94.308958
DE,56288,Zilshausen,Rheinland-Pfalz,50.062171,7.450146,9952,94.308958
DE,56290,Beltheim,Rheinland-Pfalz,50.120529,7.407301,6689,115.05136
DE,56290,Buch,Rheinland-Pfalz,50.120529,7.407301,6689,115.05136
DE,56290,Dommershausen,Rheinland-Pfalz,50.120529,7.407301,6689,115.05136
DE,56290,Gödenroth,Rheinland-Pfalz,50.120529,7.407301,6689,115.05136
DE,56290,Lieg,Rheinland-Pfalz,50.120529,7.407301,6689,115.05136
DE,56290,Lütz,Rheinland-Pfalz,50.120529,7.407301,6689,115.05136
DE,56290,Macken,Rheinland-Pfalz,50.120529,7.407301,6689,115.05136
DE,56290,Mörsdorf,Rheinland-Pfalz,50.120529,7.407301,6689,115.05136
DE,56290,Uhler,Rheinland-Pfalz,50.120529,7.407301,6689,115.05136
DE,56291,Badenhard,Rheinland-Pfalz,50.100434,7.58703,5651,71.271014
DE,56291,Bickenbach,Rheinland-Pfalz,50.100434,7.58703,5651,71.271014
DE,56291,Birkheim,Rheinland-Pfalz,50.100434,7.58703,5651,71.271014
DE,56291,Hausbay,Rheinland-Pfalz,50.100434,7.58703,5651,71.271014
DE,56291,Kisselbach,Rheinland-Pfalz,50.100434,7.58703,5651,71.271014
DE,56291,Laudert,Rheinland-Pfalz,50.100434,7.58703,5651,71.271014
DE,56291,Leiningen,Rheinland-Pfalz,50.100434,7.58703,5651,71.271014
DE,56291,Lingerhahn,Rheinland-Pfalz,50.100434,7.58703,5651,71.271014
DE,56291,Maisborn,Rheinland-Pfalz,50.100434,7.58703,5651,71.271014
DE,56291,Mühlpfad,Rheinland-Pfalz,50.100434,7.58703,5651,71.271014
DE,56291,Niedert,Rheinland-Pfalz,50.100434,7.58703,5651,71.271014
DE,56291,Norath,Rheinland-Pfalz,50.100434,7.58703,5651,71.271014
DE,56291,Pfalzfeld,Rheinland-Pfalz,50.100434,7.58703,5651,71.271014
DE,56291,Steinbach,Rheinland-Pfalz,50.100434,7.58703,5651,71.271014
DE,56291,Thörlingen,Rheinland-Pfalz,50.100434,7.58703,5651,71.271014
DE,56291,Utzenhain,Rheinland-Pfalz,50.100434,7.58703,5651,71.271014
DE,56291,Wiebelsheim,Rheinland-Pfalz,50.100434,7.58703,5651,71.271014
DE,56294,Gappenach,Rheinland-Pfalz,50.244921,7.362605,4941,48.237381
DE,56294,Gierschnach,Rheinland-Pfalz,50.244921,7.362605,4941,48.237381
DE,56294,Kalt,Rheinland-Pfalz,50.244921,7.362605,4941,48.237381
DE,56294,Münstermaifeld,Rheinland-Pfalz,50.244921,7.362605,4941,48.237381
DE,56294,Wierschem,Rheinland-Pfalz,50.244921,7.362605,4941,48.237381
DE,56295,Kerben,Rheinland-Pfalz,50.305962,7.384622,2539,16.398038
DE,56295,Lonnig,Rheinland-Pfalz,50.305962,7.384622,2539,16.398038
DE,56295,Rüber,Rheinland-Pfalz,50.305962,7.384622,2539,16.398038
DE,56299,Ochtendung,Rheinland-Pfalz,50.347946,7.384885,5230,24.036724
DE,56305,Döttesfeld,Rheinland-Pfalz,50.605125,7.591015,3056,16.932768
DE,56305,Puderbach,Rheinland-Pfalz,50.605125,7.591015,3056,16.932768
DE,56305,Seifen,Rheinland-Pfalz,50.605125,7.591015,3056,16.932768
DE,56307,Dernbach,Rheinland-Pfalz,50.570269,7.585198,2679,14.440248
DE,56307,Dürrholz,Rheinland-Pfalz,50.570269,7.585198,2679,14.440248
DE,56307,Harschbach,Rheinland-Pfalz,50.570269,7.585198,2679,14.440248
DE,56316,Hanroth,Rheinland-Pfalz,50.575548,7.62762,2944,11.650968
DE,56316,Niederhofen,Rheinland-Pfalz,50.575548,7.62762,2944,11.650968
DE,56316,Raubach,Rheinland-Pfalz,50.575548,7.62762,2944,11.650968
DE,56317,Linkenbach,Rheinland-Pfalz,50.557771,7.563334,2024,16.696055
DE,56317,Urbach,Rheinland-Pfalz,50.557771,7.563334,2024,16.696055
DE,56321,Brey,Rheinland-Pfalz,50.272968,7.59886,4493,18.35484
DE,56321,Rhens,Rheinland-Pfalz,50.272968,7.59886,4493,18.35484
DE,56322,Spay,Rheinland-Pfalz,50.258723,7.641922,1904,2.682753
DE,56323,Rhens,Rheinland-Pfalz,50.273452,7.548053,2294,7.702046
DE,56323,Waldesch,Rheinland-Pfalz,50.273452,7.548053,2294,7.702046
DE,56329,"Sankt Goar",Rheinland-Pfalz,50.145042,7.679801,2808,23.004636
DE,56330,Kobern-Gondorf,Rheinland-Pfalz,50.313424,7.441815,3272,27.488178
DE,56330,Koblenz,Rheinland-Pfalz,50.313424,7.441815,3272,27.488178
DE,56332,Alken,Rheinland-Pfalz,50.254091,7.454624,11061,87.081899
DE,56332,Brodenbach,Rheinland-Pfalz,50.254091,7.454624,11061,87.081899
DE,56332,Burgen,Rheinland-Pfalz,50.254091,7.454624,11061,87.081899
DE,56332,Dieblich,Rheinland-Pfalz,50.254091,7.454624,11061,87.081899
DE,56332,Hatzenport,Rheinland-Pfalz,50.254091,7.454624,11061,87.081899
DE,56332,Lehmen,Rheinland-Pfalz,50.254091,7.454624,11061,87.081899
DE,56332,Löf,Rheinland-Pfalz,50.254091,7.454624,11061,87.081899
DE,56332,Niederfell,Rheinland-Pfalz,50.254091,7.454624,11061,87.081899
DE,56332,Oberfell,Rheinland-Pfalz,50.254091,7.454624,11061,87.081899
DE,56332,Wolken,Rheinland-Pfalz,50.254091,7.454624,11061,87.081899
DE,56333,Winningen,Rheinland-Pfalz,50.321982,7.512987,2475,6.738365
DE,56335,Neuhäusel,Rheinland-Pfalz,50.386268,7.710022,1928,1.689593
DE,56337,Arzbach,Rheinland-Pfalz,50.383655,7.721162,7100,30.161485
DE,56337,Eitelborn,Rheinland-Pfalz,50.383655,7.721162,7100,30.161485
DE,56337,Kadenbach,Rheinland-Pfalz,50.383655,7.721162,7100,30.161485
DE,56337,Simmern,Rheinland-Pfalz,50.383655,7.721162,7100,30.161485
DE,56338,Braubach,Rheinland-Pfalz,50.269873,7.675656,3050,21.420404
DE,56340,Dachsenhausen,Rheinland-Pfalz,50.246564,7.688514,2296,23.634408
DE,56340,Osterspai,Rheinland-Pfalz,50.246564,7.688514,2296,23.634408
DE,56341,Filsen,Rheinland-Pfalz,50.226787,7.633662,2239,13.407597
DE,56341,Kamp-Bornhofen,Rheinland-Pfalz,50.226787,7.633662,2239,13.407597
DE,56346,Bornich,Rheinland-Pfalz,50.179948,7.694136,1942,15.785686
DE,56346,Lierschied,Rheinland-Pfalz,50.179948,7.694136,1942,15.785686
DE,56346,Lykershausen,Rheinland-Pfalz,50.179948,7.694136,1942,15.785686
DE,56346,Prath,Rheinland-Pfalz,50.179948,7.694136,1942,15.785686
DE,56346,"Sankt Goarshausen",Rheinland-Pfalz,50.179948,7.694136,1942,15.785686
DE,56348,Bornich,Rheinland-Pfalz,50.145944,7.754477,4448,48.766033
DE,56348,Dahlheim,Rheinland-Pfalz,50.145944,7.754477,4448,48.766033
DE,56348,Dörscheid,Rheinland-Pfalz,50.145944,7.754477,4448,48.766033
DE,56348,Kestert,Rheinland-Pfalz,50.145944,7.754477,4448,48.766033
DE,56348,Patersberg,Rheinland-Pfalz,50.145944,7.754477,4448,48.766033
DE,56348,Weisel,Rheinland-Pfalz,50.145944,7.754477,4448,48.766033
DE,56349,Kaub,Rheinland-Pfalz,50.093004,7.786153,888,13.028691
DE,56355,Bettendorf,Rheinland-Pfalz,50.205236,7.839718,6145,40.732444
DE,56355,Diethardt,Rheinland-Pfalz,50.205236,7.839718,6145,40.732444
DE,56355,Endlichhofen,Rheinland-Pfalz,50.205236,7.839718,6145,40.732444
DE,56355,Hunzel,Rheinland-Pfalz,50.205236,7.839718,6145,40.732444
DE,56355,Kehlbach,Rheinland-Pfalz,50.205236,7.839718,6145,40.732444
DE,56355,Lautert,Rheinland-Pfalz,50.205236,7.839718,6145,40.732444
DE,56355,Nastätten,Rheinland-Pfalz,50.205236,7.839718,6145,40.732444
DE,56355,Oberbachheim,Rheinland-Pfalz,50.205236,7.839718,6145,40.732444
DE,56355,Weidenbach,Rheinland-Pfalz,50.205236,7.839718,6145,40.732444
DE,56355,Winterwerb,Rheinland-Pfalz,50.205236,7.839718,6145,40.732444
DE,56357,Auel,Rheinland-Pfalz,50.200703,7.816167,13782,164.891318
DE,56357,Berg,Rheinland-Pfalz,50.200703,7.816167,13782,164.891318
DE,56357,Bogel,Rheinland-Pfalz,50.200703,7.816167,13782,164.891318
DE,56357,Buch,Rheinland-Pfalz,50.200703,7.816167,13782,164.891318
DE,56357,Dessighofen,Rheinland-Pfalz,50.200703,7.816167,13782,164.891318
DE,56357,Dornholzhausen,Rheinland-Pfalz,50.200703,7.816167,13782,164.891318
DE,56357,Ehr,Rheinland-Pfalz,50.200703,7.816167,13782,164.891318
DE,56357,Eschbach,Rheinland-Pfalz,50.200703,7.816167,13782,164.891318
DE,56357,Geisig,Rheinland-Pfalz,50.200703,7.816167,13782,164.891318
DE,56357,Gemmerich,Rheinland-Pfalz,50.200703,7.816167,13782,164.891318
DE,56357,Hainau,Rheinland-Pfalz,50.200703,7.816167,13782,164.891318
DE,56357,Himmighofen,Rheinland-Pfalz,50.200703,7.816167,13782,164.891318
DE,56357,"Holzhausen an der Haide",Rheinland-Pfalz,50.200703,7.816167,13782,164.891318
DE,56357,Kasdorf,Rheinland-Pfalz,50.200703,7.816167,13782,164.891318
DE,56357,Lierschied,Rheinland-Pfalz,50.200703,7.816167,13782,164.891318
DE,56357,Lipporn,Rheinland-Pfalz,50.200703,7.816167,13782,164.891318
DE,56357,Lollschied,Rheinland-Pfalz,50.200703,7.816167,13782,164.891318
DE,56357,Marienfels,Rheinland-Pfalz,50.200703,7.816167,13782,164.891318
DE,56357,Miehlen,Rheinland-Pfalz,50.200703,7.816167,13782,164.891318
DE,56357,Niederbachheim,Rheinland-Pfalz,50.200703,7.816167,13782,164.891318
DE,56357,Niederwallmenach,Rheinland-Pfalz,50.200703,7.816167,13782,164.891318
DE,56357,Nochern,Rheinland-Pfalz,50.200703,7.816167,13782,164.891318
DE,56357,Obertiefenbach,Rheinland-Pfalz,50.200703,7.816167,13782,164.891318
DE,56357,Oberwallmenach,Rheinland-Pfalz,50.200703,7.816167,13782,164.891318
DE,56357,Oelsberg,Rheinland-Pfalz,50.200703,7.816167,13782,164.891318
DE,56357,Pohl,Rheinland-Pfalz,50.200703,7.816167,13782,164.891318
DE,56357,Reichenberg,Rheinland-Pfalz,50.200703,7.816167,13782,164.891318
DE,56357,Reitzenhain,Rheinland-Pfalz,50.200703,7.816167,13782,164.891318
DE,56357,Rettershain,Rheinland-Pfalz,50.200703,7.816167,13782,164.891318
DE,56357,Ruppertshofen,Rheinland-Pfalz,50.200703,7.816167,13782,164.891318
DE,56357,Strüth,Rheinland-Pfalz,50.200703,7.816167,13782,164.891318
DE,56357,Welterod,Rheinland-Pfalz,50.200703,7.816167,13782,164.891318
DE,56357,Weyer,Rheinland-Pfalz,50.200703,7.816167,13782,164.891318
DE,56368,Berghausen,Rheinland-Pfalz,50.270277,7.955873,4207,32.292856
DE,56368,Ergeshausen,Rheinland-Pfalz,50.270277,7.955873,4207,32.292856
DE,56368,Herold,Rheinland-Pfalz,50.270277,7.955873,4207,32.292856
DE,56368,Katzenelnbogen,Rheinland-Pfalz,50.270277,7.955873,4207,32.292856
DE,56368,Klingelbach,Rheinland-Pfalz,50.270277,7.955873,4207,32.292856
DE,56368,Niedertiefenbach,Rheinland-Pfalz,50.270277,7.955873,4207,32.292856
DE,56368,Roth,Rheinland-Pfalz,50.270277,7.955873,4207,32.292856
DE,56370,Allendorf,Rheinland-Pfalz,50.275489,7.959778,5878,79.252798
DE,56370,Attenhausen,Rheinland-Pfalz,50.275489,7.959778,5878,79.252798
DE,56370,Berndroth,Rheinland-Pfalz,50.275489,7.959778,5878,79.252798
DE,56370,Biebrich,Rheinland-Pfalz,50.275489,7.959778,5878,79.252798
DE,56370,Bremberg,Rheinland-Pfalz,50.275489,7.959778,5878,79.252798
DE,56370,Dörsdorf,Rheinland-Pfalz,50.275489,7.959778,5878,79.252798
DE,56370,Ebertshausen,Rheinland-Pfalz,50.275489,7.959778,5878,79.252798
DE,56370,Eisighofen,Rheinland-Pfalz,50.275489,7.959778,5878,79.252798
DE,56370,Gutenacker,Rheinland-Pfalz,50.275489,7.959778,5878,79.252798
DE,56370,Kördorf,Rheinland-Pfalz,50.275489,7.959778,5878,79.252798
DE,56370,Mittelfischbach,Rheinland-Pfalz,50.275489,7.959778,5878,79.252798
DE,56370,Oberfischbach,Rheinland-Pfalz,50.275489,7.959778,5878,79.252798
DE,56370,Reckenroth,Rheinland-Pfalz,50.275489,7.959778,5878,79.252798
DE,56370,Rettert,Rheinland-Pfalz,50.275489,7.959778,5878,79.252798
DE,56370,Schönborn,Rheinland-Pfalz,50.275489,7.959778,5878,79.252798
DE,56370,Wasenbach,Rheinland-Pfalz,50.275489,7.959778,5878,79.252798
DE,56377,Misselberg,Rheinland-Pfalz,50.309675,7.811911,5409,29.259519
DE,56377,Nassau,Rheinland-Pfalz,50.309675,7.811911,5409,29.259519
DE,56377,Schweighausen,Rheinland-Pfalz,50.309675,7.811911,5409,29.259519
DE,56377,Seelbach,Rheinland-Pfalz,50.309675,7.811911,5409,29.259519
DE,56379,Charlottenberg,Rheinland-Pfalz,50.321983,7.850175,7618,67.340311
DE,56379,Dienethal,Rheinland-Pfalz,50.321983,7.850175,7618,67.340311
DE,56379,Dörnberg,Rheinland-Pfalz,50.321983,7.850175,7618,67.340311
DE,56379,Geilnau,Rheinland-Pfalz,50.321983,7.850175,7618,67.340311
DE,56379,Holzappel,Rheinland-Pfalz,50.321983,7.850175,7618,67.340311
DE,56379,Horhausen,Rheinland-Pfalz,50.321983,7.850175,7618,67.340311
DE,56379,Hömberg,Rheinland-Pfalz,50.321983,7.850175,7618,67.340311
DE,56379,Laurenburg,Rheinland-Pfalz,50.321983,7.850175,7618,67.340311
DE,56379,Obernhof,Rheinland-Pfalz,50.321983,7.850175,7618,67.340311
DE,56379,Oberwies,Rheinland-Pfalz,50.321983,7.850175,7618,67.340311
DE,56379,Scheidt,Rheinland-Pfalz,50.321983,7.850175,7618,67.340311
DE,56379,Singhofen,Rheinland-Pfalz,50.321983,7.850175,7618,67.340311
DE,56379,Steinsberg,Rheinland-Pfalz,50.321983,7.850175,7618,67.340311
DE,56379,Sulzbach,Rheinland-Pfalz,50.321983,7.850175,7618,67.340311
DE,56379,Weinähr,Rheinland-Pfalz,50.321983,7.850175,7618,67.340311
DE,56379,Winden,Rheinland-Pfalz,50.321983,7.850175,7618,67.340311
DE,56379,Zimmerschied,Rheinland-Pfalz,50.321983,7.850175,7618,67.340311
DE,56410,Montabaur,Rheinland-Pfalz,50.427462,7.805786,12514,33.931293
DE,56412,Boden,Rheinland-Pfalz,50.412012,7.86679,18774,95.393698
DE,56412,Daubach,Rheinland-Pfalz,50.412012,7.86679,18774,95.393698
DE,56412,Gackenbach,Rheinland-Pfalz,50.412012,7.86679,18774,95.393698
DE,56412,Girod,Rheinland-Pfalz,50.412012,7.86679,18774,95.393698
DE,56412,Großholbach,Rheinland-Pfalz,50.412012,7.86679,18774,95.393698
DE,56412,Görgeshausen,Rheinland-Pfalz,50.412012,7.86679,18774,95.393698
DE,56412,Heilberscheid,Rheinland-Pfalz,50.412012,7.86679,18774,95.393698
DE,56412,Heiligenroth,Rheinland-Pfalz,50.412012,7.86679,18774,95.393698
DE,56412,Holler,Rheinland-Pfalz,50.412012,7.86679,18774,95.393698
DE,56412,Horbach,Rheinland-Pfalz,50.412012,7.86679,18774,95.393698
DE,56412,Hübingen,Rheinland-Pfalz,50.412012,7.86679,18774,95.393698
DE,56412,Nentershausen,Rheinland-Pfalz,50.412012,7.86679,18774,95.393698
DE,56412,Niederelbert,Rheinland-Pfalz,50.412012,7.86679,18774,95.393698
DE,56412,Niedererbach,Rheinland-Pfalz,50.412012,7.86679,18774,95.393698
DE,56412,Nomborn,Rheinland-Pfalz,50.412012,7.86679,18774,95.393698
DE,56412,Oberelbert,Rheinland-Pfalz,50.412012,7.86679,18774,95.393698
DE,56412,Ruppach-Goldhausen,Rheinland-Pfalz,50.412012,7.86679,18774,95.393698
DE,56412,Stahlhofen,Rheinland-Pfalz,50.412012,7.86679,18774,95.393698
DE,56412,Untershausen,Rheinland-Pfalz,50.412012,7.86679,18774,95.393698
DE,56412,Welschneudorf,Rheinland-Pfalz,50.412012,7.86679,18774,95.393698
DE,56414,"Berod bei Wallmerod",Rheinland-Pfalz,50.482694,7.931206,13156,68.0622
DE,56414,Bilkheim,Rheinland-Pfalz,50.482694,7.931206,13156,68.0622
DE,56414,Dreikirchen,Rheinland-Pfalz,50.482694,7.931206,13156,68.0622
DE,56414,Herschbach,Rheinland-Pfalz,50.482694,7.931206,13156,68.0622
DE,56414,Hundsangen,Rheinland-Pfalz,50.482694,7.931206,13156,68.0622
DE,56414,Meudt,Rheinland-Pfalz,50.482694,7.931206,13156,68.0622
DE,56414,Molsberg,Rheinland-Pfalz,50.482694,7.931206,13156,68.0622
DE,56414,Niederahr,Rheinland-Pfalz,50.482694,7.931206,13156,68.0622
DE,56414,Oberahr,Rheinland-Pfalz,50.482694,7.931206,13156,68.0622
DE,56414,Obererbach,Rheinland-Pfalz,50.482694,7.931206,13156,68.0622
DE,56414,Salz,Rheinland-Pfalz,50.482694,7.931206,13156,68.0622
DE,56414,Steinefrenz,Rheinland-Pfalz,50.482694,7.931206,13156,68.0622
DE,56414,Wallmerod,Rheinland-Pfalz,50.482694,7.931206,13156,68.0622
DE,56414,Weroth,Rheinland-Pfalz,50.482694,7.931206,13156,68.0622
DE,56414,"Zehnhausen bei Wallmerod",Rheinland-Pfalz,50.482694,7.931206,13156,68.0622
DE,56422,Wirges,Rheinland-Pfalz,50.467592,7.790053,5213,10.128793
DE,56424,Bannberscheid,Rheinland-Pfalz,50.476362,7.797091,4919,15.34425
DE,56424,Ebernhahn,Rheinland-Pfalz,50.476362,7.797091,4919,15.34425
DE,56424,Mogendorf,Rheinland-Pfalz,50.476362,7.797091,4919,15.34425
DE,56424,Moschheim,Rheinland-Pfalz,50.476362,7.797091,4919,15.34425
DE,56424,Staudt,Rheinland-Pfalz,50.476362,7.797091,4919,15.34425
DE,56427,Siershahn,Rheinland-Pfalz,50.484367,7.773675,2747,4.49701
DE,56428,"Dernbach (Westerwald)",Rheinland-Pfalz,50.449513,7.775185,2456,8.748117
DE,56457,Halbs,Rheinland-Pfalz,50.566826,7.966679,6494,22.478938
DE,56457,Hergenroth,Rheinland-Pfalz,50.566826,7.966679,6494,22.478938
DE,56457,Westerburg,Rheinland-Pfalz,50.566826,7.966679,6494,22.478938
DE,56459,Ailertchen,Rheinland-Pfalz,50.565071,7.942589,13526,77.759786
DE,56459,Bellingen,Rheinland-Pfalz,50.565071,7.942589,13526,77.759786
DE,56459,Berzhahn,Rheinland-Pfalz,50.565071,7.942589,13526,77.759786
DE,56459,Brandscheid,Rheinland-Pfalz,50.565071,7.942589,13526,77.759786
DE,56459,Elbingen,Rheinland-Pfalz,50.565071,7.942589,13526,77.759786
DE,56459,Gemünden,Rheinland-Pfalz,50.565071,7.942589,13526,77.759786
DE,56459,Girkenroth,Rheinland-Pfalz,50.565071,7.942589,13526,77.759786
DE,56459,Guckheim,Rheinland-Pfalz,50.565071,7.942589,13526,77.759786
DE,56459,Härtlingen,Rheinland-Pfalz,50.565071,7.942589,13526,77.759786
DE,56459,Kaden,Rheinland-Pfalz,50.565071,7.942589,13526,77.759786
DE,56459,Kölbingen,Rheinland-Pfalz,50.565071,7.942589,13526,77.759786
DE,56459,Langenhahn,Rheinland-Pfalz,50.565071,7.942589,13526,77.759786
DE,56459,Mähren,Rheinland-Pfalz,50.565071,7.942589,13526,77.759786
DE,56459,Pottum,Rheinland-Pfalz,50.565071,7.942589,13526,77.759786
DE,56459,Rotenhain,Rheinland-Pfalz,50.565071,7.942589,13526,77.759786
DE,56459,Rothenbach,Rheinland-Pfalz,50.565071,7.942589,13526,77.759786
DE,56459,"Stahlhofen am Wiesensee",Rheinland-Pfalz,50.565071,7.942589,13526,77.759786
DE,56459,Stockum-Püschen,Rheinland-Pfalz,50.565071,7.942589,13526,77.759786
DE,56459,Weltersburg,Rheinland-Pfalz,50.565071,7.942589,13526,77.759786
DE,56459,Willmenrod,Rheinland-Pfalz,50.565071,7.942589,13526,77.759786
DE,56459,Winnen,Rheinland-Pfalz,50.565071,7.942589,13526,77.759786
DE,56462,Höhn,Rheinland-Pfalz,50.619941,7.981171,3136,13.931109
DE,56470,"Bad Marienberg (Westerwald)",Rheinland-Pfalz,50.650169,7.951459,5880,9.877709
DE,56472,Dreisbach,Rheinland-Pfalz,50.655834,7.976432,6304,37.595112
DE,56472,Fehl-Ritzhausen,Rheinland-Pfalz,50.655834,7.976432,6304,37.595112
DE,56472,Großseifen,Rheinland-Pfalz,50.655834,7.976432,6304,37.595112
DE,56472,"Hahn bei Marienberg",Rheinland-Pfalz,50.655834,7.976432,6304,37.595112
DE,56472,Hardt,Rheinland-Pfalz,50.655834,7.976432,6304,37.595112
DE,56472,Hof,Rheinland-Pfalz,50.655834,7.976432,6304,37.595112
DE,56472,Lautzenbrücken,Rheinland-Pfalz,50.655834,7.976432,6304,37.595112
DE,56472,Nisterau,Rheinland-Pfalz,50.655834,7.976432,6304,37.595112
DE,56472,Nisterberg,Rheinland-Pfalz,50.655834,7.976432,6304,37.595112
DE,56472,Stockhausen-Illfurth,Rheinland-Pfalz,50.655834,7.976432,6304,37.595112
DE,56477,Nister-Möhrendorf,Rheinland-Pfalz,50.627035,8.074238,4980,27.813239
DE,56477,Rennerod,Rheinland-Pfalz,50.627035,8.074238,4980,27.813239
DE,56477,Waigandshain,Rheinland-Pfalz,50.627035,8.074238,4980,27.813239
DE,56477,"Zehnhausen bei Rennerod",Rheinland-Pfalz,50.627035,8.074238,4980,27.813239
DE,56479,Bretthausen,Rheinland-Pfalz,50.615647,8.078338,11978,105.18792
DE,56479,"Elsoff (Westerwald)",Rheinland-Pfalz,50.615647,8.078338,11978,105.18792
DE,56479,Hellenhahn-Schellenberg,Rheinland-Pfalz,50.615647,8.078338,11978,105.18792
DE,56479,Homberg,Rheinland-Pfalz,50.615647,8.078338,11978,105.18792
DE,56479,Hüblingen,Rheinland-Pfalz,50.615647,8.078338,11978,105.18792
DE,56479,Irmtraut,Rheinland-Pfalz,50.615647,8.078338,11978,105.18792
DE,56479,Liebenscheid,Rheinland-Pfalz,50.615647,8.078338,11978,105.18792
DE,56479,Neunkirchen,Rheinland-Pfalz,50.615647,8.078338,11978,105.18792
DE,56479,"Neustadt/ Westerwald",Rheinland-Pfalz,50.615647,8.078338,11978,105.18792
DE,56479,Niederroßbach,Rheinland-Pfalz,50.615647,8.078338,11978,105.18792
DE,56479,Oberrod,Rheinland-Pfalz,50.615647,8.078338,11978,105.18792
DE,56479,Oberroßbach,Rheinland-Pfalz,50.615647,8.078338,11978,105.18792
DE,56479,Rehe,Rheinland-Pfalz,50.615647,8.078338,11978,105.18792
DE,56479,Salzburg,Rheinland-Pfalz,50.615647,8.078338,11978,105.18792
DE,56479,Seck,Rheinland-Pfalz,50.615647,8.078338,11978,105.18792
DE,56479,Stein-Neukirch,Rheinland-Pfalz,50.615647,8.078338,11978,105.18792
DE,56479,Waldmühlen,Rheinland-Pfalz,50.615647,8.078338,11978,105.18792
DE,56479,Westernohe,Rheinland-Pfalz,50.615647,8.078338,11978,105.18792
DE,56479,Willingen,Rheinland-Pfalz,50.615647,8.078338,11978,105.18792
DE,56564,Neuwied,Rheinland-Pfalz,50.433447,7.471342,22085,8.790346
DE,56566,Neuwied,Rheinland-Pfalz,50.451158,7.527365,21570,40.747003
DE,56567,Neuwied,Rheinland-Pfalz,50.471826,7.447253,20565,37.547668
DE,56575,Weißenthurm,Rheinland-Pfalz,50.416079,7.45348,8237,4.827362
DE,56579,Bonefeld,Rheinland-Pfalz,50.515578,7.500526,4398,15.485998
DE,56579,Hardert,Rheinland-Pfalz,50.515578,7.500526,4398,15.485998
DE,56579,Rengsdorf,Rheinland-Pfalz,50.515578,7.500526,4398,15.485998
DE,56581,Ehlscheid,Rheinland-Pfalz,50.51627,7.463566,4233,14.181497
DE,56581,Kurtscheid,Rheinland-Pfalz,50.51627,7.463566,4233,14.181497
DE,56581,Melsbach,Rheinland-Pfalz,50.51627,7.463566,4233,14.181497
DE,56584,Anhausen,Rheinland-Pfalz,50.505571,7.5588,3373,22.377101
DE,56584,Meinborn,Rheinland-Pfalz,50.505571,7.5588,3373,22.377101
DE,56584,Rüscheid,Rheinland-Pfalz,50.505571,7.5588,3373,22.377101
DE,56584,Thalhausen,Rheinland-Pfalz,50.505571,7.5588,3373,22.377101
DE,56587,Oberhonnefeld-Gierend,Rheinland-Pfalz,50.546502,7.514672,3519,18.51688
DE,56587,Oberraden,Rheinland-Pfalz,50.546502,7.514672,3519,18.51688
DE,56587,Straßenhaus,Rheinland-Pfalz,50.546502,7.514672,3519,18.51688
DE,56588,Waldbreitbach,Rheinland-Pfalz,50.551458,7.421417,1949,6.396479
DE,56589,Datzeroth,Rheinland-Pfalz,50.516975,7.425415,1808,16.422994
DE,56589,Niederbreitbach,Rheinland-Pfalz,50.516975,7.425415,1808,16.422994
DE,56593,Bürdenbach,Rheinland-Pfalz,50.592231,7.515107,4746,17.753864
DE,56593,Güllesheim,Rheinland-Pfalz,50.592231,7.515107,4746,17.753864
DE,56593,"Horhausen (Westerwald)",Rheinland-Pfalz,50.592231,7.515107,4746,17.753864
DE,56593,Krunkel,Rheinland-Pfalz,50.592231,7.515107,4746,17.753864
DE,56593,Niedersteinebach,Rheinland-Pfalz,50.592231,7.515107,4746,17.753864
DE,56593,Obersteinebach,Rheinland-Pfalz,50.592231,7.515107,4746,17.753864
DE,56593,Pleckhausen,Rheinland-Pfalz,50.592231,7.515107,4746,17.753864
DE,56594,Willroth,Rheinland-Pfalz,50.571991,7.528344,849,1.95242
DE,56598,Hammerstein,Rheinland-Pfalz,50.500781,7.359144,4250,24.423615
DE,56598,Rheinbrohl,Rheinland-Pfalz,50.500781,7.359144,4250,24.423615
DE,56599,Leutesdorf,Rheinland-Pfalz,50.467275,7.386207,1853,10.539292
DE,56626,Andernach,Rheinland-Pfalz,50.432416,7.371508,29123,52.581236
DE,56630,Kretz,Rheinland-Pfalz,50.396649,7.365156,742,4.171041
DE,56637,Plaidt,Rheinland-Pfalz,50.385552,7.383611,5785,9.368154
DE,56642,Kruft,Rheinland-Pfalz,50.38163,7.324628,3903,18.559817
DE,56645,Nickenich,Rheinland-Pfalz,50.412757,7.323131,3728,16.690252
DE,56648,Saffig,Rheinland-Pfalz,50.37714,7.42018,2227,6.967529
DE,56651,Brenk,Rheinland-Pfalz,50.452134,7.184851,5760,34.134686
DE,56651,Galenberg,Rheinland-Pfalz,50.452134,7.184851,5760,34.134686
DE,56651,Niederdürenbach,Rheinland-Pfalz,50.452134,7.184851,5760,34.134686
DE,56651,Niederzissen,Rheinland-Pfalz,50.452134,7.184851,5760,34.134686
DE,56651,Oberdürenbach,Rheinland-Pfalz,50.452134,7.184851,5760,34.134686
DE,56651,Oberzissen,Rheinland-Pfalz,50.452134,7.184851,5760,34.134686
DE,56653,Glees,Rheinland-Pfalz,50.422414,7.242061,2840,27.55119
DE,56653,Wassenach,Rheinland-Pfalz,50.422414,7.242061,2840,27.55119
DE,56653,Wehr,Rheinland-Pfalz,50.422414,7.242061,2840,27.55119
DE,56656,Brohl-Lützing,Rheinland-Pfalz,50.475516,7.31289,2430,9.299882
DE,56659,Burgbrohl,Rheinland-Pfalz,50.458193,7.265505,3183,10.983045
DE,56727,Mayen,Rheinland-Pfalz,50.32656,7.191977,19936,66.517283
DE,56727,Reudelsterz,Rheinland-Pfalz,50.32656,7.191977,19936,66.517283
DE,56727,"Sankt Johann",Rheinland-Pfalz,50.32656,7.191977,19936,66.517283
DE,56729,Acht,Rheinland-Pfalz,50.328635,7.098095,12306,150.057312
DE,56729,Anschau,Rheinland-Pfalz,50.328635,7.098095,12306,150.057312
DE,56729,Arft,Rheinland-Pfalz,50.328635,7.098095,12306,150.057312
DE,56729,Baar,Rheinland-Pfalz,50.328635,7.098095,12306,150.057312
DE,56729,Bermel,Rheinland-Pfalz,50.328635,7.098095,12306,150.057312
DE,56729,Boos,Rheinland-Pfalz,50.328635,7.098095,12306,150.057312
DE,56729,Ditscheid,Rheinland-Pfalz,50.328635,7.098095,12306,150.057312
DE,56729,Ettringen,Rheinland-Pfalz,50.328635,7.098095,12306,150.057312
DE,56729,Herresbach,Rheinland-Pfalz,50.328635,7.098095,12306,150.057312
DE,56729,Hirten,Rheinland-Pfalz,50.328635,7.098095,12306,150.057312
DE,56729,Kehrig,Rheinland-Pfalz,50.328635,7.098095,12306,150.057312
DE,56729,Kirchwald,Rheinland-Pfalz,50.328635,7.098095,12306,150.057312
DE,56729,Langenfeld,Rheinland-Pfalz,50.328635,7.098095,12306,150.057312
DE,56729,Langscheid,Rheinland-Pfalz,50.328635,7.098095,12306,150.057312
DE,56729,Lind,Rheinland-Pfalz,50.328635,7.098095,12306,150.057312
DE,56729,Luxem,Rheinland-Pfalz,50.328635,7.098095,12306,150.057312
DE,56729,Monreal,Rheinland-Pfalz,50.328635,7.098095,12306,150.057312
DE,56729,Münk,Rheinland-Pfalz,50.328635,7.098095,12306,150.057312
DE,56729,Nachtsheim,Rheinland-Pfalz,50.328635,7.098095,12306,150.057312
DE,56729,Nitz,Rheinland-Pfalz,50.328635,7.098095,12306,150.057312
DE,56729,Siebenbach,Rheinland-Pfalz,50.328635,7.098095,12306,150.057312
DE,56729,Virneburg,Rheinland-Pfalz,50.328635,7.098095,12306,150.057312
DE,56729,Weiler,Rheinland-Pfalz,50.328635,7.098095,12306,150.057312
DE,56729,Welschenbach,Rheinland-Pfalz,50.328635,7.098095,12306,150.057312
DE,56736,Kottenheim,Rheinland-Pfalz,50.347304,7.252161,2719,6.426929
DE,56743,Mendig,Rheinland-Pfalz,50.368792,7.273397,10179,31.826141
DE,56743,Thür,Rheinland-Pfalz,50.368792,7.273397,10179,31.826141
DE,56745,Bell,Rheinland-Pfalz,50.397153,7.171628,5150,35.760995
DE,56745,Hausten,Rheinland-Pfalz,50.397153,7.171628,5150,35.760995
DE,56745,Rieden,Rheinland-Pfalz,50.397153,7.171628,5150,35.760995
DE,56745,Volkesfeld,Rheinland-Pfalz,50.397153,7.171628,5150,35.760995
DE,56745,Weibern,Rheinland-Pfalz,50.397153,7.171628,5150,35.760995
DE,56746,Hohenleimbach,Rheinland-Pfalz,50.423657,7.101544,3028,30.539495
DE,56746,Kempenich,Rheinland-Pfalz,50.423657,7.101544,3028,30.539495
DE,56746,Spessart,Rheinland-Pfalz,50.423657,7.101544,3028,30.539495
DE,56751,Einig,Rheinland-Pfalz,50.295091,7.297309,7680,39.762057
DE,56751,Gering,Rheinland-Pfalz,50.295091,7.297309,7680,39.762057
DE,56751,Kollig,Rheinland-Pfalz,50.295091,7.297309,7680,39.762057
DE,56751,Polch,Rheinland-Pfalz,50.295091,7.297309,7680,39.762057
DE,56753,Mertloch,Rheinland-Pfalz,50.281964,7.310714,3846,33.949814
DE,56753,Naunheim,Rheinland-Pfalz,50.281964,7.310714,3846,33.949814
DE,56753,Pillig,Rheinland-Pfalz,50.281964,7.310714,3846,33.949814
DE,56753,Trimbs,Rheinland-Pfalz,50.281964,7.310714,3846,33.949814
DE,56753,Welling,Rheinland-Pfalz,50.281964,7.310714,3846,33.949814
DE,56754,Binningen,Rheinland-Pfalz,50.220789,7.263049,2440,30.309043
DE,56754,Brohl,Rheinland-Pfalz,50.220789,7.263049,2440,30.309043
DE,56754,Dünfus,Rheinland-Pfalz,50.220789,7.263049,2440,30.309043
DE,56754,"Forst (Eifel)",Rheinland-Pfalz,50.220789,7.263049,2440,30.309043
DE,56754,Möntenich,Rheinland-Pfalz,50.220789,7.263049,2440,30.309043
DE,56754,Roes,Rheinland-Pfalz,50.220789,7.263049,2440,30.309043
DE,56759,Eppenberg,Rheinland-Pfalz,50.23821,7.099478,4608,25.140117
DE,56759,Kaisersesch,Rheinland-Pfalz,50.23821,7.099478,4608,25.140117
DE,56759,Kalenborn,Rheinland-Pfalz,50.23821,7.099478,4608,25.140117
DE,56759,Landkern,Rheinland-Pfalz,50.23821,7.099478,4608,25.140117
DE,56759,Laubach,Rheinland-Pfalz,50.23821,7.099478,4608,25.140117
DE,56759,Leienkaul,Rheinland-Pfalz,50.23821,7.099478,4608,25.140117
DE,56761,Brachtendorf,Rheinland-Pfalz,50.242765,7.157662,6697,56.432898
DE,56761,Düngenheim,Rheinland-Pfalz,50.242765,7.157662,6697,56.432898
DE,56761,Eulgem,Rheinland-Pfalz,50.242765,7.157662,6697,56.432898
DE,56761,Gamlen,Rheinland-Pfalz,50.242765,7.157662,6697,56.432898
DE,56761,Hambuch,Rheinland-Pfalz,50.242765,7.157662,6697,56.432898
DE,56761,Hauroth,Rheinland-Pfalz,50.242765,7.157662,6697,56.432898
DE,56761,Kaifenheim,Rheinland-Pfalz,50.242765,7.157662,6697,56.432898
DE,56761,Masburg,Rheinland-Pfalz,50.242765,7.157662,6697,56.432898
DE,56761,Müllenbach,Rheinland-Pfalz,50.242765,7.157662,6697,56.432898
DE,56761,Urmersbach,Rheinland-Pfalz,50.242765,7.157662,6697,56.432898
DE,56761,Zettingen,Rheinland-Pfalz,50.242765,7.157662,6697,56.432898
DE,56766,Auderath,Rheinland-Pfalz,50.208523,6.995058,4329,43.589638
DE,56766,Berenbach,Rheinland-Pfalz,50.208523,6.995058,4329,43.589638
DE,56766,Filz,Rheinland-Pfalz,50.208523,6.995058,4329,43.589638
DE,56766,Horperath,Rheinland-Pfalz,50.208523,6.995058,4329,43.589638
DE,56766,Ulmen,Rheinland-Pfalz,50.208523,6.995058,4329,43.589638
DE,56767,Gunderath,Rheinland-Pfalz,50.254819,7.001116,2212,35.656326
DE,56767,Höchstberg,Rheinland-Pfalz,50.254819,7.001116,2212,35.656326
DE,56767,Kaperich,Rheinland-Pfalz,50.254819,7.001116,2212,35.656326
DE,56767,Kolverath,Rheinland-Pfalz,50.254819,7.001116,2212,35.656326
DE,56767,Kötterichen,Rheinland-Pfalz,50.254819,7.001116,2212,35.656326
DE,56767,Lirstal,Rheinland-Pfalz,50.254819,7.001116,2212,35.656326
DE,56767,Mosbruch,Rheinland-Pfalz,50.254819,7.001116,2212,35.656326
DE,56767,Oberelz,Rheinland-Pfalz,50.254819,7.001116,2212,35.656326
DE,56767,Sassen,Rheinland-Pfalz,50.254819,7.001116,2212,35.656326
DE,56767,Uersfeld,Rheinland-Pfalz,50.254819,7.001116,2212,35.656326
DE,56767,Ueß,Rheinland-Pfalz,50.254819,7.001116,2212,35.656326
DE,56769,Arbach,Rheinland-Pfalz,50.282214,6.997601,834,20.00361
DE,56769,Bereborn,Rheinland-Pfalz,50.282214,6.997601,834,20.00361
DE,56769,Mannebach,Rheinland-Pfalz,50.282214,6.997601,834,20.00361
DE,56769,Retterath,Rheinland-Pfalz,50.282214,6.997601,834,20.00361
DE,56812,Cochem,Rheinland-Pfalz,50.143585,7.16639,6384,31.553577
DE,56812,Dohr,Rheinland-Pfalz,50.143585,7.16639,6384,31.553577
DE,56812,Valwig,Rheinland-Pfalz,50.143585,7.16639,6384,31.553577
DE,56814,Beilstein,Rheinland-Pfalz,50.148039,7.166137,7233,90.233228
DE,56814,Bremm,Rheinland-Pfalz,50.148039,7.166137,7233,90.233228
DE,56814,Bruttig-Fankel,Rheinland-Pfalz,50.148039,7.166137,7233,90.233228
DE,56814,Ediger-Eller,Rheinland-Pfalz,50.148039,7.166137,7233,90.233228
DE,56814,Ernst,Rheinland-Pfalz,50.148039,7.166137,7233,90.233228
DE,56814,Faid,Rheinland-Pfalz,50.148039,7.166137,7233,90.233228
DE,56814,Greimersburg,Rheinland-Pfalz,50.148039,7.166137,7233,90.233228
DE,56814,Illerich,Rheinland-Pfalz,50.148039,7.166137,7233,90.233228
DE,56814,Landkern,Rheinland-Pfalz,50.148039,7.166137,7233,90.233228
DE,56814,Wirfus,Rheinland-Pfalz,50.148039,7.166137,7233,90.233228
DE,56818,Klotten,Rheinland-Pfalz,50.170853,7.186678,1308,15.536213
DE,56820,Briedern,Rheinland-Pfalz,50.084679,7.207064,1336,21.032501
DE,56820,Mesenich,Rheinland-Pfalz,50.084679,7.207064,1336,21.032501
DE,56820,Nehren,Rheinland-Pfalz,50.084679,7.207064,1336,21.032501
DE,56820,Senheim,Rheinland-Pfalz,50.084679,7.207064,1336,21.032501
DE,56821,Ellenz-Poltersdorf,Rheinland-Pfalz,50.113784,7.231336,862,7.419691
DE,56823,Büchel,Rheinland-Pfalz,50.180059,7.083346,1144,12.695418
DE,56825,Beuren,Rheinland-Pfalz,50.124002,7.058694,2252,44.654196
DE,56825,Gevenich,Rheinland-Pfalz,50.124002,7.058694,2252,44.654196
DE,56825,Gillenbeuren,Rheinland-Pfalz,50.124002,7.058694,2252,44.654196
DE,56825,Kliding,Rheinland-Pfalz,50.124002,7.058694,2252,44.654196
DE,56825,Schmitt,Rheinland-Pfalz,50.124002,7.058694,2252,44.654196
DE,56825,Urschmitt,Rheinland-Pfalz,50.124002,7.058694,2252,44.654196
DE,56825,Weiler,Rheinland-Pfalz,50.124002,7.058694,2252,44.654196
DE,56826,Lutzerath,Rheinland-Pfalz,50.126609,7.005641,1789,29.700115
DE,56826,Wagenhausen,Rheinland-Pfalz,50.126609,7.005641,1789,29.700115
DE,56826,Wollmerath,Rheinland-Pfalz,50.126609,7.005641,1789,29.700115
DE,56828,Alflen,Rheinland-Pfalz,50.18123,7.042635,844,13.543133
DE,56829,Brieden,Rheinland-Pfalz,50.181812,7.253362,886,16.472601
DE,56829,Kail,Rheinland-Pfalz,50.181812,7.253362,886,16.472601
DE,56829,Pommern,Rheinland-Pfalz,50.181812,7.253362,886,16.472601
DE,56841,Traben-Trarbach,Rheinland-Pfalz,49.945901,7.116456,5801,31.339605
DE,56843,"Burg (Mosel)",Rheinland-Pfalz,49.936464,7.189248,1862,31.475248
DE,56843,Irmenach,Rheinland-Pfalz,49.936464,7.189248,1862,31.475248
DE,56843,Lötzbeuren,Rheinland-Pfalz,49.936464,7.189248,1862,31.475248
DE,56843,Starkenburg,Rheinland-Pfalz,49.936464,7.189248,1862,31.475248
DE,56850,Enkirch,Rheinland-Pfalz,49.968787,7.19796,1965,45.524147
DE,56850,Hahn,Rheinland-Pfalz,49.968787,7.19796,1965,45.524147
DE,56850,Raversbeuren,Rheinland-Pfalz,49.968787,7.19796,1965,45.524147
DE,56856,"Zell (Mosel)",Rheinland-Pfalz,50.027414,7.194084,4102,35.346234
DE,56858,Altlay,Rheinland-Pfalz,50.043946,7.266696,5048,100.05175
DE,56858,Altstrimmig,Rheinland-Pfalz,50.043946,7.266696,5048,100.05175
DE,56858,Belg,Rheinland-Pfalz,50.043946,7.266696,5048,100.05175
DE,56858,"Forst (Hunsrück)",Rheinland-Pfalz,50.043946,7.266696,5048,100.05175
DE,56858,Grenderich,Rheinland-Pfalz,50.043946,7.266696,5048,100.05175
DE,56858,Haserich,Rheinland-Pfalz,50.043946,7.266696,5048,100.05175
DE,56858,Liesenich,Rheinland-Pfalz,50.043946,7.266696,5048,100.05175
DE,56858,Mittelstrimmig,Rheinland-Pfalz,50.043946,7.266696,5048,100.05175
DE,56858,Neef,Rheinland-Pfalz,50.043946,7.266696,5048,100.05175
DE,56858,Peterswald-Löffelscheid,Rheinland-Pfalz,50.043946,7.266696,5048,100.05175
DE,56858,Rödelhausen,Rheinland-Pfalz,50.043946,7.266696,5048,100.05175
DE,56858,"Sankt Aldegund",Rheinland-Pfalz,50.043946,7.266696,5048,100.05175
DE,56858,Sosberg,Rheinland-Pfalz,50.043946,7.266696,5048,100.05175
DE,56858,Tellig,Rheinland-Pfalz,50.043946,7.266696,5048,100.05175
DE,56858,Würrich,Rheinland-Pfalz,50.043946,7.266696,5048,100.05175
DE,56859,Alf,Rheinland-Pfalz,50.057087,7.138718,2397,12.442206
DE,56859,Bullay,Rheinland-Pfalz,50.057087,7.138718,2397,12.442206
DE,56861,Reil,Rheinland-Pfalz,50.025643,7.098393,1074,12.14112
DE,56862,Pünderich,Rheinland-Pfalz,50.037447,7.122283,905,5.184448
DE,56864,"Bad Bertrich",Rheinland-Pfalz,50.080715,7.026288,1011,9.618371
DE,56865,Blankenrath,Rheinland-Pfalz,50.038721,7.2859,3097,24.444095
DE,56865,Hesweiler,Rheinland-Pfalz,50.038721,7.2859,3097,24.444095
DE,56865,Moritzheim,Rheinland-Pfalz,50.038721,7.2859,3097,24.444095
DE,56865,Panzweiler,Rheinland-Pfalz,50.038721,7.2859,3097,24.444095
DE,56865,Reidenhausen,Rheinland-Pfalz,50.038721,7.2859,3097,24.444095
DE,56865,Schauren,Rheinland-Pfalz,50.038721,7.2859,3097,24.444095
DE,56865,Walhausen,Rheinland-Pfalz,50.038721,7.2859,3097,24.444095
DE,56867,Briedel,Rheinland-Pfalz,50.003233,7.169131,948,16.77161
DE,56869,Mastershausen,Rheinland-Pfalz,50.056942,7.350623,1044,11.880671
DE,57072,Siegen,Nordrhein-Westfalen,50.882648,7.9883,25016,22.809557
DE,57074,Siegen,Nordrhein-Westfalen,50.874955,8.066087,20751,25.967126
DE,57076,Siegen,Nordrhein-Westfalen,50.90049,8.03144,14919,6.893599
DE,57078,Siegen,Nordrhein-Westfalen,50.925486,7.995849,18787,27.209429
DE,57080,Siegen,Nordrhein-Westfalen,50.842423,7.9927,19773,31.735916
DE,57223,Kreuztal,Nordrhein-Westfalen,50.981459,7.985897,30797,71.000269
DE,57234,Wilnsdorf,Nordrhein-Westfalen,50.830504,8.115127,20481,72.341901
DE,57250,Netphen,Nordrhein-Westfalen,50.908717,8.16059,23422,137.294271
DE,57258,Freudenberg,Nordrhein-Westfalen,50.895055,7.897614,18036,54.5755
DE,57271,Hilchenbach,Nordrhein-Westfalen,50.986785,8.127489,15363,80.989908
DE,57290,Neunkirchen,Nordrhein-Westfalen,50.786645,8.016207,13911,39.700976
DE,57299,Burbach,Nordrhein-Westfalen,50.740413,8.094445,14497,79.397648
DE,57319,"Allendorf (Eder)",Hessen,51.055127,8.405852,19919,280.057164
DE,57319,"Bad Berleburg",Nordrhein-Westfalen,51.055127,8.405852,19919,280.057164
DE,57334,"Bad Laasphe",Nordrhein-Westfalen,50.927141,8.34765,14214,135.870244
DE,57339,Erndtebrück,Nordrhein-Westfalen,50.995244,8.2587,7340,70.572119
DE,57368,Lennestadt,Nordrhein-Westfalen,51.127898,8.078929,26546,135.447594
DE,57392,Schmallenberg,Nordrhein-Westfalen,51.183152,8.315841,25521,302.930138
DE,57399,Kirchhundem,Nordrhein-Westfalen,51.056788,8.112624,12092,148.345001
DE,57413,Finnentrop,Nordrhein-Westfalen,51.199677,8.009602,17194,104.433376
DE,57439,Attendorn,Nordrhein-Westfalen,51.120988,7.897757,24508,98.147832
DE,57462,Olpe,Nordrhein-Westfalen,51.039651,7.886442,24847,85.453897
DE,57482,Wenden,Nordrhein-Westfalen,50.963288,7.863565,19696,72.887288
DE,57489,Drolshagen,Nordrhein-Westfalen,51.031925,7.770775,11847,67.082609
DE,57518,Alsdorf,Rheinland-Pfalz,50.774951,7.868399,12210,18.46767
DE,57518,Betzdorf,Rheinland-Pfalz,50.774951,7.868399,12210,18.46767
DE,57518,Steineroth,Rheinland-Pfalz,50.774951,7.868399,12210,18.46767
DE,57520,Derschen,Rheinland-Pfalz,50.721246,7.931857,10769,60.963893
DE,57520,Dickendorf,Rheinland-Pfalz,50.721246,7.931857,10769,60.963893
DE,57520,Emmerzhausen,Rheinland-Pfalz,50.721246,7.931857,10769,60.963893
DE,57520,Friedewald,Rheinland-Pfalz,50.721246,7.931857,10769,60.963893
DE,57520,Grünebach,Rheinland-Pfalz,50.721246,7.931857,10769,60.963893
DE,57520,Kausen,Rheinland-Pfalz,50.721246,7.931857,10769,60.963893
DE,57520,"Langenbach bei Kirburg",Rheinland-Pfalz,50.721246,7.931857,10769,60.963893
DE,57520,Mauden,Rheinland-Pfalz,50.721246,7.931857,10769,60.963893
DE,57520,Molzhain,Rheinland-Pfalz,50.721246,7.931857,10769,60.963893
DE,57520,Neunkhausen,Rheinland-Pfalz,50.721246,7.931857,10769,60.963893
DE,57520,Niederdreisbach,Rheinland-Pfalz,50.721246,7.931857,10769,60.963893
DE,57520,Rosenheim,Rheinland-Pfalz,50.721246,7.931857,10769,60.963893
DE,57520,Schutzbach,Rheinland-Pfalz,50.721246,7.931857,10769,60.963893
DE,57520,Steinebach/Sieg,Rheinland-Pfalz,50.721246,7.931857,10769,60.963893
DE,57537,Forst,Rheinland-Pfalz,50.782437,7.75752,11345,62.700138
DE,57537,Hövels,Rheinland-Pfalz,50.782437,7.75752,11345,62.700138
DE,57537,Mittelhof,Rheinland-Pfalz,50.782437,7.75752,11345,62.700138
DE,57537,Roth,Rheinland-Pfalz,50.782437,7.75752,11345,62.700138
DE,57537,"Selbach (Sieg)",Rheinland-Pfalz,50.782437,7.75752,11345,62.700138
DE,57537,Wissen,Rheinland-Pfalz,50.782437,7.75752,11345,62.700138
DE,57539,Bitzen,Rheinland-Pfalz,50.764721,7.689924,6341,17.527104
DE,57539,Breitscheidt,Rheinland-Pfalz,50.764721,7.689924,6341,17.527104
DE,57539,Bruchertseifen,Rheinland-Pfalz,50.764721,7.689924,6341,17.527104
DE,57539,Etzbach,Rheinland-Pfalz,50.764721,7.689924,6341,17.527104
DE,57539,Fürthen,Rheinland-Pfalz,50.764721,7.689924,6341,17.527104
DE,57539,Roth,Rheinland-Pfalz,50.764721,7.689924,6341,17.527104
DE,57548,"Kirchen (Sieg)",Rheinland-Pfalz,50.821395,7.87668,8745,39.435066
DE,57555,Brachbach,Rheinland-Pfalz,50.825986,7.946087,8290,16.432678
DE,57555,Mudersbach,Rheinland-Pfalz,50.825986,7.946087,8290,16.432678
DE,57562,Herdorf,Rheinland-Pfalz,50.777247,7.948757,6858,17.970124
DE,57567,Daaden,Rheinland-Pfalz,50.74195,7.97357,4315,19.331075
DE,57572,Harbach,Rheinland-Pfalz,50.857903,7.864629,5018,19.650958
DE,57572,Niederfischbach,Rheinland-Pfalz,50.857903,7.864629,5018,19.650958
DE,57577,"Hamm (Sieg)",Rheinland-Pfalz,50.75569,7.679703,3518,7.348525
DE,57577,"Seelbach bei Hamm (Sieg)",Rheinland-Pfalz,50.75569,7.679703,3518,7.348525
DE,57578,Elkenroth,Rheinland-Pfalz,50.728116,7.884737,1874,8.138189
DE,57580,Elben,Rheinland-Pfalz,50.746554,7.811458,2691,10.537516
DE,57580,Fensdorf,Rheinland-Pfalz,50.746554,7.811458,2691,10.537516
DE,57580,Gebhardshain,Rheinland-Pfalz,50.746554,7.811458,2691,10.537516
DE,57581,"Katzwinkel (Sieg)",Rheinland-Pfalz,50.822845,7.800624,1863,15.525138
DE,57583,Mörlen,Rheinland-Pfalz,50.695283,7.878359,1683,10.128865
DE,57583,Nauroth,Rheinland-Pfalz,50.695283,7.878359,1683,10.128865
DE,57584,Scheuerfeld,Rheinland-Pfalz,50.794,7.839304,3277,6.289892
DE,57584,Wallmenroth,Rheinland-Pfalz,50.794,7.839304,3277,6.289892
DE,57586,Weitefeld,Rheinland-Pfalz,50.725151,7.928841,2359,8.507126
DE,57587,Birken-Honigsessen,Rheinland-Pfalz,50.82734,7.744263,2494,17.638181
DE,57589,Birkenbeul,Rheinland-Pfalz,50.754426,7.624715,2038,13.260696
DE,57589,Niederirsen,Rheinland-Pfalz,50.754426,7.624715,2038,13.260696
DE,57589,Pracht,Rheinland-Pfalz,50.754426,7.624715,2038,13.260696
DE,57589,Ölsen,Rheinland-Pfalz,50.754426,7.624715,2038,13.260696
DE,57610,Almersbach,Rheinland-Pfalz,50.683065,7.663604,8658,28.557099
DE,57610,"Altenkirchen (Westerwald)",Rheinland-Pfalz,50.683065,7.663604,8658,28.557099
DE,57610,Bachenberg,Rheinland-Pfalz,50.683065,7.663604,8658,28.557099
DE,57610,Gieleroth,Rheinland-Pfalz,50.683065,7.663604,8658,28.557099
DE,57610,Ingelbach,Rheinland-Pfalz,50.683065,7.663604,8658,28.557099
DE,57610,Michelbach,Rheinland-Pfalz,50.683065,7.663604,8658,28.557099
DE,57612,Birnbach,Rheinland-Pfalz,50.715838,7.66348,5593,48.129609
DE,57612,Busenhausen,Rheinland-Pfalz,50.715838,7.66348,5593,48.129609
DE,57612,Eichelhardt,Rheinland-Pfalz,50.715838,7.66348,5593,48.129609
DE,57612,Giesenhausen,Rheinland-Pfalz,50.715838,7.66348,5593,48.129609
DE,57612,Helmenzen,Rheinland-Pfalz,50.715838,7.66348,5593,48.129609
DE,57612,Helmeroth,Rheinland-Pfalz,50.715838,7.66348,5593,48.129609
DE,57612,Hemmelzen,Rheinland-Pfalz,50.715838,7.66348,5593,48.129609
DE,57612,Heupelzen,Rheinland-Pfalz,50.715838,7.66348,5593,48.129609
DE,57612,Hilgenroth,Rheinland-Pfalz,50.715838,7.66348,5593,48.129609
DE,57612,Idelberg,Rheinland-Pfalz,50.715838,7.66348,5593,48.129609
DE,57612,Ingelbach,Rheinland-Pfalz,50.715838,7.66348,5593,48.129609
DE,57612,Isert,Rheinland-Pfalz,50.715838,7.66348,5593,48.129609
DE,57612,Kettenhausen,Rheinland-Pfalz,50.715838,7.66348,5593,48.129609
DE,57612,Kroppach,Rheinland-Pfalz,50.715838,7.66348,5593,48.129609
DE,57612,Obererbach,Rheinland-Pfalz,50.715838,7.66348,5593,48.129609
DE,57612,Racksen,Rheinland-Pfalz,50.715838,7.66348,5593,48.129609
DE,57612,Ölsen,Rheinland-Pfalz,50.715838,7.66348,5593,48.129609
DE,57614,"Berod bei Hachenburg",Rheinland-Pfalz,50.641948,7.659994,6546,48.357785
DE,57614,Borod,Rheinland-Pfalz,50.641948,7.659994,6546,48.357785
DE,57614,Fluterschen,Rheinland-Pfalz,50.641948,7.659994,6546,48.357785
DE,57614,Mudenbach,Rheinland-Pfalz,50.641948,7.659994,6546,48.357785
DE,57614,Niederwambach,Rheinland-Pfalz,50.641948,7.659994,6546,48.357785
DE,57614,Oberwambach,Rheinland-Pfalz,50.641948,7.659994,6546,48.357785
DE,57614,Ratzert,Rheinland-Pfalz,50.641948,7.659994,6546,48.357785
DE,57614,Steimel,Rheinland-Pfalz,50.641948,7.659994,6546,48.357785
DE,57614,Stürzelbach,Rheinland-Pfalz,50.641948,7.659994,6546,48.357785
DE,57614,Wahlrod,Rheinland-Pfalz,50.641948,7.659994,6546,48.357785
DE,57614,Woldert,Rheinland-Pfalz,50.641948,7.659994,6546,48.357785
DE,57627,Astert,Rheinland-Pfalz,50.658013,7.810821,7120,34.17608
DE,57627,Gehlert,Rheinland-Pfalz,50.658013,7.810821,7120,34.17608
DE,57627,Hachenburg,Rheinland-Pfalz,50.658013,7.810821,7120,34.17608
DE,57627,Heuzert,Rheinland-Pfalz,50.658013,7.810821,7120,34.17608
DE,57627,Marzhausen,Rheinland-Pfalz,50.658013,7.810821,7120,34.17608
DE,57629,Atzelgift,Rheinland-Pfalz,50.664795,7.812587,10186,81.856632
DE,57629,Dreifelden,Rheinland-Pfalz,50.664795,7.812587,10186,81.856632
DE,57629,Heimborn,Rheinland-Pfalz,50.664795,7.812587,10186,81.856632
DE,57629,Höchstenbach,Rheinland-Pfalz,50.664795,7.812587,10186,81.856632
DE,57629,Kirburg,Rheinland-Pfalz,50.664795,7.812587,10186,81.856632
DE,57629,Kundert,Rheinland-Pfalz,50.664795,7.812587,10186,81.856632
DE,57629,Limbach,Rheinland-Pfalz,50.664795,7.812587,10186,81.856632
DE,57629,Linden,Rheinland-Pfalz,50.664795,7.812587,10186,81.856632
DE,57629,Lochum,Rheinland-Pfalz,50.664795,7.812587,10186,81.856632
DE,57629,Luckenbach,Rheinland-Pfalz,50.664795,7.812587,10186,81.856632
DE,57629,Malberg,Rheinland-Pfalz,50.664795,7.812587,10186,81.856632
DE,57629,Merkelbach,Rheinland-Pfalz,50.664795,7.812587,10186,81.856632
DE,57629,Mörsbach,Rheinland-Pfalz,50.664795,7.812587,10186,81.856632
DE,57629,Müschenbach,Rheinland-Pfalz,50.664795,7.812587,10186,81.856632
DE,57629,Norken,Rheinland-Pfalz,50.664795,7.812587,10186,81.856632
DE,57629,Stein-Wingert,Rheinland-Pfalz,50.664795,7.812587,10186,81.856632
DE,57629,"Steinebach an der Wied",Rheinland-Pfalz,50.664795,7.812587,10186,81.856632
DE,57629,Streithausen,Rheinland-Pfalz,50.664795,7.812587,10186,81.856632
DE,57629,Wied,Rheinland-Pfalz,50.664795,7.812587,10186,81.856632
DE,57632,Berzhausen,Rheinland-Pfalz,50.645168,7.52399,5130,49.956386
DE,57632,Burglahr,Rheinland-Pfalz,50.645168,7.52399,5130,49.956386
DE,57632,Eichen,Rheinland-Pfalz,50.645168,7.52399,5130,49.956386
DE,57632,Eulenberg,Rheinland-Pfalz,50.645168,7.52399,5130,49.956386
DE,57632,Flammersfeld,Rheinland-Pfalz,50.645168,7.52399,5130,49.956386
DE,57632,Giershausen,Rheinland-Pfalz,50.645168,7.52399,5130,49.956386
DE,57632,Kescheid,Rheinland-Pfalz,50.645168,7.52399,5130,49.956386
DE,57632,Orfgen,Rheinland-Pfalz,50.645168,7.52399,5130,49.956386
DE,57632,Peterslahr,Rheinland-Pfalz,50.645168,7.52399,5130,49.956386
DE,57632,Reiferscheid,Rheinland-Pfalz,50.645168,7.52399,5130,49.956386
DE,57632,Rott,Rheinland-Pfalz,50.645168,7.52399,5130,49.956386
DE,57632,Schürdt,Rheinland-Pfalz,50.645168,7.52399,5130,49.956386
DE,57632,"Seelbach (Westerwald)",Rheinland-Pfalz,50.645168,7.52399,5130,49.956386
DE,57632,Seifen,Rheinland-Pfalz,50.645168,7.52399,5130,49.956386
DE,57632,Walterschen,Rheinland-Pfalz,50.645168,7.52399,5130,49.956386
DE,57632,Ziegenhain,Rheinland-Pfalz,50.645168,7.52399,5130,49.956386
DE,57635,Ersfeld,Rheinland-Pfalz,50.708393,7.523702,5395,56.272497
DE,57635,Fiersbach,Rheinland-Pfalz,50.708393,7.523702,5395,56.272497
DE,57635,Forstmehren,Rheinland-Pfalz,50.708393,7.523702,5395,56.272497
DE,57635,Hasselbach,Rheinland-Pfalz,50.708393,7.523702,5395,56.272497
DE,57635,Hirz-Maulsbach,Rheinland-Pfalz,50.708393,7.523702,5395,56.272497
DE,57635,Kircheib,Rheinland-Pfalz,50.708393,7.523702,5395,56.272497
DE,57635,Kraam,Rheinland-Pfalz,50.708393,7.523702,5395,56.272497
DE,57635,"Mehren (Westerwald)",Rheinland-Pfalz,50.708393,7.523702,5395,56.272497
DE,57635,Oberirsen,Rheinland-Pfalz,50.708393,7.523702,5395,56.272497
DE,57635,Rettersen,Rheinland-Pfalz,50.708393,7.523702,5395,56.272497
DE,57635,Werkhausen,Rheinland-Pfalz,50.708393,7.523702,5395,56.272497
DE,57635,Weyerbusch,Rheinland-Pfalz,50.708393,7.523702,5395,56.272497
DE,57635,Wölmersen,Rheinland-Pfalz,50.708393,7.523702,5395,56.272497
DE,57636,Mammelzen,Rheinland-Pfalz,50.702186,7.678198,1256,6.101435
DE,57636,Sörth,Rheinland-Pfalz,50.702186,7.678198,1256,6.101435
DE,57638,Neitersen,Rheinland-Pfalz,50.668315,7.590417,1354,10.313851
DE,57638,Schöneberg,Rheinland-Pfalz,50.668315,7.590417,1354,10.313851
DE,57639,Oberdreis,Rheinland-Pfalz,50.632868,7.657078,1562,15.58658
DE,57639,"Rodenbach bei Puderbach",Rheinland-Pfalz,50.632868,7.657078,1562,15.58658
DE,57641,Bürdenbach,Rheinland-Pfalz,50.619652,7.518428,1016,4.20332
DE,57641,Oberlahr,Rheinland-Pfalz,50.619652,7.518428,1016,4.20332
DE,57642,Alpenrod,Rheinland-Pfalz,50.636009,7.865407,1297,10.986556
DE,57644,Hattert,Rheinland-Pfalz,50.652011,7.760806,2140,15.162541
DE,57644,Welkenbach,Rheinland-Pfalz,50.652011,7.760806,2140,15.162541
DE,57644,Winkelbach,Rheinland-Pfalz,50.652011,7.760806,2140,15.162541
DE,57645,Nister,Rheinland-Pfalz,50.677771,7.851502,959,5.171574
DE,57647,Alpenrod,Rheinland-Pfalz,50.626786,7.895142,1872,6.46561
DE,57647,Enspel,Rheinland-Pfalz,50.626786,7.895142,1872,6.46561
DE,57647,Nistertal,Rheinland-Pfalz,50.626786,7.895142,1872,6.46561
DE,57648,Bölsberg,Rheinland-Pfalz,50.656084,7.9058,2164,9.778458
DE,57648,Unnau,Rheinland-Pfalz,50.656084,7.9058,2164,9.778458
DE,58089,Hagen,Nordrhein-Westfalen,51.377446,7.435261,24809,18.300053
DE,58091,Hagen,Nordrhein-Westfalen,51.311469,7.518278,16656,51.489999
DE,58093,Hagen,Nordrhein-Westfalen,51.374557,7.527677,23341,23.373398
DE,58095,Hagen,Nordrhein-Westfalen,51.359417,7.481199,18588,2.668038
DE,58097,Hagen,Nordrhein-Westfalen,51.371907,7.47971,24109,4.645554
DE,58099,Hagen,Nordrhein-Westfalen,51.397258,7.492306,26764,16.423276
DE,58119,Hagen,Nordrhein-Westfalen,51.35147,7.568246,23433,19.30894
DE,58119,Nachrodt-Wiblingwerde,Nordrhein-Westfalen,51.35147,7.568246,23433,19.30894
DE,58135,Hagen,Nordrhein-Westfalen,51.337697,7.421798,30335,23.948931
DE,58239,Schwerte,Nordrhein-Westfalen,51.430178,7.576653,46772,56.127785
DE,58256,Ennepetal,Nordrhein-Westfalen,51.282853,7.365878,30532,57.998134
DE,58285,Gevelsberg,Nordrhein-Westfalen,51.333555,7.340236,31206,26.386123
DE,58300,"Wetter (Ruhr)",Nordrhein-Westfalen,51.377751,7.353682,27945,31.53312
DE,58313,Herdecke,Nordrhein-Westfalen,51.413081,7.417484,22830,22.366417
DE,58332,Schwelm,Nordrhein-Westfalen,51.286619,7.290404,28046,18.406115
DE,58339,Breckerfeld,Nordrhein-Westfalen,51.266893,7.452943,9109,58.884711
DE,58452,Witten,Nordrhein-Westfalen,51.42253,7.327679,24203,11.335475
DE,58453,Witten,Nordrhein-Westfalen,51.430214,7.371461,22389,14.328014
DE,58454,Witten,Nordrhein-Westfalen,51.457711,7.38051,14935,14.122198
DE,58455,Witten,Nordrhein-Westfalen,51.444109,7.315415,21888,10.286572
DE,58456,Witten,Nordrhein-Westfalen,51.400613,7.282444,12949,22.294974
DE,58507,Lüdenscheid,Nordrhein-Westfalen,51.23054,7.62554,14967,4.427663
DE,58509,Lüdenscheid,Nordrhein-Westfalen,51.219751,7.605234,18277,6.346051
DE,58511,Lüdenscheid,Nordrhein-Westfalen,51.217287,7.649433,23943,5.768031
DE,58513,Lüdenscheid,Nordrhein-Westfalen,51.234203,7.662933,8248,26.832314
DE,58515,Lüdenscheid,Nordrhein-Westfalen,51.196748,7.628296,8372,44.624654
DE,58540,Meinerzhagen,Nordrhein-Westfalen,51.110052,7.718384,21132,115.591293
DE,58553,Halver,Nordrhein-Westfalen,51.188053,7.495046,16602,78.407862
DE,58553,Wipperfürth,Nordrhein-Westfalen,51.188053,7.495046,16602,78.407862
DE,58566,Kierspe,Nordrhein-Westfalen,51.14168,7.579369,16382,71.469807
DE,58579,Schalksmühle,Nordrhein-Westfalen,51.257447,7.558798,10876,37.479937
DE,58636,Iserlohn,Nordrhein-Westfalen,51.38407,7.716685,22927,9.490548
DE,58638,Iserlohn,Nordrhein-Westfalen,51.384164,7.676553,19349,7.1006
DE,58640,Iserlohn,Nordrhein-Westfalen,51.429576,7.674487,19083,46.936892
DE,58642,Iserlohn,Nordrhein-Westfalen,51.370337,7.619507,16166,25.592837
DE,58644,Iserlohn,Nordrhein-Westfalen,51.344668,7.684955,17207,36.261157
DE,58675,Hemer,Nordrhein-Westfalen,51.368108,7.777366,35201,67.875357
DE,58706,"Menden (Sauerland)",Nordrhein-Westfalen,51.431724,7.793241,20118,13.483635
DE,58708,"Menden (Sauerland)",Nordrhein-Westfalen,51.441492,7.80173,21966,64.65791
DE,58710,"Menden (Sauerland)",Nordrhein-Westfalen,51.411257,7.829799,12446,7.680078
DE,58730,Fröndenberg/Ruhr,Nordrhein-Westfalen,51.493041,7.760622,20953,56.152743
DE,58739,"Wickede (Ruhr)",Nordrhein-Westfalen,51.496144,7.869315,11604,25.214117
DE,58762,Altena,Nordrhein-Westfalen,51.284688,7.68838,18238,44.399907
DE,58769,Nachrodt-Wiblingwerde,Nordrhein-Westfalen,51.312351,7.617577,6746,29.00235
DE,58791,Werdohl,Nordrhein-Westfalen,51.253163,7.745518,18417,33.340879
DE,58802,Balve,Nordrhein-Westfalen,51.33531,7.861033,11851,74.731516
DE,58809,Neuenrade,Nordrhein-Westfalen,51.278292,7.830594,12199,54.084497
DE,58840,Plettenberg,Nordrhein-Westfalen,51.210178,7.860706,26246,96.595482
DE,58849,Herscheid,Nordrhein-Westfalen,51.181947,7.751483,7400,59.393412
DE,59063,Hamm,Nordrhein-Westfalen,51.668527,7.832389,15627,7.253481
DE,59065,Hamm,Nordrhein-Westfalen,51.68804,7.810065,22901,8.266717
DE,59067,Hamm,Nordrhein-Westfalen,51.665125,7.784324,22118,12.797388
DE,59069,Hamm,Nordrhein-Westfalen,51.624639,7.862968,15928,56.140084
DE,59071,Hamm,Nordrhein-Westfalen,51.67709,7.912905,27491,44.755965
DE,59073,Hamm,Nordrhein-Westfalen,51.714944,7.836807,17947,24.575865
DE,59075,Hamm,Nordrhein-Westfalen,51.705687,7.748533,27310,31.605901
DE,59077,Hamm,Nordrhein-Westfalen,51.642589,7.737794,26862,40.946072
DE,59174,Kamen,Nordrhein-Westfalen,51.582225,7.66607,43765,41.388137
DE,59192,Bergkamen,Nordrhein-Westfalen,51.623094,7.630648,49049,44.737604
DE,59199,Bönen,Nordrhein-Westfalen,51.595798,7.769966,18052,37.745705
DE,59227,Ahlen,Nordrhein-Westfalen,51.784181,7.884321,25076,80.090868
DE,59229,Ahlen,Nordrhein-Westfalen,51.738176,7.924049,27259,42.952222
DE,59269,Beckum,Nordrhein-Westfalen,51.760645,8.046874,36198,111.375971
DE,59302,Oelde,Nordrhein-Westfalen,51.818252,8.16684,29032,102.704511
DE,59320,Ennigerloh,Nordrhein-Westfalen,51.858987,8.025488,19710,125.475612
DE,59329,Wadersloh,Nordrhein-Westfalen,51.723016,8.226108,12453,116.957168
DE,59348,Lüdinghausen,Nordrhein-Westfalen,51.77417,7.415928,23656,140.482355
DE,59368,Werne,Nordrhein-Westfalen,51.678376,7.626213,29659,76.104433
DE,59379,Selm,Nordrhein-Westfalen,51.683817,7.485706,26074,60.395799
DE,59387,Ascheberg,Nordrhein-Westfalen,51.773081,7.639707,15141,106.308123
DE,59394,Nordkirchen,Nordrhein-Westfalen,51.730306,7.555049,9694,52.289388
DE,59399,Olfen,Nordrhein-Westfalen,51.705308,7.3799,12101,52.378119
DE,59423,Unna,Nordrhein-Westfalen,51.530338,7.693449,17847,8.069555
DE,59425,Unna,Nordrhein-Westfalen,51.553253,7.697592,23285,22.147884
DE,59427,Unna,Nordrhein-Westfalen,51.53415,7.745617,17980,58.174855
DE,59439,Holzwickede,Nordrhein-Westfalen,51.488822,7.631551,16791,22.509986
DE,59457,Werl,Nordrhein-Westfalen,51.556165,7.908896,30323,76.309996
DE,59469,Ense,Nordrhein-Westfalen,51.501814,7.970432,12350,51.05224
DE,59494,Soest,Nordrhein-Westfalen,51.565659,8.085972,46728,85.752606
DE,59505,"Bad Sassendorf",Nordrhein-Westfalen,51.580895,8.186581,11517,63.428258
DE,59510,Lippetal,Nordrhein-Westfalen,51.674774,8.088837,12020,126.514229
DE,59514,Welver,Nordrhein-Westfalen,51.616521,7.993457,12347,85.557007
DE,59519,Möhnesee,Nordrhein-Westfalen,51.484951,8.123428,11114,123.408052
DE,59555,Lippstadt,Nordrhein-Westfalen,51.687554,8.338463,18309,13.085854
DE,59556,Lippstadt,Nordrhein-Westfalen,51.667839,8.277273,13002,37.365263
DE,59557,Lippstadt,Nordrhein-Westfalen,51.660168,8.348303,19398,12.904799
DE,59558,Lippstadt,Nordrhein-Westfalen,51.685878,8.411829,15243,50.248506
DE,59581,Warstein,Nordrhein-Westfalen,51.453562,8.298784,25991,157.908628
DE,59590,Geseke,Nordrhein-Westfalen,51.634711,8.492187,20769,97.796301
DE,59597,Erwitte,Nordrhein-Westfalen,51.611152,8.311027,15608,89.339869
DE,59602,Rüthen,Nordrhein-Westfalen,51.504835,8.439908,10666,158.016529
DE,59609,Anröchte,Nordrhein-Westfalen,51.548976,8.309165,10442,73.752583
DE,59755,Arnsberg,Nordrhein-Westfalen,51.456797,7.981919,17893,12.603531
DE,59757,Arnsberg,Nordrhein-Westfalen,51.426495,7.93256,14210,68.530327
DE,59759,Arnsberg,Nordrhein-Westfalen,51.432463,8.008661,14156,18.215983
DE,59821,Arnsberg,Nordrhein-Westfalen,51.383183,8.053315,18513,30.670801
DE,59823,Arnsberg,Nordrhein-Westfalen,51.414683,8.115628,9671,63.582213
DE,59846,Sundern,Nordrhein-Westfalen,51.310615,8.00578,28591,193.135121
DE,59872,Meschede,Nordrhein-Westfalen,51.338186,8.24766,30782,218.279296
DE,59889,Eslohe,Nordrhein-Westfalen,51.248794,8.175383,9073,113.294778
DE,59909,Bestwig,Nordrhein-Westfalen,51.340625,8.401012,11454,69.420344
DE,59929,Brilon,Nordrhein-Westfalen,51.408146,8.603996,25962,228.973393
DE,59939,Olsberg,Nordrhein-Westfalen,51.329704,8.488398,15077,117.943015
DE,59955,Winterberg,Nordrhein-Westfalen,51.205791,8.518147,13003,147.930602
DE,59964,Medebach,Nordrhein-Westfalen,51.20795,8.675312,7998,125.874923
DE,59969,Hallenberg,Nordrhein-Westfalen,51.128727,8.618139,4520,65.301206
DE,60310,"Frankfurt am Main",Hessen,50.110614,8.672825,0,0.007112
DE,60311,"Frankfurt am Main",Hessen,50.110676,8.682847,5428,0.992485
DE,60313,"Frankfurt am Main",Hessen,50.115535,8.682872,4558,0.744784
DE,60314,"Frankfurt am Main",Hessen,50.114684,8.724101,10109,4.222877
DE,60316,"Frankfurt am Main",Hessen,50.11977,8.69703,21128,1.233973
DE,60318,"Frankfurt am Main",Hessen,50.125302,8.686485,17874,1.050871
DE,60320,"Frankfurt am Main",Hessen,50.138291,8.677388,15818,2.998395
DE,60322,"Frankfurt am Main",Hessen,50.12557,8.676266,12970,1.352052
DE,60323,"Frankfurt am Main",Hessen,50.124778,8.664226,8529,1.568802
DE,60325,"Frankfurt am Main",Hessen,50.116089,8.658508,8394,1.312434
DE,60326,"Frankfurt am Main",Hessen,50.102402,8.628168,20809,3.346722
DE,60327,"Frankfurt am Main",Hessen,50.100015,8.645415,9767,3.232716
DE,60329,"Frankfurt am Main",Hessen,50.107144,8.666451,4313,0.975138
DE,60385,"Frankfurt am Main",Hessen,50.124789,8.713787,33049,2.58498
DE,60386,"Frankfurt am Main",Hessen,50.12698,8.755297,21018,9.198749
DE,60388,"Frankfurt am Main",Hessen,50.157398,8.763251,18712,14.096424
DE,60389,"Frankfurt am Main",Hessen,50.146725,8.716901,23031,7.681899
DE,60431,"Frankfurt am Main",Hessen,50.144369,8.650965,22688,4.327503
DE,60433,"Frankfurt am Main",Hessen,50.164204,8.669042,23869,6.038612
DE,60435,"Frankfurt am Main",Hessen,50.159576,8.696487,29833,8.116815
DE,60437,"Frankfurt am Main",Hessen,50.197462,8.681951,31230,25.054861
DE,60438,"Frankfurt am Main",Hessen,50.178283,8.626765,4696,3.565755
DE,60439,"Frankfurt am Main",Hessen,50.162951,8.623461,35056,9.116683
DE,60486,"Frankfurt am Main",Hessen,50.113999,8.625731,19141,4.48903
DE,60487,"Frankfurt am Main",Hessen,50.127485,8.640254,15603,2.915134
DE,60488,"Frankfurt am Main",Hessen,50.141593,8.615049,19488,7.216086
DE,60489,"Frankfurt am Main",Hessen,50.125632,8.605096,16988,3.748456
DE,60528,"Frankfurt am Main",Hessen,50.069127,8.640697,22825,17.967776
DE,60529,"Frankfurt am Main",Hessen,50.079577,8.58013,20099,13.302389
DE,60549,"Frankfurt am Main",Hessen,50.042723,8.567349,12,22.577977
DE,60594,"Frankfurt am Main",Hessen,50.104895,8.696334,15913,1.776045
DE,60596,"Frankfurt am Main",Hessen,50.097184,8.67062,11512,1.90039
DE,60598,"Frankfurt am Main",Hessen,50.080928,8.67935,18427,7.095087
DE,60599,"Frankfurt am Main",Hessen,50.084916,8.715354,21456,14.835177
DE,61118,"Bad Vilbel",Hessen,50.191385,8.748254,31270,25.656004
DE,61130,Nidderau,Hessen,50.244943,8.895321,19874,47.322303
DE,61137,Schöneck,Hessen,50.207046,8.843711,11623,21.479765
DE,61138,Niederdorfelden,Hessen,50.183768,8.808405,3732,6.519501
DE,61169,"Friedberg (Hessen)",Hessen,50.327218,8.750293,27355,50.157438
DE,61184,Karben,Hessen,50.235604,8.76778,21147,43.90437
DE,61191,"Rosbach vor der Höhe",Hessen,50.286769,8.685732,11964,45.253997
DE,61194,Niddatal,Hessen,50.282534,8.834373,9302,39.197099
DE,61197,Florstadt,Hessen,50.322754,8.90255,8786,39.907676
DE,61200,Wölfersheim,Hessen,50.407432,8.82495,9644,44.096446
DE,61203,"Reichelsheim (Wetterau)",Hessen,50.353611,8.860747,6778,27.552707
DE,61206,Wöllstadt,Hessen,50.283157,8.758179,6123,15.418649
DE,61209,Echzell,Hessen,50.390495,8.898443,5607,36.595724
DE,61231,"Bad Nauheim",Hessen,50.375515,8.748951,30209,32.513413
DE,61239,Ober-Mörlen,Hessen,50.361891,8.668273,5762,37.588473
DE,61250,Usingen,Hessen,50.347434,8.530268,13326,56.910397
DE,61267,Neu-Anspach,Hessen,50.292269,8.506286,14710,34.956875
DE,61273,Wehrheim,Hessen,50.306455,8.584443,9271,38.310816
DE,61276,Weilrod,Hessen,50.331132,8.392826,6271,71.119416
DE,61279,Grävenwiesbach,Hessen,50.382166,8.452815,5206,43.119491
DE,61348,"Bad Homburg vor der Höhe",Hessen,50.225003,8.609036,13382,4.684105
DE,61350,"Bad Homburg vor der Höhe",Hessen,50.246105,8.56468,21421,29.601658
DE,61352,"Bad Homburg vor der Höhe",Hessen,50.221131,8.658385,16594,16.806032
DE,61381,Friedrichsdorf,Hessen,50.263214,8.633176,24193,30.145632
DE,61389,"Schmitten im Taunus",Hessen,50.266229,8.447402,8849,35.486286
DE,61440,"Oberursel (Taunus)",Hessen,50.20923,8.554749,44125,45.297757
DE,61449,"Steinbach (Taunus)",Hessen,50.170849,8.57078,10106,4.3985
DE,61462,"Königstein im Taunus",Hessen,50.192596,8.461842,15714,25.032088
DE,61476,"Kronberg im Taunus",Hessen,50.188662,8.516245,17742,18.570357
DE,61479,Glashütten,Hessen,50.212981,8.402664,5234,27.047912
DE,63065,"Offenbach am Main",Hessen,50.104917,8.767491,17169,1.490619
DE,63067,"Offenbach am Main",Hessen,50.107371,8.746346,18560,2.705286
DE,63069,"Offenbach am Main",Hessen,50.072947,8.757551,26223,14.536409
DE,63071,"Offenbach am Main",Hessen,50.087732,8.784717,21159,6.521277
DE,63073,"Offenbach am Main",Hessen,50.082738,8.815467,14253,8.88779
DE,63075,"Offenbach am Main",Hessen,50.11959,8.794983,15878,10.664096
DE,63110,Rodgau,Hessen,50.012823,8.881702,42898,65.123211
DE,63128,Dietzenbach,Hessen,50.011175,8.784456,31939,21.658142
DE,63150,Heusenstamm,Hessen,50.047382,8.809258,17803,19.015637
DE,63165,"Mühlheim am Main",Hessen,50.108964,8.846872,26921,20.653883
DE,63179,Obertshausen,Hessen,50.072088,8.861777,23816,13.61075
DE,63225,Langen,Hessen,49.992245,8.661721,34937,29.094585
DE,63263,Neu-Isenburg,Hessen,50.044746,8.663412,34691,24.36489
DE,63303,Dreieich,Hessen,50.01029,8.716377,39422,53.226744
DE,63322,Rödermark,Hessen,49.973634,8.806385,26216,29.968908
DE,63329,Egelsbach,Hessen,49.969865,8.655279,10885,14.801986
DE,63450,Hanau,Hessen,50.127339,8.9249,19378,5.99643
DE,63452,Hanau,Hessen,50.144702,8.93199,19632,9.341021
DE,63454,Hanau,Hessen,50.162543,8.888508,14746,15.130542
DE,63456,Hanau,Hessen,50.100236,8.906008,19475,17.309318
DE,63457,Hanau,Hessen,50.117752,8.979088,13607,28.656486
DE,63477,Maintal,Hessen,50.153438,8.835533,35827,32.360073
DE,63486,Bruchköbel,Hessen,50.187462,8.928619,20239,29.586546
DE,63500,Seligenstadt,Hessen,50.032989,8.95972,20059,30.823863
DE,63505,Langenselbold,Hessen,50.182997,9.046556,13427,26.210344
DE,63512,Hainburg,Hessen,50.069343,8.944631,13803,15.799363
DE,63517,Rodenbach,Hessen,50.136937,9.040936,11122,16.723483
DE,63526,Erlensee,Hessen,50.163601,8.98255,13125,18.584952
DE,63533,Mainhausen,Hessen,50.010139,9.008751,8978,17.910555
DE,63538,Großkrotzenburg,Hessen,50.085342,8.976246,7284,7.459944
DE,63543,Neuberg,Hessen,50.199929,8.988359,5196,10.598762
DE,63546,Büdingen,Hessen,50.22922,8.982795,4770,20.435563
DE,63546,Hammersbach,Hessen,50.22922,8.982795,4770,20.435563
DE,63549,Ronneburg,Hessen,50.224675,9.047243,3334,14.241221
DE,63571,Gelnhausen,Hessen,50.204995,9.193015,21828,44.952476
DE,63579,Freigericht,Hessen,50.133796,9.136683,14425,33.431355
DE,63584,Gründau,Hessen,50.236477,9.153635,14349,67.544312
DE,63589,Linsengericht,Hessen,50.168302,9.216822,9860,29.916809
DE,63594,Hasselroth,Hessen,50.164281,9.104133,7273,18.916874
DE,63599,Biebergemünd,Hessen,50.175087,9.313767,8368,78.407066
DE,63607,Wächtersbach,Hessen,50.272555,9.270904,12295,50.750136
DE,63619,"Bad Orb",Hessen,50.213385,9.370524,9203,47.713661
DE,63628,"Bad Soden-Salmünster",Hessen,50.267824,9.409813,13446,106.656665
DE,63628,"Gutsbezirk Spessart",Hessen,50.267824,9.409813,13446,106.656665
DE,63633,Birstein,Hessen,50.38601,9.312751,6311,86.210784
DE,63636,Brachttal,Hessen,50.307735,9.294642,5208,30.825843
DE,63637,Jossgrund,Hessen,50.169279,9.452921,3604,50.651377
DE,63639,Flörsbachtal,Hessen,50.117945,9.455069,2464,52.065674
DE,63654,Büdingen,Hessen,50.291721,9.108903,20881,122.63204
DE,63667,Nidda,Hessen,50.431254,9.023479,16876,118.249054
DE,63674,Altenstadt,Hessen,50.288359,8.954013,11878,30.062959
DE,63679,Schotten,Hessen,50.49138,9.160269,10400,133.436456
DE,63683,Ortenberg,Hessen,50.35685,9.083322,8959,54.653194
DE,63688,Gedern,Hessen,50.412409,9.213745,7626,75.180175
DE,63691,Ranstadt,Hessen,50.364169,8.985105,4871,34.233478
DE,63694,Limeshain,Hessen,50.264358,8.99106,5262,12.32895
DE,63695,Glauburg,Hessen,50.321645,9.003079,3070,12.656956
DE,63697,Hirzenhain,Hessen,50.409474,9.137101,2875,16.096245
DE,63699,Birstein,Hessen,50.350307,9.206146,2809,30.962963
DE,63699,Kefenrod,Hessen,50.350307,9.206146,2809,30.962963
DE,63739,Aschaffenburg,Bayern,49.97571,9.164793,19687,7.26963
DE,63741,Aschaffenburg,Bayern,49.980391,9.117049,25076,26.545192
DE,63743,Aschaffenburg,Bayern,49.945057,9.167112,22604,28.602417
DE,63755,Alzenau,Bayern,50.084913,9.079819,18675,59.330758
DE,63762,Großostheim,Bayern,49.915798,9.064833,16293,44.304874
DE,63768,Hösbach,Bayern,50.015024,9.214861,13279,30.592237
DE,63773,Goldbach,Bayern,50.006536,9.17559,9852,10.962875
DE,63776,Mömbris,Bayern,50.064338,9.156645,11934,35.852616
DE,63785,"Obernburg am Main",Bayern,49.828013,9.113738,8584,24.862108
DE,63791,"Karlstein am Main",Bayern,50.044836,9.02873,8023,12.648492
DE,63796,"Kahl am Main",Bayern,50.085564,9.01315,7502,10.611545
DE,63801,Kleinostheim,Bayern,50.016159,9.065159,8139,13.582452
DE,63808,Haibach,Bayern,49.961818,9.210026,8437,7.36284
DE,63811,"Stockstadt am Main",Bayern,49.974898,9.050623,7512,18.855547
DE,63814,Kleinostheim,Bayern,49.992152,9.087799,8505,7.522654
DE,63814,Mainaschaff,Bayern,49.992152,9.087799,8505,7.522654
DE,63820,Elsenfeld,Bayern,49.833769,9.201428,8983,28.436051
DE,63825,Blankenbach,Bayern,50.096659,9.264708,8668,57.193058
DE,63825,Schöllkrippen,Bayern,50.096659,9.264708,8668,57.193058
DE,63825,Sommerkahl,Bayern,50.096659,9.264708,8668,57.193058
DE,63825,Westerngrund,Bayern,50.096659,9.264708,8668,57.193058
DE,63826,Geiselbach,Bayern,50.119649,9.194739,2129,12.434878
DE,63828,Kleinkahl,Bayern,50.113692,9.286779,1836,11.798024
DE,63829,Krombach,Bayern,50.082325,9.201237,2205,10.64458
DE,63831,Wiesen,Bayern,50.108745,9.354827,1059,25.83971
DE,63834,"Sulzbach am Main",Bayern,49.915155,9.190558,6929,19.931852
DE,63839,Kleinwallstadt,Bayern,49.868592,9.189726,5736,15.762699
DE,63840,Hausen,Bayern,49.874031,9.220189,1883,8.047069
DE,63843,Niedernberg,Bayern,49.907184,9.121434,4917,15.599337
DE,63846,Laufach,Bayern,50.009907,9.32693,5215,41.529919
DE,63849,Leidersbach,Bayern,49.899586,9.239657,4883,24.503661
DE,63853,Mömlingen,Bayern,49.858231,9.074761,4903,18.477493
DE,63856,Bessenbach,Bayern,49.965013,9.261309,5844,29.855783
DE,63857,Waldaschaff,Bayern,49.961132,9.322144,3953,28.330222
DE,63860,Rothenbuch,Bayern,49.964048,9.398159,1704,40.349549
DE,63863,Eschau,Bayern,49.830579,9.288655,3837,38.056647
DE,63864,Glattbach,Bayern,50.009585,9.14423,3350,3.569213
DE,63867,Johannesberg,Bayern,50.028956,9.129998,3857,13.555458
DE,63868,Großwallstadt,Bayern,49.873549,9.137576,4107,13.989006
DE,63869,Heigenbrücken,Bayern,50.036092,9.351621,2208,8.415089
DE,63871,Heinrichsthal,Bayern,50.065272,9.337617,862,7.856423
DE,63872,Heimbuchenthal,Bayern,49.884621,9.296147,2174,17.090678
DE,63874,Dammbach,Bayern,49.864974,9.343419,1819,32.86815
DE,63875,Mespelbrunn,Bayern,49.919268,9.300699,2208,15.973578
DE,63877,Sailauf,Bayern,50.036977,9.266064,3560,21.523584
DE,63879,Weibersbrunn,Bayern,49.913366,9.399349,1970,42.958819
DE,63897,Miltenberg,Bayern,49.689388,9.244862,9105,60.189236
DE,63906,"Erlenbach am Main",Bayern,49.806935,9.176623,9914,16.235623
DE,63911,"Klingenberg am Main",Bayern,49.763353,9.181582,6124,21.126839
DE,63916,Amorbach,Bayern,49.643847,9.192274,4002,51.878059
DE,63920,Großheubach,Bayern,49.735331,9.233604,5084,18.953476
DE,63924,Kleinheubach,Bayern,49.718921,9.183826,4398,13.491377
DE,63924,Rüdenau,Bayern,49.718921,9.183826,4398,13.491377
DE,63925,Laudenbach,Bayern,49.738024,9.165018,1420,4.922493
DE,63927,Bürgstadt,Bayern,49.722494,9.298807,4320,17.299294
DE,63928,Eichenbühl,Bayern,49.675341,9.359824,2609,28.686694
DE,63930,Neunkirchen,Bayern,49.700268,9.392768,1552,16.628516
DE,63931,Kirchzell,Bayern,49.607269,9.142973,2311,63.710303
DE,63933,Mönchberg,Bayern,49.792237,9.263504,2558,24.209692
DE,63934,Röllbach,Bayern,49.766062,9.255249,1724,12.397274
DE,63936,Schneeberg,Bayern,49.623845,9.2561,1798,16.573215
DE,63937,Weilbach,Bayern,49.673557,9.171933,2307,26.22096
DE,63939,"Wörth am Main",Bayern,49.78195,9.139765,4750,15.881554
DE,64283,Darmstadt,Hessen,49.870497,8.652362,11548,1.447407
DE,64285,Darmstadt,Hessen,49.851791,8.659142,17666,6.231147
DE,64287,Darmstadt,Hessen,49.88518,8.705941,15773,31.690437
DE,64289,Darmstadt,Hessen,49.897705,8.679249,23871,7.073991
DE,64291,Darmstadt,Hessen,49.927411,8.673746,22655,32.683807
DE,64293,Darmstadt,Hessen,49.882348,8.629092,13339,9.38901
DE,64295,Darmstadt,Hessen,49.851483,8.605708,16687,15.348369
DE,64297,Darmstadt,Hessen,49.823292,8.644544,22173,18.197245
DE,64297,Pfungstadt,Hessen,49.823292,8.644544,22173,18.197245
DE,64319,Pfungstadt,Hessen,49.80001,8.588399,23754,42.405062
DE,64331,Weiterstadt,Hessen,49.916083,8.593327,23627,34.376759
DE,64342,Seeheim-Jugenheim,Hessen,49.758655,8.660052,15701,27.978401
DE,64347,Griesheim,Hessen,49.860266,8.559258,25498,21.554112
DE,64354,Reinheim,Hessen,49.828592,8.8252,16263,27.831259
DE,64367,Mühltal,Hessen,49.80867,8.692037,13530,25.388625
DE,64367,Ober-Ramstadt,Hessen,49.80867,8.692037,13530,25.388625
DE,64372,Ober-Ramstadt,Hessen,49.8172,8.74954,14437,41.780181
DE,64380,Roßdorf,Hessen,49.868621,8.762013,11897,20.58579
DE,64385,"Reichelsheim (Odenwald)",Hessen,49.701882,8.856838,8576,58.072341
DE,64390,Erzhausen,Hessen,49.953434,8.631849,7478,7.396148
DE,64395,Brensbach,Hessen,49.769004,8.887488,5194,23.221467
DE,64397,Modautal,Hessen,49.755241,8.745596,5025,31.856639
DE,64401,Groß-Bieberau,Hessen,49.788135,8.81899,4571,18.228187
DE,64404,Bickenbach,Hessen,49.760954,8.598689,5508,9.161091
DE,64405,Fischbachtal,Hessen,49.758347,8.806917,2650,13.169302
DE,64407,Fränkisch-Crumbach,Hessen,49.74392,8.842721,3192,16.105305
DE,64409,Messel,Hessen,49.929936,8.755979,3762,14.811294
DE,64521,Groß-Gerau,Hessen,49.911056,8.477281,23760,54.43056
DE,64546,Mörfelden-Walldorf,Hessen,49.984544,8.569957,32383,44.099204
DE,64560,Riedstadt,Hessen,49.838459,8.469127,21567,68.811667
DE,64569,Nauheim,Hessen,49.951236,8.468446,9836,13.760902
DE,64572,Büttelborn,Hessen,49.911019,8.534599,13592,29.987136
DE,64579,Gernsheim,Hessen,49.751404,8.512619,9825,40.044848
DE,64584,"Biebesheim am Rhein",Hessen,49.783158,8.455058,6365,18.637188
DE,64589,"Stockstadt am Rhein",Hessen,49.81235,8.44479,5793,23.652137
DE,64625,Bensheim,Hessen,49.692929,8.623373,39242,57.791621
DE,64646,Heppenheim,Hessen,49.643683,8.662547,24886,52.512243
DE,64646,Laudenbach,Baden-Württemberg,49.643683,8.662547,24886,52.512243
DE,64653,Lorsch,Hessen,49.641481,8.562997,12965,25.222126
DE,64658,Fürth,Hessen,49.655718,8.790566,10518,38.411551
DE,64665,Alsbach-Hähnlein,Hessen,49.741614,8.591283,9075,15.856094
DE,64668,Rimbach,Hessen,49.619659,8.765852,8548,23.138186
DE,64673,Zwingenberg,Hessen,49.722992,8.594578,6595,5.652914
DE,64678,Lindenfels,Hessen,49.697352,8.767527,5052,21.033254
DE,64683,Einhausen,Hessen,49.680424,8.528818,6044,26.637201
DE,64686,"Lautertal (Odenwald)",Hessen,49.716407,8.70937,7160,30.728551
DE,64689,Grasellenbach,Hessen,49.625969,8.843067,3805,22.862311
DE,64711,Erbach,Hessen,49.636644,9.009499,13290,61.389956
DE,64720,Michelstadt,Hessen,49.693632,9.044513,16391,86.984523
DE,64732,"Bad König",Hessen,49.741496,9.011116,9328,46.618323
DE,64739,"Höchst im Odenwald",Hessen,49.786918,8.975794,9945,30.244977
DE,64747,Breuberg,Hessen,49.82089,9.041543,7334,30.970699
DE,64750,Lützelbach,Hessen,49.773432,9.077851,6867,35.407647
DE,64753,Brombachtal,Hessen,49.73339,8.945571,3603,20.510865
DE,64754,Eberbach,Baden-Württemberg,49.560028,9.084068,22,2.364544
DE,64756,Mossautal,Hessen,49.644809,8.915743,2579,48.454915
DE,64757,Hirschhorn,Hessen,49.482979,8.907957,27,0.458988
DE,64760,Oberzent,Hessen,49.55138,8.985375,10503,165.476886
DE,64807,Dieburg,Hessen,49.905978,8.821129,14581,23.060373
DE,64823,Groß-Umstadt,Hessen,49.868796,8.944014,20701,86.770579
DE,64832,Babenhausen,Hessen,49.957129,8.949888,15603,66.797524
DE,64839,"Münster (Hessen)",Hessen,49.92668,8.844947,14039,20.7593
DE,64846,Groß-Zimmern,Hessen,49.875228,8.811784,13531,21.061777
DE,64850,Schaafheim,Hessen,49.910459,9.004773,9063,32.129902
DE,64853,Otzberg,Hessen,49.823191,8.900259,6319,41.910071
DE,64859,Eppertshausen,Hessen,49.94825,8.828535,5954,13.099064
DE,65183,Wiesbaden,Hessen,50.084572,8.237392,14296,0.908634
DE,65185,Wiesbaden,Hessen,50.076002,8.239569,13066,1.240434
DE,65187,Wiesbaden,Hessen,50.05934,8.235317,22300,5.345827
DE,65189,Wiesbaden,Hessen,50.071855,8.259237,11223,5.681095
DE,65191,Wiesbaden,Hessen,50.092318,8.276451,17338,6.116506
DE,65193,Wiesbaden,Hessen,50.11045,8.236064,15547,15.96338
DE,65195,Wiesbaden,Hessen,50.106102,8.197219,17450,11.904451
DE,65197,Wiesbaden,Hessen,50.082219,8.207732,29776,4.202052
DE,65199,Wiesbaden,Hessen,50.090397,8.167887,22952,18.781553
DE,65201,Wiesbaden,Hessen,50.060652,8.169444,15798,19.911856
DE,65203,Wiesbaden,Hessen,50.038976,8.241681,21160,9.449639
DE,65205,Wiesbaden,Hessen,50.052873,8.315641,22331,30.266923
DE,65207,Wiesbaden,Hessen,50.110545,8.311348,20753,55.211111
DE,65232,Taunusstein,Hessen,50.155074,8.171866,28415,66.971452
DE,65239,Hochheim,Hessen,50.023844,8.368235,16887,19.333516
DE,65307,"Bad Schwalbach",Hessen,50.134503,8.04566,10396,40.140659
DE,65321,Heidenrod,Hessen,50.17119,7.967697,7856,95.863244
DE,65326,Aarbergen,Hessen,50.249623,8.083506,6009,33.943411
DE,65329,Hohenstein,Hessen,50.196126,8.100458,6036,63.913649
DE,65343,"Eltville am Rhein",Hessen,50.051238,8.103562,8494,14.450318
DE,65344,"Eltville am Rhein",Hessen,50.059192,8.125032,1287,4.610365
DE,65345,"Eltville am Rhein",Hessen,50.066531,8.101494,1669,4.592964
DE,65346,"Eltville am Rhein",Hessen,50.039189,8.065809,3288,12.832409
DE,65347,"Eltville am Rhein",Hessen,50.039255,8.042318,1954,10.244021
DE,65366,Geisenheim,Hessen,50.03249,7.939259,11507,40.285338
DE,65375,Oestrich-Winkel,Hessen,50.046956,7.986836,11481,59.464071
DE,65385,"Rüdesheim am Rhein",Hessen,50.019285,7.891321,9795,51.402721
DE,65388,Schlangenbad,Hessen,50.097858,8.048675,6040,36.48345
DE,65391,Lorch,Hessen,50.075586,7.844222,3994,57.970085
DE,65391,Sauerthal,Rheinland-Pfalz,50.075586,7.844222,3994,57.970085
DE,65396,Walluf,Hessen,50.046349,8.149899,5550,6.740049
DE,65399,Kiedrich,Hessen,50.056977,8.070292,3871,12.332443
DE,65428,"Rüsselsheim am Main",Hessen,49.982795,8.449851,58782,58.331007
DE,65439,Flörsheim,Hessen,50.028126,8.421209,19936,23.089885
DE,65451,Kelsterbach,Hessen,50.049289,8.517809,13315,15.393447
DE,65462,Bischofsheim,Hessen,49.975367,8.334884,15627,13.821356
DE,65462,Ginsheim-Gustavsburg,Hessen,49.975367,8.334884,15627,13.821356
DE,65468,Trebur,Hessen,49.909819,8.385714,13107,50.087953
DE,65474,Bischofsheim,Hessen,49.984791,8.362865,12631,8.967947
DE,65479,Raunheim,Hessen,50.014466,8.471599,14548,12.536453
DE,65510,Hünstetten,Hessen,50.232982,8.249992,33283,130.262246
DE,65510,Idstein,Hessen,50.232982,8.249992,33283,130.262246
DE,65520,"Bad Camberg",Hessen,50.303336,8.287338,13931,54.576792
DE,65527,Niedernhausen,Hessen,50.169479,8.296926,14408,35.267849
DE,65529,Waldems,Hessen,50.259204,8.350116,5193,36.651879
DE,65549,"Limburg an der Lahn",Hessen,50.386303,8.066785,17139,10.125167
DE,65550,"Limburg an der Lahn",Hessen,50.365131,8.094538,3018,5.139912
DE,65551,"Limburg an der Lahn",Hessen,50.379301,8.126015,3088,6.497351
DE,65552,"Limburg an der Lahn",Hessen,50.391726,8.100983,2692,4.662074
DE,65553,"Limburg an der Lahn",Hessen,50.403673,8.087208,1614,2.918027
DE,65554,"Limburg an der Lahn",Hessen,50.435218,8.080284,1221,5.50063
DE,65555,"Limburg an der Lahn",Hessen,50.416667,8.067066,2430,5.142234
DE,65556,"Limburg an der Lahn",Hessen,50.393533,8.033983,2358,4.277273
DE,65558,Balduinstein,Rheinland-Pfalz,50.345798,7.994647,10182,76.492723
DE,65558,Burgschwalbach,Rheinland-Pfalz,50.345798,7.994647,10182,76.492723
DE,65558,Cramberg,Rheinland-Pfalz,50.345798,7.994647,10182,76.492723
DE,65558,Eppenrod,Rheinland-Pfalz,50.345798,7.994647,10182,76.492723
DE,65558,Flacht,Rheinland-Pfalz,50.345798,7.994647,10182,76.492723
DE,65558,Gückingen,Rheinland-Pfalz,50.345798,7.994647,10182,76.492723
DE,65558,Heistenbach,Rheinland-Pfalz,50.345798,7.994647,10182,76.492723
DE,65558,Hirschberg,Rheinland-Pfalz,50.345798,7.994647,10182,76.492723
DE,65558,Holzheim,Rheinland-Pfalz,50.345798,7.994647,10182,76.492723
DE,65558,Isselbach,Rheinland-Pfalz,50.345798,7.994647,10182,76.492723
DE,65558,Kaltenholzhausen,Rheinland-Pfalz,50.345798,7.994647,10182,76.492723
DE,65558,Langenscheid,Rheinland-Pfalz,50.345798,7.994647,10182,76.492723
DE,65558,Lohrheim,Rheinland-Pfalz,50.345798,7.994647,10182,76.492723
DE,65558,Oberneisen,Rheinland-Pfalz,50.345798,7.994647,10182,76.492723
DE,65582,Aull,Rheinland-Pfalz,50.3748,8.013835,11823,17.379178
DE,65582,Diez,Rheinland-Pfalz,50.3748,8.013835,11823,17.379178
DE,65582,Hambach,Rheinland-Pfalz,50.3748,8.013835,11823,17.379178
DE,65589,Hadamar,Hessen,50.459881,8.058426,12051,40.958411
DE,65594,Runkel,Hessen,50.420366,8.160613,9705,43.680294
DE,65597,Hünfelden,Hessen,50.318359,8.151914,9801,62.633581
DE,65599,Dornburg,Hessen,50.511463,8.022863,8525,33.172731
DE,65604,Elz,Hessen,50.418077,8.010736,8059,16.81511
DE,65606,Villmar,Hessen,50.396991,8.230061,6949,43.069651
DE,65611,Brechen,Hessen,50.360077,8.176736,6637,24.865021
DE,65614,Beselich,Hessen,50.460236,8.150968,5566,31.514226
DE,65618,"Selters (Taunus)",Hessen,50.353772,8.277819,8132,40.436261
DE,65620,"Waldbrunn (Westerwald)",Hessen,50.511318,8.113564,5844,29.749149
DE,65623,Hahnstätten,Rheinland-Pfalz,50.297494,8.057465,4026,20.276838
DE,65623,Mudershausen,Rheinland-Pfalz,50.297494,8.057465,4026,20.276838
DE,65623,Netzbach,Rheinland-Pfalz,50.297494,8.057465,4026,20.276838
DE,65623,Schiesheim,Rheinland-Pfalz,50.297494,8.057465,4026,20.276838
DE,65624,Altendiez,Rheinland-Pfalz,50.370901,7.962489,2222,9.170183
DE,65626,Birlenbach,Rheinland-Pfalz,50.356026,8.000019,1522,4.063794
DE,65627,Elbtal,Hessen,50.504452,8.061897,2362,11.104924
DE,65629,Niederneisen,Rheinland-Pfalz,50.334666,8.047998,1460,7.966132
DE,65719,"Hofheim am Taunus",Hessen,50.094628,8.408854,37894,57.387993
DE,65760,Eschborn,Hessen,50.150698,8.567091,20348,12.123839
DE,65779,"Kelkheim (Taunus)",Hessen,50.150947,8.433134,27660,30.710644
DE,65795,"Hattersheim am Main",Hessen,50.05555,8.480982,24751,15.786943
DE,65812,"Bad Soden am Taunus",Hessen,50.152282,8.48587,21210,12.489007
DE,65817,Eppstein,Hessen,50.155075,8.366837,13171,24.174282
DE,65824,"Schwalbach am Taunus",Hessen,50.151015,8.5328,14701,6.46554
DE,65830,Kriftel,Hessen,50.080029,8.466801,10580,6.749395
DE,65835,"Liederbach am Taunus",Hessen,50.12033,8.492184,8688,6.22829
DE,65843,"Sulzbach (Taunus)",Hessen,50.130889,8.530703,8304,7.829172
DE,65929,"Frankfurt am Main",Hessen,50.099896,8.533977,28053,13.420284
DE,65931,"Frankfurt am Main",Hessen,50.090085,8.502252,20597,9.36758
DE,65933,"Frankfurt am Main",Hessen,50.09738,8.597651,22187,4.943841
DE,65934,"Frankfurt am Main",Hessen,50.103898,8.575686,17497,3.573515
DE,65936,"Frankfurt am Main",Hessen,50.120506,8.574334,15625,6.079295
DE,66111,Saarbrücken,Saarland,49.236674,6.997854,11419,1.901882
DE,66113,Saarbrücken,Saarland,49.253747,6.974119,23110,8.863821
DE,66115,Saarbrücken,Saarland,49.278345,6.967732,18371,31.033321
DE,66117,Saarbrücken,Saarland,49.222388,6.962881,14434,9.33573
DE,66119,Saarbrücken,Saarland,49.211323,7.001678,14832,10.329711
DE,66121,Saarbrücken,Saarland,49.229389,7.038024,15036,6.923595
DE,66123,Saarbrücken,Saarland,49.248821,7.022557,12664,9.405918
DE,66125,Saarbrücken,Saarland,49.274827,7.030122,22383,14.477263
DE,66126,Saarbrücken,Saarland,49.263594,6.918529,5547,4.658705
DE,66127,Saarbrücken,Saarland,49.226115,6.871858,5546,9.315304
DE,66128,Saarbrücken,Saarland,49.229052,6.915243,6295,8.526687
DE,66129,Saarbrücken,Saarland,49.181838,7.050706,3362,4.42508
DE,66130,Saarbrücken,Saarland,49.198371,7.062403,11100,18.163253
DE,66131,Saarbrücken,Saarland,49.222199,7.109304,3553,15.373997
DE,66132,Saarbrücken,Saarland,49.225439,7.07834,4042,7.879988
DE,66133,Saarbrücken,Saarland,49.246041,7.0644,4086,7.059858
DE,66265,Heusweiler,Saarland,49.344376,6.947983,18205,40.072242
DE,66271,Kleinblittersdorf,Saarland,49.153113,7.069557,11419,27.210201
DE,66280,Sulzbach/Saar,Saarland,49.299895,7.071378,16605,16.058006
DE,66287,Quierschied,Saarland,49.322542,7.028966,13504,20.038464
DE,66292,Riegelsberg,Saarland,49.309239,6.941803,14793,14.66486
DE,66299,Friedrichsthal,Saarland,49.327791,7.086621,10377,9.000879
DE,66333,Völklingen,Saarland,49.22042,6.802593,38818,67.018829
DE,66346,Püttlingen,Saarland,49.293845,6.895148,19175,23.925689
DE,66352,Großrosseln,Saarland,49.182233,6.822327,8349,25.279289
DE,66359,Bous,Saarland,49.278347,6.817229,7099,7.61248
DE,66386,"St. Ingbert",Saarland,49.273755,7.132095,36653,49.912671
DE,66399,Mandelbachtal,Saarland,49.187516,7.151417,11146,57.772375
DE,66424,Homburg,Saarland,49.326179,7.338894,41562,82.225064
DE,66440,Blieskastel,Saarland,49.215402,7.263762,21247,108.328717
DE,66450,Bexbach,Saarland,49.361746,7.265326,18054,31.225481
DE,66453,Gersheim,Saarland,49.150656,7.231877,6784,57.27092
DE,66459,Kirkel,Saarland,49.297291,7.252682,10039,31.234197
DE,66482,Zweibrücken,Rheinland-Pfalz,49.24803,7.36565,34235,70.712683
DE,66484,Althornbach,Rheinland-Pfalz,49.229007,7.450237,4949,50.518462
DE,66484,Battweiler,Rheinland-Pfalz,49.229007,7.450237,4949,50.518462
DE,66484,Dietrichingen,Rheinland-Pfalz,49.229007,7.450237,4949,50.518462
DE,66484,Großsteinhausen,Rheinland-Pfalz,49.229007,7.450237,4949,50.518462
DE,66484,Kleinsteinhausen,Rheinland-Pfalz,49.229007,7.450237,4949,50.518462
DE,66484,Riedelberg,Rheinland-Pfalz,49.229007,7.450237,4949,50.518462
DE,66484,Schmitshausen,Rheinland-Pfalz,49.229007,7.450237,4949,50.518462
DE,66484,Walshausen,Rheinland-Pfalz,49.229007,7.450237,4949,50.518462
DE,66484,"Winterbach (Pfalz)",Rheinland-Pfalz,49.229007,7.450237,4949,50.518462
DE,66497,Contwig,Rheinland-Pfalz,49.242851,7.439615,4854,25.358129
DE,66500,Hornbach,Rheinland-Pfalz,49.185619,7.364466,1800,17.756476
DE,66500,Mauschbach,Rheinland-Pfalz,49.185619,7.364466,1800,17.756476
DE,66501,Großbundenbach,Rheinland-Pfalz,49.303916,7.434095,822,12.02213
DE,66501,Kleinbundenbach,Rheinland-Pfalz,49.303916,7.434095,822,12.02213
DE,66503,Dellfeld,Rheinland-Pfalz,49.236454,7.478683,1379,7.246297
DE,66504,Bottenbach,Rheinland-Pfalz,49.188758,7.503148,731,6.023522
DE,66506,Maßweiler,Rheinland-Pfalz,49.270094,7.529121,1053,11.001964
DE,66507,Reifenberg,Rheinland-Pfalz,49.283785,7.497876,827,7.728103
DE,66509,Rieschweiler-Mühlbach,Rheinland-Pfalz,49.250198,7.507862,2164,10.258022
DE,66538,Neunkirchen,Saarland,49.340148,7.181952,20341,13.832806
DE,66539,Neunkirchen,Saarland,49.321931,7.219582,12273,25.924962
DE,66540,Neunkirchen,Saarland,49.366571,7.179786,13630,35.612167
DE,66557,Illingen,Saarland,49.386467,7.051507,17036,36.449393
DE,66564,Ottweiler,Saarland,49.411171,7.193915,14960,45.40055
DE,66571,Eppelborn,Saarland,49.402181,6.979251,17740,46.758719
DE,66578,Schiffweiler,Saarland,49.367208,7.11654,15999,21.397068
DE,66583,Spiesen-Elversberg,Saarland,49.312848,7.151124,13507,11.430562
DE,66589,Merchweiler,Saarland,49.357099,7.068555,10244,12.745425
DE,66606,"Sankt Wendel",Saarland,49.467022,7.183323,26246,113.280216
DE,66620,Nonnweiler,Saarland,49.582065,6.975093,8870,66.456149
DE,66625,Nohfelden,Saarland,49.574207,7.085393,10277,101.752786
DE,66629,Freisen,Saarland,49.536908,7.240023,8277,47.930298
DE,66636,Tholey,Saarland,49.487746,6.995363,12416,57.779974
DE,66640,Namborn,Saarland,49.518178,7.164642,7424,25.937364
DE,66646,Marpingen,Saarland,49.44825,7.060161,10597,39.859522
DE,66649,Oberthal,Saarland,49.524395,7.094602,6164,23.611219
DE,66663,Merzig,Saarland,49.446541,6.626965,29754,109.036729
DE,66679,"Losheim am See",Saarland,49.508105,6.73189,15926,96.739013
DE,66687,Wadern,Saarland,49.541178,6.885875,16221,110.937782
DE,66693,Mettlach,Saarland,49.501898,6.552087,12210,78.241802
DE,66701,Beckingen,Saarland,49.422013,6.741569,15368,51.688176
DE,66706,Perl,Saarland,49.504516,6.426097,7791,75.411124
DE,66709,Weiskirchen,Saarland,49.550875,6.809218,6556,33.748693
DE,66740,Saarlouis,Saarland,49.311221,6.747539,34553,43.544596
DE,66763,Dillingen/Saar,Saarland,49.366025,6.732284,20259,21.827505
DE,66773,Schwalbach,Saarland,49.30647,6.832797,17348,27.237606
DE,66780,Rehlingen-Siersburg,Saarland,49.374327,6.624902,14560,61.5517
DE,66787,Wadgassen,Saarland,49.247443,6.777048,17942,25.913097
DE,66793,Saarwellingen,Saarland,49.353517,6.840612,13358,41.674107
DE,66798,Wallerfangen,Saarland,49.319477,6.658348,9490,42.221962
DE,66802,Überherrn,Saarland,49.260297,6.705463,11663,34.132598
DE,66806,Ensdorf/Saar,Saarland,49.302361,6.781492,6555,8.387217
DE,66809,Nalbach,Saarland,49.388325,6.802074,9316,22.500112
DE,66822,Eppelborn,Saarland,49.424873,6.916615,19511,64.224509
DE,66822,Lebach,Saarland,49.424873,6.916615,19511,64.224509
DE,66839,Schmelz,Saarland,49.445999,6.850479,16455,58.609004
DE,66849,Landstuhl,Rheinland-Pfalz,49.403541,7.559983,8504,15.357154
DE,66851,Bann,Rheinland-Pfalz,49.374511,7.611243,9534,61.45436
DE,66851,Hauptstuhl,Rheinland-Pfalz,49.374511,7.611243,9534,61.45436
DE,66851,Horbach,Rheinland-Pfalz,49.374511,7.611243,9534,61.45436
DE,66851,Linden,Rheinland-Pfalz,49.374511,7.611243,9534,61.45436
DE,66851,Mittelbrunn,Rheinland-Pfalz,49.374511,7.611243,9534,61.45436
DE,66851,Oberarnbach,Rheinland-Pfalz,49.374511,7.611243,9534,61.45436
DE,66851,Queidersbach,Rheinland-Pfalz,49.374511,7.611243,9534,61.45436
DE,66851,Steinalben,Rheinland-Pfalz,49.374511,7.611243,9534,61.45436
DE,66862,Kindsbach,Rheinland-Pfalz,49.416078,7.628947,2413,8.973909
DE,66869,Blaubach,Rheinland-Pfalz,49.537143,7.392414,6481,25.080251
DE,66869,Kusel,Rheinland-Pfalz,49.537143,7.392414,6481,25.080251
DE,66869,Ruthweiler,Rheinland-Pfalz,49.537143,7.392414,6481,25.080251
DE,66869,Schellweiler,Rheinland-Pfalz,49.537143,7.392414,6481,25.080251
DE,66871,Albessen,Rheinland-Pfalz,49.537445,7.359341,7015,73.568028
DE,66871,Dennweiler-Frohnbach,Rheinland-Pfalz,49.537445,7.359341,7015,73.568028
DE,66871,Ehweiler,Rheinland-Pfalz,49.537445,7.359341,7015,73.568028
DE,66871,Etschberg,Rheinland-Pfalz,49.537445,7.359341,7015,73.568028
DE,66871,"Haschbach am Remigiusberg",Rheinland-Pfalz,49.537445,7.359341,7015,73.568028
DE,66871,Herchweiler,Rheinland-Pfalz,49.537445,7.359341,7015,73.568028
DE,66871,Konken,Rheinland-Pfalz,49.537445,7.359341,7015,73.568028
DE,66871,Körborn,Rheinland-Pfalz,49.537445,7.359341,7015,73.568028
DE,66871,Oberalben,Rheinland-Pfalz,49.537445,7.359341,7015,73.568028
DE,66871,Pfeffelbach,Rheinland-Pfalz,49.537445,7.359341,7015,73.568028
DE,66871,Reichweiler,Rheinland-Pfalz,49.537445,7.359341,7015,73.568028
DE,66871,Selchenbach,Rheinland-Pfalz,49.537445,7.359341,7015,73.568028
DE,66871,Thallichtenberg,Rheinland-Pfalz,49.537445,7.359341,7015,73.568028
DE,66871,Theisbergstegen,Rheinland-Pfalz,49.537445,7.359341,7015,73.568028
DE,66877,Ramstein-Miesenbach,Rheinland-Pfalz,49.440099,7.567659,7647,42.986963
DE,66879,Kollweiler,Rheinland-Pfalz,49.484688,7.519006,7665,57.002378
DE,66879,Kottweiler-Schwanden,Rheinland-Pfalz,49.484688,7.519006,7665,57.002378
DE,66879,Niedermohr,Rheinland-Pfalz,49.484688,7.519006,7665,57.002378
DE,66879,Niederstaufenbach,Rheinland-Pfalz,49.484688,7.519006,7665,57.002378
DE,66879,Oberstaufenbach,Rheinland-Pfalz,49.484688,7.519006,7665,57.002378
DE,66879,Reichenbach-Steegen,Rheinland-Pfalz,49.484688,7.519006,7665,57.002378
DE,66879,Steinwenden,Rheinland-Pfalz,49.484688,7.519006,7665,57.002378
DE,66882,Hütschenhausen,Rheinland-Pfalz,49.42473,7.478365,3913,17.782465
DE,66885,Altenglan,Rheinland-Pfalz,49.55542,7.46595,3680,18.045947
DE,66885,Bedesbach,Rheinland-Pfalz,49.55542,7.46595,3680,18.045947
DE,66887,Bosenbach,Rheinland-Pfalz,49.574106,7.493121,8359,87.062165
DE,66887,Elzweiler,Rheinland-Pfalz,49.574106,7.493121,8359,87.062165
DE,66887,Erdesbach,Rheinland-Pfalz,49.574106,7.493121,8359,87.062165
DE,66887,Föckelberg,Rheinland-Pfalz,49.574106,7.493121,8359,87.062165
DE,66887,Glanbrücken,Rheinland-Pfalz,49.574106,7.493121,8359,87.062165
DE,66887,Horschbach,Rheinland-Pfalz,49.574106,7.493121,8359,87.062165
DE,66887,Jettenbach,Rheinland-Pfalz,49.574106,7.493121,8359,87.062165
DE,66887,"Neunkirchen am Potzberg",Rheinland-Pfalz,49.574106,7.493121,8359,87.062165
DE,66887,Niederalben,Rheinland-Pfalz,49.574106,7.493121,8359,87.062165
DE,66887,Rammelsbach,Rheinland-Pfalz,49.574106,7.493121,8359,87.062165
DE,66887,Rathsweiler,Rheinland-Pfalz,49.574106,7.493121,8359,87.062165
DE,66887,"Rutsweiler am Glan",Rheinland-Pfalz,49.574106,7.493121,8359,87.062165
DE,66887,"Sankt Julian",Rheinland-Pfalz,49.574106,7.493121,8359,87.062165
DE,66887,Ulmet,Rheinland-Pfalz,49.574106,7.493121,8359,87.062165
DE,66887,Welchweiler,Rheinland-Pfalz,49.574106,7.493121,8359,87.062165
DE,66892,Bruchmühlbach-Miesau,Rheinland-Pfalz,49.39251,7.439374,7619,27.099054
DE,66894,Bechhofen,Rheinland-Pfalz,49.351395,7.463872,6644,57.399321
DE,66894,Gerhardsbrunn,Rheinland-Pfalz,49.351395,7.463872,6644,57.399321
DE,66894,Krähenberg,Rheinland-Pfalz,49.351395,7.463872,6644,57.399321
DE,66894,Käshofen,Rheinland-Pfalz,49.351395,7.463872,6644,57.399321
DE,66894,Lambsborn,Rheinland-Pfalz,49.351395,7.463872,6644,57.399321
DE,66894,Langwieden,Rheinland-Pfalz,49.351395,7.463872,6644,57.399321
DE,66894,Martinshöhe,Rheinland-Pfalz,49.351395,7.463872,6644,57.399321
DE,66894,Rosenkopf,Rheinland-Pfalz,49.351395,7.463872,6644,57.399321
DE,66894,Wiesbach,Rheinland-Pfalz,49.351395,7.463872,6644,57.399321
DE,66901,Schönenberg-Kübelberg,Rheinland-Pfalz,49.402629,7.371008,5620,18.668912
DE,66903,Altenkirchen,Rheinland-Pfalz,49.439329,7.334137,4598,23.901673
DE,66903,Dittweiler,Rheinland-Pfalz,49.439329,7.334137,4598,23.901673
DE,66903,Frohnhofen,Rheinland-Pfalz,49.439329,7.334137,4598,23.901673
DE,66903,Gries,Rheinland-Pfalz,49.439329,7.334137,4598,23.901673
DE,66903,Ohmbach,Rheinland-Pfalz,49.439329,7.334137,4598,23.901673
DE,66904,"Brücken (Pfalz)",Rheinland-Pfalz,49.432824,7.375077,2658,11.975453
DE,66904,Börsborn,Rheinland-Pfalz,49.432824,7.375077,2658,11.975453
DE,66907,Glan-Münchweiler,Rheinland-Pfalz,49.477141,7.438179,1705,12.680249
DE,66907,Rehweiler,Rheinland-Pfalz,49.477141,7.438179,1705,12.680249
DE,66909,Henschtal,Rheinland-Pfalz,49.472502,7.387127,7428,61.095438
DE,66909,Herschweiler-Pettersheim,Rheinland-Pfalz,49.472502,7.387127,7428,61.095438
DE,66909,Hüffler,Rheinland-Pfalz,49.472502,7.387127,7428,61.095438
DE,66909,Krottelbach,Rheinland-Pfalz,49.472502,7.387127,7428,61.095438
DE,66909,Langenbach,Rheinland-Pfalz,49.472502,7.387127,7428,61.095438
DE,66909,Matzenbach,Rheinland-Pfalz,49.472502,7.387127,7428,61.095438
DE,66909,Nanzdietschweiler,Rheinland-Pfalz,49.472502,7.387127,7428,61.095438
DE,66909,Quirnbach/Pfalz,Rheinland-Pfalz,49.472502,7.387127,7428,61.095438
DE,66909,"Steinbach am Glan",Rheinland-Pfalz,49.472502,7.387127,7428,61.095438
DE,66909,Wahnwegen,Rheinland-Pfalz,49.472502,7.387127,7428,61.095438
DE,66914,Waldmohr,Rheinland-Pfalz,49.385514,7.344748,5154,13.124208
DE,66916,Breitenbach,Rheinland-Pfalz,49.426912,7.285284,2837,14.405964
DE,66916,Dunzweiler,Rheinland-Pfalz,49.426912,7.285284,2837,14.405964
DE,66917,Biedershausen,Rheinland-Pfalz,49.324312,7.510115,1531,16.807275
DE,66917,Knopp-Labach,Rheinland-Pfalz,49.324312,7.510115,1531,16.807275
DE,66917,Schmitshausen,Rheinland-Pfalz,49.324312,7.510115,1531,16.807275
DE,66917,Wallhalben,Rheinland-Pfalz,49.324312,7.510115,1531,16.807275
DE,66919,Hermersberg,Rheinland-Pfalz,49.3251,7.588603,6433,59.480349
DE,66919,Herschberg,Rheinland-Pfalz,49.3251,7.588603,6433,59.480349
DE,66919,Hettenhausen,Rheinland-Pfalz,49.3251,7.588603,6433,59.480349
DE,66919,Obernheim-Kirchenarnbach,Rheinland-Pfalz,49.3251,7.588603,6433,59.480349
DE,66919,Saalstadt,Rheinland-Pfalz,49.3251,7.588603,6433,59.480349
DE,66919,Schauerberg,Rheinland-Pfalz,49.3251,7.588603,6433,59.480349
DE,66919,Weselberg,Rheinland-Pfalz,49.3251,7.588603,6433,59.480349
DE,66953,Pirmasens,Rheinland-Pfalz,49.215594,7.628523,14854,19.226132
DE,66953,Rodalben,Rheinland-Pfalz,49.215594,7.628523,14854,19.226132
DE,66954,Pirmasens,Rheinland-Pfalz,49.204046,7.562401,10206,26.879773
DE,66955,Pirmasens,Rheinland-Pfalz,49.177734,7.611394,15968,19.728964
DE,66957,Eppenbrunn,Rheinland-Pfalz,49.133814,7.565188,7863,79.060425
DE,66957,Hilst,Rheinland-Pfalz,49.133814,7.565188,7863,79.060425
DE,66957,Kröppen,Rheinland-Pfalz,49.133814,7.565188,7863,79.060425
DE,66957,Obersimten,Rheinland-Pfalz,49.133814,7.565188,7863,79.060425
DE,66957,Ruppertsweiler,Rheinland-Pfalz,49.133814,7.565188,7863,79.060425
DE,66957,Schweix,Rheinland-Pfalz,49.133814,7.565188,7863,79.060425
DE,66957,Trulben,Rheinland-Pfalz,49.133814,7.565188,7863,79.060425
DE,66957,Vinningen,Rheinland-Pfalz,49.133814,7.565188,7863,79.060425
DE,66969,Lemberg,Rheinland-Pfalz,49.15187,7.660526,3955,58.199304
DE,66976,Rodalben,Rheinland-Pfalz,49.239302,7.638407,7196,13.941487
DE,66978,Clausen,Rheinland-Pfalz,49.265367,7.751394,4602,79.579482
DE,66978,Donsieders,Rheinland-Pfalz,49.265367,7.751394,4602,79.579482
DE,66978,Leimen,Rheinland-Pfalz,49.265367,7.751394,4602,79.579482
DE,66978,Merzalben,Rheinland-Pfalz,49.265367,7.751394,4602,79.579482
DE,66981,"Münchweiler an der Rodalb",Rheinland-Pfalz,49.216262,7.706526,2935,26.238383
DE,66987,Thaleischweiler-Fröschen,Rheinland-Pfalz,49.263516,7.576991,3470,12.312945
DE,66989,Höheinöd,Rheinland-Pfalz,49.248779,7.559605,4697,32.735448
DE,66989,Höheischweiler,Rheinland-Pfalz,49.248779,7.559605,4697,32.735448
DE,66989,Höhfröschen,Rheinland-Pfalz,49.248779,7.559605,4697,32.735448
DE,66989,Nünschweiler,Rheinland-Pfalz,49.248779,7.559605,4697,32.735448
DE,66989,Petersberg,Rheinland-Pfalz,49.248779,7.559605,4697,32.735448
DE,66994,Dahn,Rheinland-Pfalz,49.146905,7.759844,4469,40.75005
DE,66996,Erfweiler,Rheinland-Pfalz,49.096012,7.719461,4721,88.68189
DE,66996,"Fischbach bei Dahn",Rheinland-Pfalz,49.096012,7.719461,4721,88.68189
DE,66996,Hirschthal,Rheinland-Pfalz,49.096012,7.719461,4721,88.68189
DE,66996,Ludwigswinkel,Rheinland-Pfalz,49.096012,7.719461,4721,88.68189
DE,66996,Schindhard,Rheinland-Pfalz,49.096012,7.719461,4721,88.68189
DE,66996,"Schönau (Pfalz)",Rheinland-Pfalz,49.096012,7.719461,4721,88.68189
DE,66999,Hinterweidenthal,Rheinland-Pfalz,49.190144,7.76491,1583,16.996109
DE,67059,"Ludwigshafen am Rhein",Rheinland-Pfalz,49.479274,8.429239,14459,3.634467
DE,67061,"Ludwigshafen am Rhein",Rheinland-Pfalz,49.471199,8.447162,18014,3.867176
DE,67063,"Ludwigshafen am Rhein",Rheinland-Pfalz,49.507473,8.418418,32425,14.394013
DE,67065,"Ludwigshafen am Rhein",Rheinland-Pfalz,49.453803,8.426617,20711,11.149248
DE,67067,"Ludwigshafen am Rhein",Rheinland-Pfalz,49.449143,8.397193,21455,11.722018
DE,67069,"Ludwigshafen am Rhein",Rheinland-Pfalz,49.524869,8.394606,22428,9.606487
DE,67071,"Ludwigshafen am Rhein",Rheinland-Pfalz,49.480563,8.357036,28021,23.085484
DE,67098,"Bad Dürkheim",Rheinland-Pfalz,49.454968,8.086572,18321,109.437424
DE,67105,Schifferstadt,Rheinland-Pfalz,49.383275,8.371052,18771,29.982456
DE,67112,Mutterstadt,Rheinland-Pfalz,49.441911,8.347172,12411,20.502741
DE,67117,Limburgerhof,Rheinland-Pfalz,49.415207,8.393127,10779,8.89744
DE,67122,Altrip,Rheinland-Pfalz,49.428472,8.482366,7701,10.427798
DE,67125,Dannstadt-Schauernheim,Rheinland-Pfalz,49.421645,8.314651,6772,13.289168
DE,67126,Hochdorf-Assenheim,Rheinland-Pfalz,49.416093,8.283701,3032,9.680602
DE,67127,Rödersheim-Gronau,Rheinland-Pfalz,49.43234,8.259066,2855,8.225724
DE,67133,Maxdorf,Rheinland-Pfalz,49.488192,8.291336,6999,7.323655
DE,67134,Birkenheide,Rheinland-Pfalz,49.487095,8.260019,3064,2.890517
DE,67136,Fußgönheim,Rheinland-Pfalz,49.462051,8.293015,2588,6.645276
DE,67141,Neuhofen,Rheinland-Pfalz,49.417313,8.434153,6945,12.345887
DE,67146,Deidesheim,Rheinland-Pfalz,49.415608,8.179221,3724,14.873152
DE,67147,"Forst an der Weinstraße",Rheinland-Pfalz,49.427277,8.186267,830,3.61468
DE,67149,Meckenheim,Rheinland-Pfalz,49.39729,8.238644,3377,15.257577
DE,67150,"Niederkirchen bei Deidesheim",Rheinland-Pfalz,49.416887,8.221566,2365,3.645919
DE,67152,Ruppertsberg,Rheinland-Pfalz,49.395445,8.181644,1469,7.91699
DE,67157,"Wachenheim an der Weinstraße",Rheinland-Pfalz,49.425445,8.136769,4685,28.248735
DE,67158,Ellerstadt,Rheinland-Pfalz,49.467077,8.257197,2275,6.348824
DE,67159,Friedelsheim,Rheinland-Pfalz,49.449481,8.220787,1466,4.210295
DE,67161,Gönnheim,Rheinland-Pfalz,49.451084,8.250686,1499,6.584124
DE,67165,Waldsee,Rheinland-Pfalz,49.397786,8.449324,5314,12.818776
DE,67166,Otterstadt,Rheinland-Pfalz,49.371716,8.466415,3287,16.899109
DE,67167,Erpolzheim,Rheinland-Pfalz,49.490554,8.221874,1318,3.605177
DE,67169,Kallstadt,Rheinland-Pfalz,49.489868,8.172471,1162,4.113782
DE,67227,"Frankenthal (Pfalz)",Rheinland-Pfalz,49.533063,8.357074,46574,43.876702
DE,67229,Gerolsheim,Rheinland-Pfalz,49.544645,8.240724,3698,14.89816
DE,67229,Großkarlbach,Rheinland-Pfalz,49.544645,8.240724,3698,14.89816
DE,67229,Laumersheim,Rheinland-Pfalz,49.544645,8.240724,3698,14.89816
DE,67240,Bobenheim-Roxheim,Rheinland-Pfalz,49.585031,8.373571,9829,20.503782
DE,67245,Lambsheim,Rheinland-Pfalz,49.518537,8.288632,6368,12.747903
DE,67246,Dirmstein,Rheinland-Pfalz,49.572655,8.251346,2966,14.666278
DE,67251,Freinsheim,Rheinland-Pfalz,49.509157,8.212842,5064,9.491314
DE,67256,"Weisenheim am Sand",Rheinland-Pfalz,49.503501,8.21217,4238,13.716862
DE,67258,Heßheim,Rheinland-Pfalz,49.542851,8.297753,3014,5.765089
DE,67259,Beindersheim,Rheinland-Pfalz,49.572499,8.311514,6452,19.139925
DE,67259,Großniedesheim,Rheinland-Pfalz,49.572499,8.311514,6452,19.139925
DE,67259,"Heuchelheim bei Frankenthal",Rheinland-Pfalz,49.572499,8.311514,6452,19.139925
DE,67259,Kleinniedesheim,Rheinland-Pfalz,49.572499,8.311514,6452,19.139925
DE,67269,Grünstadt,Rheinland-Pfalz,49.566239,8.161226,12861,15.757455
DE,67271,"Battenberg (Pfalz)",Rheinland-Pfalz,49.562391,8.144033,4128,29.414115
DE,67271,Kindenheim,Rheinland-Pfalz,49.562391,8.144033,4128,29.414115
DE,67271,Kleinkarlbach,Rheinland-Pfalz,49.562391,8.144033,4128,29.414115
DE,67271,Mertesheim,Rheinland-Pfalz,49.562391,8.144033,4128,29.414115
DE,67271,Neuleiningen,Rheinland-Pfalz,49.562391,8.144033,4128,29.414115
DE,67271,Obersülzen,Rheinland-Pfalz,49.562391,8.144033,4128,29.414115
DE,67273,"Bobenheim am Berg",Rheinland-Pfalz,49.504662,8.131859,3709,23.000005
DE,67273,Dackenheim,Rheinland-Pfalz,49.504662,8.131859,3709,23.000005
DE,67273,"Herxheim am Berg",Rheinland-Pfalz,49.504662,8.131859,3709,23.000005
DE,67273,"Weisenheim am Berg",Rheinland-Pfalz,49.504662,8.131859,3709,23.000005
DE,67278,"Bockenheim an der Weinstraße",Rheinland-Pfalz,49.608099,8.18708,2126,11.220393
DE,67280,Ebertsheim,Rheinland-Pfalz,49.574677,8.115299,2035,9.748347
DE,67280,Quirnheim,Rheinland-Pfalz,49.574677,8.115299,2035,9.748347
DE,67281,Bissersheim,Rheinland-Pfalz,49.539906,8.190548,2274,9.060607
DE,67281,"Kirchheim an der Weinstraße",Rheinland-Pfalz,49.539906,8.190548,2274,9.060607
DE,67283,"Obrigheim (Pfalz)",Rheinland-Pfalz,49.586726,8.196747,2664,10.782757
DE,67292,Kirchheimbolanden,Rheinland-Pfalz,49.665006,7.976812,7908,27.278236
DE,67294,Bischheim,Rheinland-Pfalz,49.685794,8.046319,5655,48.936476
DE,67294,Gauersheim,Rheinland-Pfalz,49.685794,8.046319,5655,48.936476
DE,67294,Ilbesheim,Rheinland-Pfalz,49.685794,8.046319,5655,48.936476
DE,67294,Mauchenheim,Rheinland-Pfalz,49.685794,8.046319,5655,48.936476
DE,67294,Morschheim,Rheinland-Pfalz,49.685794,8.046319,5655,48.936476
DE,67294,Oberwiesen,Rheinland-Pfalz,49.685794,8.046319,5655,48.936476
DE,67294,Orbis,Rheinland-Pfalz,49.685794,8.046319,5655,48.936476
DE,67294,Rittersheim,Rheinland-Pfalz,49.685794,8.046319,5655,48.936476
DE,67294,Stetten,Rheinland-Pfalz,49.685794,8.046319,5655,48.936476
DE,67295,Bolanden,Rheinland-Pfalz,49.639443,7.990974,2403,17.402192
DE,67297,Marnheim,Rheinland-Pfalz,49.62201,8.043077,1655,9.931287
DE,67304,"Eisenberg (Pfalz)",Rheinland-Pfalz,49.556859,8.038015,11334,36.589724
DE,67304,Kerzenheim,Rheinland-Pfalz,49.556859,8.038015,11334,36.589724
DE,67305,Ramsen,Rheinland-Pfalz,49.520849,7.989633,1832,27.042664
DE,67307,Göllheim,Rheinland-Pfalz,49.58771,8.031534,3751,18.017535
DE,67308,"Albisheim (Pfrimm)",Rheinland-Pfalz,49.630014,8.106423,6516,46.769998
DE,67308,Biedesheim,Rheinland-Pfalz,49.630014,8.106423,6516,46.769998
DE,67308,Bubenheim,Rheinland-Pfalz,49.630014,8.106423,6516,46.769998
DE,67308,Einselthum,Rheinland-Pfalz,49.630014,8.106423,6516,46.769998
DE,67308,Immesheim,Rheinland-Pfalz,49.630014,8.106423,6516,46.769998
DE,67308,Lautersheim,Rheinland-Pfalz,49.630014,8.106423,6516,46.769998
DE,67308,Ottersheim,Rheinland-Pfalz,49.630014,8.106423,6516,46.769998
DE,67308,Rüssingen,Rheinland-Pfalz,49.630014,8.106423,6516,46.769998
DE,67308,Zellertal,Rheinland-Pfalz,49.630014,8.106423,6516,46.769998
DE,67310,Hettenleidelheim,Rheinland-Pfalz,49.535868,8.073219,3041,5.0596
DE,67311,Tiefenthal,Rheinland-Pfalz,49.545926,8.106683,827,4.210627
DE,67316,Altleiningen,Rheinland-Pfalz,49.490208,8.032442,3466,15.713977
DE,67316,Carlsberg,Rheinland-Pfalz,49.490208,8.032442,3466,15.713977
DE,67317,Altleiningen,Rheinland-Pfalz,49.497702,8.075092,1789,9.939301
DE,67319,Wattenheim,Rheinland-Pfalz,49.505103,8.021698,1636,12.456469
DE,67346,Speyer,Rheinland-Pfalz,49.329083,8.434331,49582,41.755464
DE,67354,Römerberg,Rheinland-Pfalz,49.278201,8.409721,9372,27.79951
DE,67360,Lingenfeld,Rheinland-Pfalz,49.244713,8.35792,5551,15.190437
DE,67361,Freisbach,Rheinland-Pfalz,49.273096,8.273816,1093,5.547094
DE,67363,Lustadt,Rheinland-Pfalz,49.234206,8.288526,3279,23.595209
DE,67365,Schwegenheim,Rheinland-Pfalz,49.276503,8.335498,2918,12.051167
DE,67366,"Weingarten (Pfalz)",Rheinland-Pfalz,49.265941,8.295938,1637,6.262561
DE,67368,"Westheim (Pfalz)",Rheinland-Pfalz,49.239337,8.323248,1749,7.121428
DE,67373,Dudenhofen,Rheinland-Pfalz,49.320963,8.380586,5740,12.949161
DE,67374,Hanhofen,Rheinland-Pfalz,49.319145,8.344607,2398,5.787603
DE,67376,Harthausen,Rheinland-Pfalz,49.298221,8.347916,3021,8.381625
DE,67377,Gommersheim,Rheinland-Pfalz,49.295591,8.246407,1467,11.329589
DE,67378,Zeiskam,Rheinland-Pfalz,49.228504,8.251964,2176,8.661047
DE,67433,"Neustadt an der Weinstraße",Rheinland-Pfalz,49.355575,8.152349,22537,17.570729
DE,67434,"Neustadt an der Weinstraße",Rheinland-Pfalz,49.336543,8.091079,14646,45.870321
DE,67435,"Neustadt an der Weinstraße",Rheinland-Pfalz,49.346551,8.197295,15096,58.452735
DE,67454,Haßloch,Rheinland-Pfalz,49.350503,8.266291,19807,39.856862
DE,67459,Böhl-Iggelheim,Rheinland-Pfalz,49.362483,8.321673,10180,32.838774
DE,67466,Esthal,Rheinland-Pfalz,49.369254,8.05453,4134,12.222439
DE,67466,Lambrecht,Rheinland-Pfalz,49.369254,8.05453,4134,12.222439
DE,67468,Frankeneck,Rheinland-Pfalz,49.416322,7.991605,2643,25.186915
DE,67468,Frankenstein,Rheinland-Pfalz,49.416322,7.991605,2643,25.186915
DE,67468,Neidenfels,Rheinland-Pfalz,49.416322,7.991605,2643,25.186915
DE,67471,Elmstein,Rheinland-Pfalz,49.351073,7.912102,2499,76.349226
DE,67472,Esthal,Rheinland-Pfalz,49.369289,7.9988,1301,14.191747
DE,67473,Lindenberg,Rheinland-Pfalz,49.376847,8.091905,973,3.754052
DE,67475,Weidenthal,Rheinland-Pfalz,49.408184,7.986019,1806,14.609819
DE,67480,Edenkoben,Rheinland-Pfalz,49.29193,8.06155,6602,19.139208
DE,67482,Altdorf,Rheinland-Pfalz,49.28473,8.190988,3341,26.580905
DE,67482,Böbingen,Rheinland-Pfalz,49.28473,8.190988,3341,26.580905
DE,67482,Freimersheim,Rheinland-Pfalz,49.28473,8.190988,3341,26.580905
DE,67482,Venningen,Rheinland-Pfalz,49.28473,8.190988,3341,26.580905
DE,67483,Edesheim,Rheinland-Pfalz,49.266915,8.140448,3153,17.928053
DE,67483,Großfischlingen,Rheinland-Pfalz,49.266915,8.140448,3153,17.928053
DE,67483,Kleinfischlingen,Rheinland-Pfalz,49.266915,8.140448,3153,17.928053
DE,67487,Maikammer,Rheinland-Pfalz,49.307003,8.075313,6029,26.022476
DE,67487,"Sankt Martin",Rheinland-Pfalz,49.307003,8.075313,6029,26.022476
DE,67489,Kirrweiler,Rheinland-Pfalz,49.312536,8.109496,2051,13.494616
DE,67547,Worms,Rheinland-Pfalz,49.62848,8.365351,22657,20.651992
DE,67549,Worms,Rheinland-Pfalz,49.637779,8.326842,27306,11.580602
DE,67550,Worms,Rheinland-Pfalz,49.689498,8.33814,11682,41.459874
DE,67551,Worms,Rheinland-Pfalz,49.618454,8.283163,17567,34.939902
DE,67574,Osthofen,Rheinland-Pfalz,49.70393,8.316005,8664,18.611956
DE,67575,Eich,Rheinland-Pfalz,49.749724,8.40319,3346,20.963931
DE,67577,Alsheim,Rheinland-Pfalz,49.76356,8.324319,2621,15.526902
DE,67578,Gimbsheim,Rheinland-Pfalz,49.776439,8.380168,2949,17.612636
DE,67580,"Hamm am Rhein",Rheinland-Pfalz,49.748034,8.449912,2153,7.884574
DE,67582,Mettenheim,Rheinland-Pfalz,49.740524,8.325204,1504,6.404477
DE,67583,Guntersblum,Rheinland-Pfalz,49.800735,8.348258,3745,16.504305
DE,67585,Dorn-Dürkheim,Rheinland-Pfalz,49.764572,8.278235,940,5.602391
DE,67586,Hillesheim,Rheinland-Pfalz,49.779976,8.252357,622,5.680393
DE,67587,Wintersheim,Rheinland-Pfalz,49.779116,8.291248,320,3.811931
DE,67590,Monsheim,Rheinland-Pfalz,49.635008,8.211095,2521,9.611437
DE,67591,Hohen-Sülzen,Rheinland-Pfalz,49.633557,8.217361,4645,22.731246
DE,67591,Mölsheim,Rheinland-Pfalz,49.633557,8.217361,4645,22.731246
DE,67591,Mörstadt,Rheinland-Pfalz,49.633557,8.217361,4645,22.731246
DE,67591,Offstein,Rheinland-Pfalz,49.633557,8.217361,4645,22.731246
DE,67591,Wachenheim,Rheinland-Pfalz,49.633557,8.217361,4645,22.731246
DE,67592,Flörsheim-Dalsheim,Rheinland-Pfalz,49.659554,8.203685,2981,13.443468
DE,67593,Bermersheim,Rheinland-Pfalz,49.700422,8.241854,3490,17.072604
DE,67593,Westhofen,Rheinland-Pfalz,49.700422,8.241854,3490,17.072604
DE,67595,Bechtheim,Rheinland-Pfalz,49.727426,8.292581,1818,13.297611
DE,67596,Dittelsheim-Heßloch,Rheinland-Pfalz,49.747782,8.244431,2433,16.690869
DE,67596,Frettenheim,Rheinland-Pfalz,49.747782,8.244431,2433,16.690869
DE,67598,Gundersheim,Rheinland-Pfalz,49.690718,8.196149,1624,8.464876
DE,67599,Gundheim,Rheinland-Pfalz,49.676496,8.243048,912,4.605088
DE,67655,Kaiserslautern,Rheinland-Pfalz,49.440571,7.766807,21646,2.948954
DE,67657,Kaiserslautern,Rheinland-Pfalz,49.451447,7.813055,19166,23.49222
DE,67659,Kaiserslautern,Rheinland-Pfalz,49.46898,7.744677,21420,26.824805
DE,67661,Kaiserslautern,Rheinland-Pfalz,49.415707,7.723594,10985,52.211032
DE,67663,Kaiserslautern,Rheinland-Pfalz,49.421167,7.795728,23163,37.504553
DE,67677,Enkenbach-Alsenborn,Rheinland-Pfalz,49.491857,7.907919,6849,30.684674
DE,67678,Mehlingen,Rheinland-Pfalz,49.488573,7.847343,3785,17.594714
DE,67680,Neuhemsbach,Rheinland-Pfalz,49.522743,7.914535,841,6.550191
DE,67681,Sembach,Rheinland-Pfalz,49.520333,7.859591,1623,10.185247
DE,67681,Wartenberg-Rohrbach,Rheinland-Pfalz,49.520333,7.859591,1623,10.185247
DE,67685,Erzenhausen,Rheinland-Pfalz,49.486725,7.618675,6870,33.857968
DE,67685,Eulenbis,Rheinland-Pfalz,49.486725,7.618675,6870,33.857968
DE,67685,Schwedelbach,Rheinland-Pfalz,49.486725,7.618675,6870,33.857968
DE,67685,Weilerbach,Rheinland-Pfalz,49.486725,7.618675,6870,33.857968
DE,67686,Mackenbach,Rheinland-Pfalz,49.474662,7.583471,1986,3.529072
DE,67688,Rodenbach,Rheinland-Pfalz,49.466575,7.666925,3133,13.887481
DE,67691,Hochspeyer,Rheinland-Pfalz,49.42492,7.895404,4539,23.364395
DE,67693,Fischbach,Rheinland-Pfalz,49.418646,7.897337,1181,41.292777
DE,67693,Waldleiningen,Rheinland-Pfalz,49.418646,7.897337,1181,41.292777
DE,67697,Otterberg,Rheinland-Pfalz,49.510885,7.787823,5156,32.809234
DE,67699,Heiligenmoschel,Rheinland-Pfalz,49.550029,7.753106,1272,12.402015
DE,67699,Schneckenhausen,Rheinland-Pfalz,49.550029,7.753106,1272,12.402015
DE,67700,Niederkirchen,Rheinland-Pfalz,49.571872,7.693092,1947,22.908766
DE,67701,Schallodenbach,Rheinland-Pfalz,49.547028,7.710942,869,7.360787
DE,67705,Stelzenberg,Rheinland-Pfalz,49.356085,7.772611,4257,52.674542
DE,67705,Trippstadt,Rheinland-Pfalz,49.356085,7.772611,4257,52.674542
DE,67706,Krickenbach,Rheinland-Pfalz,49.366993,7.675684,1196,10.070064
DE,67707,Schopp,Rheinland-Pfalz,49.352806,7.70453,1428,11.521036
DE,67714,Waldfischbach-Burgalben,Rheinland-Pfalz,49.285841,7.663484,4910,17.587564
DE,67715,Geiselberg,Rheinland-Pfalz,49.327847,7.690006,854,6.44005
DE,67716,Heltersberg,Rheinland-Pfalz,49.301983,7.732044,2102,28.914809
DE,67718,Schmalenberg,Rheinland-Pfalz,49.332652,7.740733,777,9.541396
DE,67722,Lohnsfeld,Rheinland-Pfalz,49.564967,7.851776,4760,21.994997
DE,67722,Winnweiler,Rheinland-Pfalz,49.564967,7.851776,4760,21.994997
DE,67724,Gehrweiler,Rheinland-Pfalz,49.568134,7.793778,2033,27.934601
DE,67724,Gonbach,Rheinland-Pfalz,49.568134,7.793778,2033,27.934601
DE,67724,Gundersweiler,Rheinland-Pfalz,49.568134,7.793778,2033,27.934601
DE,67724,Höringen,Rheinland-Pfalz,49.568134,7.793778,2033,27.934601
DE,67725,Breunigweiler,Rheinland-Pfalz,49.581444,7.936992,1390,18.94851
DE,67725,Börrstadt,Rheinland-Pfalz,49.581444,7.936992,1390,18.94851
DE,67727,Lohnsfeld,Rheinland-Pfalz,49.547626,7.849663,935,6.465666
DE,67728,"Münchweiler an der Alsenz",Rheinland-Pfalz,49.54175,7.88145,1204,7.329104
DE,67729,Sippersfeld,Rheinland-Pfalz,49.547476,7.937051,1146,13.190681
DE,67731,Otterbach,Rheinland-Pfalz,49.488092,7.735294,3887,6.200639
DE,67732,Hirschhorn/Pfalz,Rheinland-Pfalz,49.522018,7.68415,786,3.330573
DE,67734,Katzweiler,Rheinland-Pfalz,49.509662,7.675778,2144,16.060347
DE,67734,Sulzbachtal,Rheinland-Pfalz,49.509662,7.675778,2144,16.060347
DE,67735,Mehlbach,Rheinland-Pfalz,49.524283,7.721167,1113,9.018513
DE,67737,Frankelbach,Rheinland-Pfalz,49.537025,7.652579,1400,12.568703
DE,67737,Olsbrücken,Rheinland-Pfalz,49.537025,7.652579,1400,12.568703
DE,67742,Adenbach,Rheinland-Pfalz,49.646386,7.593314,3398,28.351205
DE,67742,Buborn,Rheinland-Pfalz,49.646386,7.593314,3398,28.351205
DE,67742,Deimberg,Rheinland-Pfalz,49.646386,7.593314,3398,28.351205
DE,67742,Ginsweiler,Rheinland-Pfalz,49.646386,7.593314,3398,28.351205
DE,67742,Hausweiler,Rheinland-Pfalz,49.646386,7.593314,3398,28.351205
DE,67742,Heinzenhausen,Rheinland-Pfalz,49.646386,7.593314,3398,28.351205
DE,67742,Herren-Sulzbach,Rheinland-Pfalz,49.646386,7.593314,3398,28.351205
DE,67742,Lauterecken,Rheinland-Pfalz,49.646386,7.593314,3398,28.351205
DE,67744,Cronenberg,Rheinland-Pfalz,49.657066,7.572421,3480,71.81182
DE,67744,Hohenöllen,Rheinland-Pfalz,49.657066,7.572421,3480,71.81182
DE,67744,Homberg,Rheinland-Pfalz,49.657066,7.572421,3480,71.81182
DE,67744,Hoppstädten,Rheinland-Pfalz,49.657066,7.572421,3480,71.81182
DE,67744,Kappeln,Rheinland-Pfalz,49.657066,7.572421,3480,71.81182
DE,67744,Kirrweiler,Rheinland-Pfalz,49.657066,7.572421,3480,71.81182
DE,67744,Lohnweiler,Rheinland-Pfalz,49.657066,7.572421,3480,71.81182
DE,67744,Löllbach,Rheinland-Pfalz,49.657066,7.572421,3480,71.81182
DE,67744,Medard,Rheinland-Pfalz,49.657066,7.572421,3480,71.81182
DE,67744,Rathskirchen,Rheinland-Pfalz,49.657066,7.572421,3480,71.81182
DE,67744,Schweinschied,Rheinland-Pfalz,49.657066,7.572421,3480,71.81182
DE,67744,Seelen,Rheinland-Pfalz,49.657066,7.572421,3480,71.81182
DE,67744,Wiesweiler,Rheinland-Pfalz,49.657066,7.572421,3480,71.81182
DE,67745,Grumbach,Rheinland-Pfalz,49.658279,7.559601,455,3.349862
DE,67746,Langweiler,Rheinland-Pfalz,49.666935,7.497228,518,13.818607
DE,67746,Merzweiler,Rheinland-Pfalz,49.666935,7.497228,518,13.818607
DE,67746,Unterjeckenbach,Rheinland-Pfalz,49.666935,7.497228,518,13.818607
DE,67748,Odenbach,Rheinland-Pfalz,49.680371,7.647266,883,7.92403
DE,67749,Nerzweiler,Rheinland-Pfalz,49.617245,7.55604,1305,9.959338
DE,67749,Offenbach-Hundheim,Rheinland-Pfalz,49.617245,7.55604,1305,9.959338
DE,67752,Oberweiler-Tiefenbach,Rheinland-Pfalz,49.585132,7.613699,2681,21.097547
DE,67752,"Rutsweiler an der Lauter",Rheinland-Pfalz,49.585132,7.613699,2681,21.097547
DE,67752,Wolfstein,Rheinland-Pfalz,49.585132,7.613699,2681,21.097547
DE,67753,Aschbach,Rheinland-Pfalz,49.593444,7.637745,2565,36.507964
DE,67753,Einöllen,Rheinland-Pfalz,49.593444,7.637745,2565,36.507964
DE,67753,Hefersweiler,Rheinland-Pfalz,49.593444,7.637745,2565,36.507964
DE,67753,Reipoltskirchen,Rheinland-Pfalz,49.593444,7.637745,2565,36.507964
DE,67753,Relsberg,Rheinland-Pfalz,49.593444,7.637745,2565,36.507964
DE,67753,Rothselberg,Rheinland-Pfalz,49.593444,7.637745,2565,36.507964
DE,67754,Eßweiler,Rheinland-Pfalz,49.559799,7.557635,418,8.155154
DE,67756,Hinzweiler,Rheinland-Pfalz,49.581337,7.556474,553,10.026412
DE,67756,"Oberweiler im Tal",Rheinland-Pfalz,49.581337,7.556474,553,10.026412
DE,67757,Kreimbach-Kaulbach,Rheinland-Pfalz,49.5523,7.632317,783,9.08519
DE,67759,Nußbach,Rheinland-Pfalz,49.627829,7.707405,735,10.293482
DE,67759,Reichsthal,Rheinland-Pfalz,49.627829,7.707405,735,10.293482
DE,67806,Bisterschied,Rheinland-Pfalz,49.628939,7.802113,6547,63.07222
DE,67806,Dörrmoschel,Rheinland-Pfalz,49.628939,7.802113,6547,63.07222
DE,67806,Katzenbach,Rheinland-Pfalz,49.628939,7.802113,6547,63.07222
DE,67806,Rockenhausen,Rheinland-Pfalz,49.628939,7.802113,6547,63.07222
DE,67806,Teschenmoschel,Rheinland-Pfalz,49.628939,7.802113,6547,63.07222
DE,67808,Bayerfeld-Steckweiler,Rheinland-Pfalz,49.637872,7.864445,4534,59.208389
DE,67808,Bennhausen,Rheinland-Pfalz,49.637872,7.864445,4534,59.208389
DE,67808,Falkenstein,Rheinland-Pfalz,49.637872,7.864445,4534,59.208389
DE,67808,Imsweiler,Rheinland-Pfalz,49.637872,7.864445,4534,59.208389
DE,67808,Mörsfeld,Rheinland-Pfalz,49.637872,7.864445,4534,59.208389
DE,67808,Ransweiler,Rheinland-Pfalz,49.637872,7.864445,4534,59.208389
DE,67808,Ruppertsecken,Rheinland-Pfalz,49.637872,7.864445,4534,59.208389
DE,67808,Schweisweiler,Rheinland-Pfalz,49.637872,7.864445,4534,59.208389
DE,67808,Schönborn,Rheinland-Pfalz,49.637872,7.864445,4534,59.208389
DE,67808,Stahlberg,Rheinland-Pfalz,49.637872,7.864445,4534,59.208389
DE,67808,"Steinbach am Donnersberg",Rheinland-Pfalz,49.637872,7.864445,4534,59.208389
DE,67808,Weitersweiler,Rheinland-Pfalz,49.637872,7.864445,4534,59.208389
DE,67808,Würzweiler,Rheinland-Pfalz,49.637872,7.864445,4534,59.208389
DE,67811,Dielkirchen,Rheinland-Pfalz,49.665448,7.827573,548,8.095737
DE,67813,Gerbach,Rheinland-Pfalz,49.679127,7.875901,853,12.872537
DE,67813,"Sankt Alban",Rheinland-Pfalz,49.679127,7.875901,853,12.872537
DE,67814,Dannenfels,Rheinland-Pfalz,49.625326,7.93354,1141,18.339163
DE,67814,Jakobsweiler,Rheinland-Pfalz,49.625326,7.93354,1141,18.339163
DE,67816,Dreisen,Rheinland-Pfalz,49.597983,7.999266,1197,10.286977
DE,67816,Standenbühl,Rheinland-Pfalz,49.597983,7.999266,1197,10.286977
DE,67817,Imsbach,Rheinland-Pfalz,49.589407,7.890454,865,7.683177
DE,67819,Kriegsfeld,Rheinland-Pfalz,49.699281,7.927641,1053,26.308822
DE,67821,Alsenz,Rheinland-Pfalz,49.725219,7.82004,1930,16.132541
DE,67821,Oberndorf,Rheinland-Pfalz,49.725219,7.82004,1930,16.132541
DE,67822,Bayerfeld-Steckweiler,Rheinland-Pfalz,49.714643,7.830815,3449,63.745437
DE,67822,Finkenbach-Gersweiler,Rheinland-Pfalz,49.714643,7.830815,3449,63.745437
DE,67822,Gaugrehweiler,Rheinland-Pfalz,49.714643,7.830815,3449,63.745437
DE,67822,Kalkofen,Rheinland-Pfalz,49.714643,7.830815,3449,63.745437
DE,67822,Mannweiler-Cölln,Rheinland-Pfalz,49.714643,7.830815,3449,63.745437
DE,67822,Münsterappel,Rheinland-Pfalz,49.714643,7.830815,3449,63.745437
DE,67822,"Niederhausen an der Appel",Rheinland-Pfalz,49.714643,7.830815,3449,63.745437
DE,67822,Niedermoschel,Rheinland-Pfalz,49.714643,7.830815,3449,63.745437
DE,67822,"Oberhausen an der Appel",Rheinland-Pfalz,49.714643,7.830815,3449,63.745437
DE,67822,Waldgrehweiler,Rheinland-Pfalz,49.714643,7.830815,3449,63.745437
DE,67822,Winterborn,Rheinland-Pfalz,49.714643,7.830815,3449,63.745437
DE,67823,Lettweiler,Rheinland-Pfalz,49.720076,7.758575,1881,30.46964
DE,67823,Obermoschel,Rheinland-Pfalz,49.720076,7.758575,1881,30.46964
DE,67823,Schiersfeld,Rheinland-Pfalz,49.720076,7.758575,1881,30.46964
DE,67823,Sitters,Rheinland-Pfalz,49.720076,7.758575,1881,30.46964
DE,67823,Unkenbach,Rheinland-Pfalz,49.720076,7.758575,1881,30.46964
DE,67824,Feilbingert,Rheinland-Pfalz,49.777565,7.789733,1635,10.017502
DE,67826,Hallgarten,Rheinland-Pfalz,49.761801,7.777705,794,3.169516
DE,67827,Becherbach,Rheinland-Pfalz,49.657857,7.679194,939,10.822129
DE,67829,Callbach,Rheinland-Pfalz,49.689667,7.703559,848,15.31771
DE,67829,Reiffelbach,Rheinland-Pfalz,49.689667,7.703559,848,15.31771
DE,67829,Schmittweiler,Rheinland-Pfalz,49.689667,7.703559,848,15.31771
DE,68159,Mannheim,Baden-Württemberg,49.494971,8.45281,15610,3.527286
DE,68161,Mannheim,Baden-Württemberg,49.486413,8.470879,12215,1.39886
DE,68163,Mannheim,Baden-Württemberg,49.469088,8.503247,22041,10.066166
DE,68165,Mannheim,Baden-Württemberg,49.47995,8.489932,18090,3.895045
DE,68167,Mannheim,Baden-Württemberg,49.496223,8.492859,22711,4.387718
DE,68169,Mannheim,Baden-Württemberg,49.516659,8.456422,25697,11.677025
DE,68199,Mannheim,Baden-Württemberg,49.453374,8.479635,25912,10.531719
DE,68219,Mannheim,Baden-Württemberg,49.431347,8.531315,22843,16.054539
DE,68229,Mannheim,Baden-Württemberg,49.436304,8.571279,5285,5.036697
DE,68239,Mannheim,Baden-Württemberg,49.458727,8.555579,15027,8.903331
DE,68259,Mannheim,Baden-Württemberg,49.497719,8.547081,21672,13.69482
DE,68305,Mannheim,Baden-Württemberg,49.534263,8.495186,28397,14.886572
DE,68307,Mannheim,Baden-Württemberg,49.561435,8.456126,24967,28.770413
DE,68309,Mannheim,Baden-Württemberg,49.516779,8.528576,29639,12.131928
DE,68519,Viernheim,Hessen,49.557893,8.564848,32608,49.313193
DE,68526,Ladenburg,Baden-Württemberg,49.477139,8.615377,11317,18.986156
DE,68535,Edingen-Neckarhausen,Baden-Württemberg,49.448542,8.599312,13678,11.498352
DE,68542,Heddesheim,Baden-Württemberg,49.515513,8.61055,11124,13.631696
DE,68549,Ilvesheim,Baden-Württemberg,49.478114,8.567053,8476,5.888073
DE,68623,Lampertheim,Hessen,49.616738,8.468999,31083,72.211138
DE,68642,Bürstadt,Hessen,49.642366,8.471649,15207,34.434859
DE,68647,Biblis,Hessen,49.687899,8.425692,8859,40.434353
DE,68649,Groß-Rohrheim,Hessen,49.714516,8.477938,3717,19.540708
DE,68723,Oftersheim,Baden-Württemberg,49.375534,8.578935,41978,39.784948
DE,68723,Plankstadt,Baden-Württemberg,49.375534,8.578935,41978,39.784948
DE,68723,Schwetzingen,Baden-Württemberg,49.375534,8.578935,41978,39.784948
DE,68753,Waghäusel,Baden-Württemberg,49.230996,8.536353,20043,42.849801
DE,68766,Hockenheim,Baden-Württemberg,49.328078,8.530384,20773,34.998637
DE,68775,Ketsch,Baden-Württemberg,49.369051,8.526151,12604,16.414639
DE,68782,Brühl,Baden-Württemberg,49.396078,8.508449,13776,13.275366
DE,68789,"St. Leon-Rot",Baden-Württemberg,49.264082,8.611476,12633,25.525187
DE,68794,Oberhausen-Rheinhausen,Baden-Württemberg,49.26694,8.493549,9487,18.94122
DE,68799,Reilingen,Baden-Württemberg,49.297689,8.572272,7174,16.342385
DE,68804,Altlußheim,Baden-Württemberg,49.297796,8.502914,5340,16.149085
DE,68809,Neulußheim,Baden-Württemberg,49.29445,8.523395,6540,3.229625
DE,69115,Heidelberg,Baden-Württemberg,49.403806,8.679167,21900,4.100109
DE,69117,Heidelberg,Baden-Württemberg,49.392631,8.72523,11052,14.649721
DE,69118,Heidelberg,Baden-Württemberg,49.42026,8.757944,13468,24.217853
DE,69120,Heidelberg,Baden-Württemberg,49.417234,8.687575,15981,5.227405
DE,69121,Heidelberg,Baden-Württemberg,49.434165,8.696161,16725,15.234193
DE,69123,Heidelberg,Baden-Württemberg,49.418083,8.624504,18287,17.325977
DE,69124,Heidelberg,Baden-Württemberg,49.375095,8.646408,17072,15.999692
DE,69126,Heidelberg,Baden-Württemberg,49.372722,8.698933,32296,12.027771
DE,69151,Neckargemünd,Baden-Württemberg,49.389892,8.826219,12911,26.194251
DE,69168,Wiesloch,Baden-Württemberg,49.299105,8.71482,24728,30.166925
DE,69181,Leimen,Baden-Württemberg,49.341918,8.699081,25275,20.600252
DE,69190,Walldorf,Baden-Württemberg,49.301204,8.632672,14349,19.92201
DE,69198,Schriesheim,Baden-Württemberg,49.477178,8.702949,14674,30.955945
DE,69207,Sandhausen,Baden-Württemberg,49.340279,8.643627,14361,14.549172
DE,69214,Eppelheim,Baden-Württemberg,49.39627,8.626063,14713,5.696712
DE,69221,Dossenheim,Baden-Württemberg,49.451593,8.679406,11824,14.189522
DE,69226,Nußloch,Baden-Württemberg,49.32256,8.702099,10500,13.602462
DE,69231,Rauenberg,Baden-Württemberg,49.263699,8.69163,7985,11.133872
DE,69234,Dielheim,Baden-Württemberg,49.282337,8.764413,8911,22.623812
DE,69239,Michelbuch,Hessen,49.422055,8.847693,3804,22.100738
DE,69239,Neckarsteinach,Hessen,49.422055,8.847693,3804,22.100738
DE,69242,Mühlhausen,Baden-Württemberg,49.247805,8.728671,8218,15.285163
DE,69245,Bammental,Baden-Württemberg,49.357833,8.775576,6462,12.084393
DE,69250,Schönau,Baden-Württemberg,49.443772,8.803038,4470,22.516362
DE,69251,Gaiberg,Baden-Württemberg,49.363639,8.738982,2336,4.137183
DE,69253,Heiligkreuzsteinach,Baden-Württemberg,49.497455,8.790169,2709,19.56053
DE,69254,Malsch,Baden-Württemberg,49.243882,8.672122,3441,6.782784
DE,69256,Mauer,Baden-Württemberg,49.338039,8.79537,3942,6.329728
DE,69257,Wiesenbach,Baden-Württemberg,49.363024,8.825742,2988,11.114754
DE,69259,Wilhelmsfeld,Baden-Württemberg,49.467202,8.7679,3190,5.804903
DE,69412,Eberbach,Baden-Württemberg,49.470525,9.003442,14054,67.707434
DE,69412,Hirschhorn,Hessen,49.470525,9.003442,14054,67.707434
DE,69427,Mudau,Baden-Württemberg,49.535697,9.173837,4919,107.402913
DE,69429,Eberbach,Baden-Württemberg,49.455512,9.078884,4926,44.385027
DE,69429,Waldbrunn,Baden-Württemberg,49.455512,9.078884,4926,44.385027
DE,69434,Eberbach,Baden-Württemberg,49.469549,8.876147,4185,49.440154
DE,69434,Heddesbach,Baden-Württemberg,49.469549,8.876147,4185,49.440154
DE,69434,Hirschhorn,Hessen,49.469549,8.876147,4185,49.440154
DE,69436,Schönbrunn,Baden-Württemberg,49.416354,8.936361,2906,34.437935
DE,69437,Neckargerach,Baden-Württemberg,49.398565,9.069533,2346,15.270111
DE,69439,Zwingenberg,Baden-Württemberg,49.416447,9.035488,713,4.738335
DE,69469,Weinheim,Baden-Württemberg,49.541842,8.674624,42817,56.974595
DE,69483,Wald-Michelbach,Hessen,49.553441,8.846149,10703,74.237762
DE,69488,Birkenau,Hessen,49.565388,8.723632,10137,24.565848
DE,69493,"Hirschberg an der Bergstraße",Baden-Württemberg,49.503818,8.662408,9066,12.986025
DE,69502,Hemsbach,Baden-Württemberg,49.595047,8.646771,12062,12.851953
DE,69509,Mörlenbach,Hessen,49.594269,8.740917,9886,27.212908
DE,69514,Laudenbach,Baden-Württemberg,49.610499,8.644485,6082,9.838986
DE,69517,Gorxheimertal,Hessen,49.532279,8.740647,4096,10.413557
DE,69518,Abtsteinach,Hessen,49.539649,8.787188,2455,11.009805
DE,70173,Stuttgart,Baden-Württemberg,48.781425,9.181845,1161,1.481966
DE,70174,Stuttgart,Baden-Württemberg,48.782891,9.170213,5306,1.262987
DE,70176,Stuttgart,Baden-Württemberg,48.777348,9.161735,15747,0.936469
DE,70178,Stuttgart,Baden-Württemberg,48.769092,9.167691,10938,1.071855
DE,70180,Stuttgart,Baden-Württemberg,48.7627,9.175013,15158,1.363174
DE,70182,Stuttgart,Baden-Württemberg,48.775156,9.185498,8656,0.601529
DE,70184,Stuttgart,Baden-Württemberg,48.764511,9.196316,10090,4.396197
DE,70186,Stuttgart,Baden-Württemberg,48.773566,9.211045,12688,2.90293
DE,70188,Stuttgart,Baden-Württemberg,48.784564,9.213425,15619,2.210536
DE,70190,Stuttgart,Baden-Württemberg,48.791393,9.203194,16710,2.089512
DE,70191,Stuttgart,Baden-Württemberg,48.798883,9.184965,15290,3.687417
DE,70192,Stuttgart,Baden-Württemberg,48.795913,9.163268,7846,3.201417
DE,70193,Stuttgart,Baden-Württemberg,48.781169,9.145896,14508,2.671264
DE,70195,Stuttgart,Baden-Württemberg,48.78703,9.126626,13001,5.729922
DE,70197,Stuttgart,Baden-Württemberg,48.771189,9.112873,15832,10.639596
DE,70199,Stuttgart,Baden-Württemberg,48.757624,9.146271,16111,3.207781
DE,70327,Stuttgart,Baden-Württemberg,48.779287,9.251941,24977,10.164134
DE,70329,Stuttgart,Baden-Württemberg,48.764774,9.260428,17353,11.811005
DE,70372,Stuttgart,Baden-Württemberg,48.798665,9.225356,20044,4.388024
DE,70374,Stuttgart,Baden-Württemberg,48.810751,9.241022,24861,5.32999
DE,70376,Stuttgart,Baden-Württemberg,48.816123,9.203485,25655,7.047178
DE,70378,"Remseck am Neckar",Baden-Württemberg,48.842951,9.223553,22061,9.145341
DE,70378,Stuttgart,Baden-Württemberg,48.842951,9.223553,22061,9.145341
DE,70435,Stuttgart,Baden-Württemberg,48.830842,9.162007,20529,6.574867
DE,70437,Stuttgart,Baden-Württemberg,48.839112,9.193838,21315,5.728769
DE,70439,Stuttgart,Baden-Württemberg,48.848157,9.151592,13787,4.835514
DE,70469,Stuttgart,Baden-Württemberg,48.810991,9.154208,27305,7.781284
DE,70499,Stuttgart,Baden-Württemberg,48.809668,9.105867,31500,15.314092
DE,70563,Stuttgart,Baden-Württemberg,48.730557,9.104371,18109,4.702146
DE,70565,Stuttgart,Baden-Württemberg,48.716379,9.12363,20218,7.700444
DE,70567,Stuttgart,Baden-Württemberg,48.725272,9.155686,19520,8.614531
DE,70569,Stuttgart,Baden-Württemberg,48.745358,9.090039,19537,16.941816
DE,70597,Stuttgart,Baden-Württemberg,48.745175,9.16854,20402,9.058648
DE,70599,Stuttgart,Baden-Württemberg,48.712804,9.203544,19589,16.590878
DE,70619,Stuttgart,Baden-Württemberg,48.744842,9.221215,24360,7.574348
DE,70629,Leinfelden-Echterdingen,Baden-Württemberg,48.689627,9.207485,8,4.368498
DE,70629,Stuttgart,Baden-Württemberg,48.689627,9.207485,8,4.368498
DE,70734,Fellbach,Baden-Württemberg,48.80024,9.284264,17828,11.296062
DE,70736,Fellbach,Baden-Württemberg,48.837014,9.266879,25793,16.36447
DE,70771,Leinfelden-Echterdingen,Baden-Württemberg,48.68583,9.14501,36404,28.268395
DE,70794,Filderstadt,Baden-Württemberg,48.658088,9.216436,43869,36.25196
DE,70806,Kornwestheim,Baden-Württemberg,48.86649,9.186548,31023,14.544601
DE,70825,Korntal-Münchingen,Baden-Württemberg,48.848034,9.102319,18552,20.692706
DE,70839,Gerlingen,Baden-Württemberg,48.788644,9.062819,18642,16.919308
DE,71032,Böblingen,Baden-Württemberg,48.68446,9.050441,19890,22.592499
DE,71034,Böblingen,Baden-Württemberg,48.678649,8.977672,25011,16.374173
DE,71063,Sindelfingen,Baden-Württemberg,48.706556,8.992396,12307,6.886397
DE,71065,Sindelfingen,Baden-Württemberg,48.710861,9.050391,15504,17.895094
DE,71067,Sindelfingen,Baden-Württemberg,48.728498,9.021117,16217,7.64562
DE,71069,Sindelfingen,Baden-Württemberg,48.709534,8.956588,16506,18.376575
DE,71083,Herrenberg,Baden-Württemberg,48.597483,8.869847,29947,65.622516
DE,71088,Holzgerlingen,Baden-Württemberg,48.640373,9.017402,12160,12.65659
DE,71093,"Weil im Schönbuch",Baden-Württemberg,48.617708,9.060642,9698,25.81976
DE,71101,Schönaich,Baden-Württemberg,48.657865,9.066749,9604,14.176194
DE,71106,Magstadt,Baden-Württemberg,48.745128,8.979654,8921,19.03904
DE,71111,Waldenbuch,Baden-Württemberg,48.630098,9.130719,8408,22.960434
DE,71111,"Weil im Schönbuch",Baden-Württemberg,48.630098,9.130719,8408,22.960434
DE,71116,Gärtringen,Baden-Württemberg,48.640003,8.89794,11525,20.12212
DE,71120,Grafenau,Baden-Württemberg,48.712987,8.904039,6398,13.052745
DE,71126,Gäufelden,Baden-Württemberg,48.554646,8.842286,9102,20.082923
DE,71131,Jettingen,Baden-Württemberg,48.576125,8.781147,7462,21.111528
DE,71134,Aidlingen,Baden-Württemberg,48.678748,8.878892,8731,26.545525
DE,71139,Ehningen,Baden-Württemberg,48.656178,8.945951,7820,17.784662
DE,71144,Steinenbronn,Baden-Württemberg,48.662695,9.119808,6044,9.711117
DE,71149,Bondorf,Baden-Württemberg,48.522276,8.825939,5716,17.493826
DE,71154,Nufringen,Baden-Württemberg,48.621403,8.896884,5390,10.027807
DE,71155,Altdorf,Baden-Württemberg,48.60837,9.002568,4543,18.12501
DE,71157,Hildrizhausen,Baden-Württemberg,48.617905,8.962315,3528,12.204907
DE,71159,Mötzingen,Baden-Württemberg,48.536724,8.781178,3607,8.128008
DE,71229,Leonberg,Baden-Württemberg,48.790497,9.006999,44608,48.763293
DE,71254,Ditzingen,Baden-Württemberg,48.838591,9.023483,23987,30.361162
DE,71263,"Weil der Stadt",Baden-Württemberg,48.759977,8.864073,18327,43.167705
DE,71272,Renningen,Baden-Württemberg,48.772234,8.924513,16749,31.101002
DE,71277,Rutesheim,Baden-Württemberg,48.810949,8.936006,9766,15.199871
DE,71282,Hemmingen,Baden-Württemberg,48.867133,9.023727,7293,12.321814
DE,71287,Weissach,Baden-Württemberg,48.842371,8.921756,7372,22.203549
DE,71292,Friolzheim,Baden-Württemberg,48.835123,8.825156,3674,8.523939
DE,71296,Heimsheim,Baden-Württemberg,48.813956,8.867494,4935,15.314053
DE,71297,Mönsheim,Baden-Württemberg,48.858426,8.8682,2644,16.783452
DE,71299,Wimsheim,Baden-Württemberg,48.853051,8.815326,2629,8.353326
DE,71332,Waiblingen,Baden-Württemberg,48.826418,9.308416,17608,7.952525
DE,71334,Waiblingen,Baden-Württemberg,48.838519,9.327424,19152,12.914917
DE,71336,Waiblingen,Baden-Württemberg,48.875729,9.324542,14773,17.553961
DE,71364,Affalterbach,Baden-Württemberg,48.871672,9.417205,27002,28.208312
DE,71364,Winnenden,Baden-Württemberg,48.871672,9.417205,27002,28.208312
DE,71384,Weinstadt,Baden-Württemberg,48.798153,9.389608,26010,31.701736
DE,71394,"Kernen im Remstal",Baden-Württemberg,48.791603,9.32946,14753,15.033691
DE,71397,Leutenbach,Baden-Württemberg,48.899585,9.386465,10705,14.554774
DE,71404,Korb,Baden-Württemberg,48.842962,9.376434,9858,12.016994
DE,71404,Waiblingen,Baden-Württemberg,48.842962,9.376434,9858,12.016994
DE,71409,Schwaikheim,Baden-Württemberg,48.874896,9.352625,9290,9.176973
DE,71522,Aspach,Baden-Württemberg,48.94543,9.438677,34263,39.575105
DE,71522,Backnang,Baden-Württemberg,48.94543,9.438677,34263,39.575105
DE,71540,Murrhardt,Baden-Württemberg,48.975357,9.608169,13614,70.810067
DE,71543,Beilstein,Baden-Württemberg,49.090609,9.463978,6635,32.67402
DE,71543,Wüstenrot,Baden-Württemberg,49.090609,9.463978,6635,32.67402
DE,71546,Aspach,Baden-Württemberg,48.990169,9.390359,8013,35.119929
DE,71549,Auenwald,Baden-Württemberg,48.94573,9.519536,6871,19.703384
DE,71554,"Weissach im Tal",Baden-Württemberg,48.921663,9.496127,7009,14.119076
DE,71560,Großerlach,Baden-Württemberg,49.011889,9.511055,5188,40.346826
DE,71560,"Sulzbach an der Murr",Baden-Württemberg,49.011889,9.511055,5188,40.346826
DE,71563,Affalterbach,Baden-Württemberg,48.919128,9.338044,4483,10.13761
DE,71566,Althütte,Baden-Württemberg,48.928979,9.564557,4131,18.155822
DE,71570,Oppenweiler,Baden-Württemberg,48.993737,9.45902,4068,19.716735
DE,71573,"Allmersbach im Tal",Baden-Württemberg,48.904731,9.469761,4595,8.020951
DE,71576,Burgstetten,Baden-Württemberg,48.92651,9.384553,3419,10.261639
DE,71577,Großerlach,Baden-Württemberg,49.045407,9.550801,2401,27.156025
DE,71579,Spiegelberg,Baden-Württemberg,49.045091,9.446883,2087,28.200042
DE,71634,Ludwigsburg,Baden-Württemberg,48.910704,9.172113,18035,7.015286
DE,71636,Ludwigsburg,Baden-Württemberg,48.888394,9.166799,14870,6.117413
DE,71638,Ludwigsburg,Baden-Württemberg,48.88777,9.207985,19498,5.008443
DE,71640,Ludwigsburg,Baden-Württemberg,48.896156,9.225699,16001,4.788889
DE,71642,Ludwigsburg,Baden-Württemberg,48.911643,9.247633,17680,20.392033
DE,71665,"Vaihingen an der Enz",Baden-Württemberg,48.94737,8.965599,27890,73.306063
DE,71672,"Marbach am Neckar",Baden-Württemberg,48.947961,9.303138,15253,19.995143
DE,71679,Asperg,Baden-Württemberg,48.906063,9.142776,12786,5.80456
DE,71686,"Remseck am Neckar",Baden-Württemberg,48.877466,9.266282,23086,22.778602
DE,71691,"Freiberg am Neckar",Baden-Württemberg,48.933437,9.189396,15552,13.18198
DE,71696,Möglingen,Baden-Württemberg,48.879063,9.133346,10550,9.940716
DE,71701,Schwieberdingen,Baden-Württemberg,48.876902,9.077223,11001,14.629906
DE,71706,Markgröningen,Baden-Württemberg,48.910377,9.068736,14392,28.33922
DE,71706,Schwieberdingen,Baden-Württemberg,48.910377,9.068736,14392,28.33922
DE,71711,Murr,Baden-Württemberg,48.975011,9.278098,18109,31.349393
DE,71711,"Steinheim an der Murr",Baden-Württemberg,48.975011,9.278098,18109,31.349393
DE,71717,Beilstein,Baden-Württemberg,49.056673,9.344295,6006,21.951516
DE,71720,Oberstenfeld,Baden-Württemberg,49.032832,9.357922,7847,25.57887
DE,71723,Großbottwar,Baden-Württemberg,49.009152,9.285369,8058,25.665754
DE,71726,"Benningen am Neckar",Baden-Württemberg,48.941363,9.236896,5869,4.861954
DE,71729,Erdmannhausen,Baden-Württemberg,48.937244,9.296148,4749,7.836954
DE,71732,Tamm,Baden-Württemberg,48.924152,9.124464,12037,8.516571
DE,71735,Eberdingen,Baden-Württemberg,48.883506,8.961838,6537,26.203439
DE,71737,"Kirchberg an der Murr",Baden-Württemberg,48.94755,9.347018,3586,13.082641
DE,71739,Oberriexingen,Baden-Württemberg,48.936396,9.02248,3219,8.174969
DE,72070,Tübingen,Baden-Württemberg,48.521983,9.006071,22230,24.32888
DE,72072,Tübingen,Baden-Württemberg,48.49144,9.043649,24633,34.561648
DE,72074,Tübingen,Baden-Württemberg,48.56037,9.082755,17761,35.330712
DE,72076,Tübingen,Baden-Württemberg,48.545503,9.044172,17919,13.688706
DE,72108,"Rottenburg am Neckar",Baden-Württemberg,48.473744,8.907479,40898,142.196258
DE,72116,Mössingen,Baden-Württemberg,48.395484,9.073963,19392,50.001604
DE,72119,Ammerbuch,Baden-Württemberg,48.556806,8.956878,11114,48.033126
DE,72124,Pliezhausen,Baden-Württemberg,48.565662,9.173852,9298,18.14613
DE,72127,Kusterdingen,Baden-Württemberg,48.500039,9.110724,8086,22.653224
DE,72131,Ofterdingen,Baden-Württemberg,48.422484,9.019426,4462,15.093942
DE,72135,Dettenhausen,Baden-Württemberg,48.598118,9.104113,5396,11.011783
DE,72138,Kirchentellinsfurt,Baden-Württemberg,48.542558,9.146089,5511,10.950304
DE,72141,Walddorfhäslach,Baden-Württemberg,48.590676,9.165714,4778,14.467618
DE,72144,Dußlingen,Baden-Württemberg,48.454151,9.047937,5573,13.081771
DE,72145,Hirrlingen,Baden-Württemberg,48.409772,8.900113,2978,12.789527
DE,72147,Nehren,Baden-Württemberg,48.432116,9.074364,4130,8.546948
DE,72149,Neustetten,Baden-Württemberg,48.483386,8.865418,3395,15.850716
DE,72160,"Horb am Neckar",Baden-Württemberg,48.443597,8.660836,24829,119.613781
DE,72172,"Sulz am Neckar",Baden-Württemberg,48.365233,8.63917,11853,87.63078
DE,72175,Dornhan,Baden-Württemberg,48.357171,8.530049,6141,44.919089
DE,72178,Waldachtal,Baden-Württemberg,48.487972,8.582167,5769,29.861351
DE,72181,Starzach,Baden-Württemberg,48.430693,8.815729,4326,27.806367
DE,72184,"Eutingen im Gäu",Baden-Württemberg,48.473163,8.761785,5506,32.759539
DE,72186,Empfingen,Baden-Württemberg,48.397681,8.723131,3884,18.296222
DE,72189,Vöhringen,Baden-Württemberg,48.323605,8.663156,4214,24.680915
DE,72202,Nagold,Baden-Württemberg,48.540482,8.721091,21116,63.089265
DE,72213,Altensteig,Baden-Württemberg,48.596178,8.601782,10273,53.350861
DE,72213,Egenhausen,Baden-Württemberg,48.596178,8.601782,10273,53.350861
DE,72218,Wildberg,Baden-Württemberg,48.634856,8.745403,9782,56.675482
DE,72221,Haiterbach,Baden-Württemberg,48.530082,8.645438,5632,28.886009
DE,72224,Ebhausen,Baden-Württemberg,48.604983,8.676301,4714,24.525293
DE,72226,Simmersfeld,Baden-Württemberg,48.624637,8.513007,2086,44.112496
DE,72227,Egenhausen,Baden-Württemberg,48.564559,8.618183,1956,9.81346
DE,72229,Rohrdorf,Baden-Württemberg,48.568199,8.686237,1899,3.913362
DE,72250,Freudenstadt,Baden-Württemberg,48.479791,8.414533,22197,87.454328
DE,72270,Baiersbronn,Baden-Württemberg,48.541723,8.325298,14608,189.55121
DE,72275,Alpirsbach,Baden-Württemberg,48.358937,8.405724,6467,64.448871
DE,72280,Dornstetten,Baden-Württemberg,48.479693,8.502955,7916,24.179008
DE,72285,Pfalzgrafenweiler,Baden-Württemberg,48.528241,8.545041,7083,44.667112
DE,72290,Loßburg,Baden-Württemberg,48.399252,8.448397,7486,79.219248
DE,72293,Glatten,Baden-Württemberg,48.436217,8.515041,2412,15.489137
DE,72294,Grömbach,Baden-Württemberg,48.566474,8.529684,655,12.213381
DE,72296,Schopfloch,Baden-Württemberg,48.434015,8.551285,2632,17.032217
DE,72297,Seewald,Baden-Württemberg,48.586003,8.455717,2225,58.398014
DE,72299,Wörnersberg,Baden-Württemberg,48.560894,8.562961,236,3.425748
DE,72336,Balingen,Baden-Württemberg,48.265934,8.862407,33366,90.282712
DE,72348,Rosenfeld,Baden-Württemberg,48.284407,8.716786,6406,51.156576
DE,72351,Geislingen,Baden-Württemberg,48.29718,8.781336,5973,31.827571
DE,72355,Schömberg,Baden-Württemberg,48.198713,8.7556,4644,23.21419
DE,72356,Dautmergen,Baden-Württemberg,48.241875,8.747961,406,4.529076
DE,72358,Dormettingen,Baden-Württemberg,48.243393,8.774237,1046,6.539948
DE,72359,Dotternhausen,Baden-Württemberg,48.223579,8.797333,1817,10.003096
DE,72361,"Hausen am Tann",Baden-Württemberg,48.203753,8.835883,468,8.484168
DE,72362,Nusplingen,Baden-Württemberg,48.125231,8.906501,1840,20.728833
DE,72364,Obernheim,Baden-Württemberg,48.163442,8.853476,1452,14.981665
DE,72365,Ratshausen,Baden-Württemberg,48.1912,8.808031,763,5.761256
DE,72367,"Weilen unter den Rinnen",Baden-Württemberg,48.188365,8.77425,607,3.066168
DE,72369,"Zimmern unter der Burg",Baden-Württemberg,48.220864,8.721673,474,5.04327
DE,72379,Hechingen,Baden-Württemberg,48.352409,8.976506,18587,66.472245
DE,72393,Burladingen,Baden-Württemberg,48.314338,9.118491,12291,123.219161
DE,72401,Haigerloch,Baden-Württemberg,48.364275,8.798758,10592,76.342803
DE,72406,Bisingen,Baden-Württemberg,48.309749,8.931242,9126,32.712714
DE,72411,Bodelshausen,Baden-Württemberg,48.398449,8.970644,5590,13.849907
DE,72414,Rangendingen,Baden-Württemberg,48.386949,8.876069,5145,21.582302
DE,72415,Grosselfingen,Baden-Württemberg,48.34029,8.879277,2142,16.131533
DE,72417,Jungingen,Baden-Württemberg,48.327105,9.040485,1416,9.312856
DE,72419,Neufra,Baden-Württemberg,48.241946,9.160869,1887,28.368844
DE,72458,Albstadt,Baden-Württemberg,48.198642,9.027108,18191,36.61459
DE,72459,Albstadt,Baden-Württemberg,48.230404,8.94952,6923,43.562584
DE,72461,Albstadt,Baden-Württemberg,48.264707,9.018489,19301,54.193431
DE,72469,Meßstetten,Baden-Württemberg,48.170057,8.931895,10089,76.757421
DE,72474,Winterlingen,Baden-Württemberg,48.188985,9.138816,6481,50.588995
DE,72475,Bitz,Baden-Württemberg,48.238889,9.092759,3673,8.825732
DE,72477,Schwenningen,Baden-Württemberg,48.111125,8.989121,1620,19.327849
DE,72479,Straßberg,Baden-Württemberg,48.178459,9.080702,2574,24.872759
DE,72488,Sigmaringen,Baden-Württemberg,48.093147,9.189169,15189,92.750104
DE,72501,Gammertingen,Baden-Württemberg,48.252303,9.261247,6318,52.937908
DE,72505,Krauchenwies,Baden-Württemberg,48.006076,9.232992,5017,45.063851
DE,72510,"Stetten am kalten Markt",Baden-Württemberg,48.129448,9.072713,4930,56.400787
DE,72511,Bingen,Baden-Württemberg,48.120004,9.273527,2773,36.937208
DE,72513,Hettingen,Baden-Württemberg,48.200562,9.264844,1833,46.032476
DE,72514,Inzigkofen,Baden-Württemberg,48.054314,9.151151,2805,28.730166
DE,72516,Scheer,Baden-Württemberg,48.083674,9.316978,2514,18.738544
DE,72517,Sigmaringendorf,Baden-Württemberg,48.07201,9.262748,3626,12.023358
DE,72519,Veringenstadt,Baden-Württemberg,48.177717,9.211847,2255,31.23426
DE,72525,"Gutsbezirk Münsingen",Baden-Württemberg,48.404421,9.524163,14026,181.461015
DE,72525,Münsingen,Baden-Württemberg,48.404421,9.524163,14026,181.461015
DE,72531,Hohenstein,Baden-Württemberg,48.340298,9.360011,3719,61.64259
DE,72532,Gomadingen,Baden-Württemberg,48.387496,9.40047,2258,45.785681
DE,72534,Hayingen,Baden-Württemberg,48.29515,9.471408,2124,63.297018
DE,72535,Heroldstatt,Baden-Württemberg,48.442781,9.660936,2716,22.562166
DE,72537,Mehrstetten,Baden-Württemberg,48.374841,9.562186,1334,17.087039
DE,72539,Pfronstetten,Baden-Württemberg,48.268419,9.383926,1533,54.072867
DE,72555,Metzingen,Baden-Württemberg,48.528284,9.28943,20815,34.543507
DE,72574,"Bad Urach",Baden-Württemberg,48.482642,9.423629,11758,55.379607
DE,72581,"Dettingen an der Erms",Baden-Württemberg,48.526598,9.353908,9135,15.772523
DE,72582,Grabenstetten,Baden-Württemberg,48.525556,9.454593,1550,14.492504
DE,72584,Hülben,Baden-Württemberg,48.521776,9.405744,2805,6.379329
DE,72585,Riederich,Baden-Württemberg,48.558925,9.264352,4185,4.633777
DE,72587,Römerstein,Baden-Württemberg,48.50023,9.537336,3958,46.020445
DE,72589,Westerheim,Baden-Württemberg,48.515259,9.615817,2888,22.890187
DE,72622,Nürtingen,Baden-Württemberg,48.619589,9.340541,39264,46.764567
DE,72631,Aichtal,Baden-Württemberg,48.625213,9.218633,9547,23.599721
DE,72636,Frickenhausen,Baden-Württemberg,48.585995,9.360669,8580,11.358773
DE,72639,Neuffen,Baden-Württemberg,48.553169,9.368951,6086,17.543128
DE,72644,Oberboihingen,Baden-Württemberg,48.64516,9.377167,5326,6.347483
DE,72649,Wolfschlugen,Baden-Württemberg,48.655022,9.288995,6180,7.125406
DE,72654,Neckartenzlingen,Baden-Württemberg,48.584048,9.237674,6206,8.965956
DE,72655,Altdorf,Baden-Württemberg,48.592712,9.276113,1477,3.282013
DE,72657,Altenriet,Baden-Württemberg,48.591901,9.211343,1904,3.350513
DE,72658,Bempflingen,Baden-Württemberg,48.57563,9.277563,3388,6.296137
DE,72660,Beuren,Baden-Württemberg,48.575593,9.404987,3348,11.685788
DE,72661,Grafenberg,Baden-Württemberg,48.569046,9.306065,2621,3.495948
DE,72663,Großbettlingen,Baden-Württemberg,48.588255,9.305629,4189,4.231553
DE,72664,Kohlberg,Baden-Württemberg,48.561257,9.332645,2283,4.274326
DE,72666,Neckartailfingen,Baden-Württemberg,48.611101,9.266896,3734,8.22341
DE,72667,Schlaitdorf,Baden-Württemberg,48.607497,9.21656,1800,7.301728
DE,72669,Unterensingen,Baden-Württemberg,48.661499,9.339857,4534,7.536866
DE,72760,Reutlingen,Baden-Württemberg,48.511963,9.203919,19455,5.656244
DE,72762,Reutlingen,Baden-Württemberg,48.479976,9.192237,23067,9.098312
DE,72764,Reutlingen,Baden-Württemberg,48.488089,9.217288,14588,2.750043
DE,72766,Reutlingen,Baden-Württemberg,48.529417,9.234462,17479,18.964843
DE,72768,Kirchentellinsfurt,Baden-Württemberg,48.536654,9.195235,14100,14.336414
DE,72768,Reutlingen,Baden-Württemberg,48.536654,9.195235,14100,14.336414
DE,72770,Kusterdingen,Baden-Württemberg,48.460205,9.155215,20856,36.947468
DE,72770,Reutlingen,Baden-Württemberg,48.460205,9.155215,20856,36.947468
DE,72793,Pfullingen,Baden-Württemberg,48.452301,9.220928,17665,30.106119
DE,72800,"Eningen unter Achalm",Baden-Württemberg,48.484025,9.274613,10549,21.234764
DE,72805,Lichtenstein,Baden-Württemberg,48.423109,9.268957,8890,34.192972
DE,72810,Gomaringen,Baden-Württemberg,48.457052,9.101634,8590,17.270013
DE,72813,"St. Johann",Baden-Württemberg,48.452753,9.353232,5149,60.72669
DE,72818,Trochtelfingen,Baden-Württemberg,48.305707,9.26342,6355,79.137773
DE,72820,Sonnenbühl,Baden-Württemberg,48.382413,9.192312,7021,61.21465
DE,72827,Wannweil,Baden-Württemberg,48.513487,9.152155,5092,5.322493
DE,72829,Engstingen,Baden-Württemberg,48.385532,9.297842,5228,31.524793
DE,73033,Göppingen,Baden-Württemberg,48.708125,9.655218,20272,4.874724
DE,73035,Göppingen,Baden-Württemberg,48.698602,9.634164,19594,28.528163
DE,73037,Eislingen/Fils,Baden-Württemberg,48.720431,9.702609,15185,27.107424
DE,73037,Eschenbach,Baden-Württemberg,48.720431,9.702609,15185,27.107424
DE,73037,Göppingen,Baden-Württemberg,48.720431,9.702609,15185,27.107424
DE,73054,Eislingen/Fils,Baden-Württemberg,48.702652,9.715995,19700,16.440625
DE,73061,"Ebersbach an der Fils",Baden-Württemberg,48.712425,9.51996,14886,26.304924
DE,73066,Uhingen,Baden-Württemberg,48.721659,9.566,13765,24.660231
DE,73072,Donzdorf,Baden-Württemberg,48.692745,9.813785,10832,40.346132
DE,73072,"Schwäbisch Gmünd",Baden-Württemberg,48.692745,9.813785,10832,40.346132
DE,73079,Süßen,Baden-Württemberg,48.672778,9.748115,9584,12.838647
DE,73084,Salach,Baden-Württemberg,48.697044,9.753035,7677,8.141737
DE,73087,"Bad Boll",Baden-Württemberg,48.637049,9.606909,5028,10.945565
DE,73092,Heiningen,Baden-Württemberg,48.66063,9.656361,5103,12.446427
DE,73095,Albershausen,Baden-Württemberg,48.689089,9.558708,4254,6.480295
DE,73098,Rechberghausen,Baden-Württemberg,48.734792,9.643164,5248,6.395472
DE,73099,Adelberg,Baden-Württemberg,48.761752,9.59623,1972,9.467825
DE,73101,Aichelberg,Baden-Württemberg,48.63189,9.564614,1252,4.033688
DE,73102,Birenbach,Baden-Württemberg,48.75185,9.662003,1905,2.572696
DE,73104,Börtlingen,Baden-Württemberg,48.759542,9.635477,1741,8.25082
DE,73105,Dürnau,Baden-Württemberg,48.639988,9.634634,2097,5.365711
DE,73107,Eschenbach,Baden-Württemberg,48.65244,9.675666,2141,3.642122
DE,73107,Heiningen,Baden-Württemberg,48.65244,9.675666,2141,3.642122
DE,73108,Gammelshausen,Baden-Württemberg,48.639586,9.651623,1444,3.279349
DE,73110,Hattenhofen,Baden-Württemberg,48.666484,9.567934,2919,7.630777
DE,73111,Lauterstein,Baden-Württemberg,48.720132,9.891132,2620,22.438416
DE,73113,Ottenbach,Baden-Württemberg,48.733779,9.753715,2357,11.26083
DE,73114,Schlat,Baden-Württemberg,48.652359,9.705953,1733,9.668645
DE,73116,Göppingen,Baden-Württemberg,48.761273,9.688691,3927,12.710306
DE,73116,Wäschenbeuren,Baden-Württemberg,48.761273,9.688691,3927,12.710306
DE,73117,Wangen,Baden-Württemberg,48.734059,9.603318,3132,9.673782
DE,73119,"Zell unter Aichelberg",Baden-Württemberg,48.648,9.575075,3021,6.38333
DE,73207,Plochingen,Baden-Württemberg,48.718674,9.420947,13508,10.689149
DE,73230,"Kirchheim unter Teck",Baden-Württemberg,48.642722,9.456512,38734,40.401866
DE,73235,"Weilheim an der Teck",Baden-Württemberg,48.609121,9.547542,9572,26.510693
DE,73240,"Wendlingen am Neckar",Baden-Württemberg,48.669839,9.390536,15649,12.105252
DE,73249,"Wernau (Neckar)",Baden-Württemberg,48.689334,9.421471,11803,10.871903
DE,73252,Lenningen,Baden-Württemberg,48.545936,9.501559,7959,35.086605
DE,73257,Köngen,Baden-Württemberg,48.68709,9.357112,9424,12.53892
DE,73262,"Reichenbach an der Fils",Baden-Württemberg,48.716064,9.467234,7876,7.437929
DE,73265,"Dettingen unter Teck",Baden-Württemberg,48.611696,9.443695,5705,15.138076
DE,73266,"Bissingen an der Teck",Baden-Württemberg,48.580392,9.503634,3445,23.404227
DE,73268,Erkenbrechtsweiler,Baden-Württemberg,48.551042,9.427821,2130,6.888903
DE,73269,Hochdorf,Baden-Württemberg,48.694522,9.467868,4612,7.735466
DE,73271,Holzmaden,Baden-Württemberg,48.637358,9.527539,2085,3.103627
DE,73272,Neidlingen,Baden-Württemberg,48.575469,9.564903,1801,12.638251
DE,73274,Notzingen,Baden-Württemberg,48.674611,9.464344,3606,7.695491
DE,73275,Ohmden,Baden-Württemberg,48.649822,9.530802,1707,5.552498
DE,73277,Owen,Baden-Württemberg,48.586649,9.443311,3426,9.703456
DE,73278,Schlierbach,Baden-Württemberg,48.674002,9.522509,3772,10.944301
DE,73312,"Geislingen an der Steige",Baden-Württemberg,48.611305,9.836343,26089,75.80805
DE,73326,Deggingen,Baden-Württemberg,48.607612,9.720819,5283,22.70278
DE,73329,Kuchen,Baden-Württemberg,48.6378,9.793738,5545,8.951066
DE,73333,"Gingen an der Fils",Baden-Württemberg,48.657465,9.775608,4380,9.987655
DE,73337,"Bad Überkingen",Baden-Württemberg,48.616928,9.767597,3824,24.036273
DE,73340,Amstetten,Baden-Württemberg,48.587879,9.899523,3891,49.892978
DE,73342,"Bad Ditzenbach",Baden-Württemberg,48.587072,9.690905,3545,25.410152
DE,73344,Gruibingen,Baden-Württemberg,48.602387,9.630197,2065,22.926239
DE,73345,Drackenstein,Baden-Württemberg,48.542393,9.672394,1153,17.326987
DE,73345,Hohenstadt,Baden-Württemberg,48.542393,9.672394,1153,17.326987
DE,73347,"Mühlhausen im Täle",Baden-Württemberg,48.574753,9.653722,984,6.402518
DE,73349,"Mühlhausen im Täle",Baden-Württemberg,48.558733,9.607824,2070,23.364373
DE,73349,Wiesensteig,Baden-Württemberg,48.558733,9.607824,2070,23.364373
DE,73430,Aalen,Baden-Württemberg,48.842878,10.081843,11700,5.529647
DE,73431,Aalen,Baden-Württemberg,48.824942,10.090771,14512,15.224625
DE,73432,Aalen,Baden-Württemberg,48.816095,10.176111,10698,70.506371
DE,73433,Aalen,Baden-Württemberg,48.868866,10.108667,13654,24.289696
DE,73434,Aalen,Baden-Württemberg,48.860521,10.028687,15794,31.001926
DE,73441,Bopfingen,Baden-Württemberg,48.859443,10.343637,11951,76.870112
DE,73441,"Kirchheim am Ries",Baden-Württemberg,48.859443,10.343637,11951,76.870112
DE,73441,Neresheim,Baden-Württemberg,48.859443,10.343637,11951,76.870112
DE,73447,Oberkochen,Baden-Württemberg,48.780946,10.100478,7735,23.52641
DE,73450,Neresheim,Baden-Württemberg,48.781371,10.328691,7908,120.162938
DE,73453,Abtsgmünd,Baden-Württemberg,48.912269,9.961802,7337,71.747591
DE,73453,Obergröningen,Baden-Württemberg,48.912269,9.961802,7337,71.747591
DE,73457,Essingen,Baden-Württemberg,48.793389,10.021591,6347,55.553899
DE,73460,Hüttlingen,Baden-Württemberg,48.90036,10.092446,5872,18.086101
DE,73463,Westhausen,Baden-Württemberg,48.889837,10.20861,5845,38.442583
DE,73466,Lauchheim,Baden-Württemberg,48.868854,10.25892,4700,40.804511
DE,73467,"Kirchheim am Ries",Baden-Württemberg,48.881017,10.403683,1890,21.042524
DE,73469,Riesbürg,Baden-Württemberg,48.8416,10.428658,2202,17.960888
DE,73479,"Ellwangen (Jagst)",Baden-Württemberg,48.963988,10.181218,23714,127.359876
DE,73485,Unterschneidheim,Baden-Württemberg,48.935275,10.368218,4517,68.002768
DE,73486,Adelmannsfelden,Baden-Württemberg,48.960263,9.968342,1797,22.882715
DE,73488,Ellenberg,Baden-Württemberg,49.014264,10.219318,1663,30.168484
DE,73489,Jagstzell,Baden-Württemberg,49.029001,10.120325,2352,37.937415
DE,73491,Neuler,Baden-Württemberg,48.935191,10.052856,3116,36.559377
DE,73492,Rainau,Baden-Württemberg,48.92068,10.150864,3356,25.410195
DE,73494,Rosenberg,Baden-Württemberg,49.010263,10.030041,2673,40.996327
DE,73495,Stödtlen,Baden-Württemberg,48.999511,10.316322,1931,31.170294
DE,73497,Tannhausen,Baden-Württemberg,48.976244,10.360529,1852,17.740983
DE,73499,Wört,Baden-Württemberg,49.030504,10.268859,1359,18.117269
DE,73525,"Schwäbisch Gmünd",Baden-Württemberg,48.795578,9.799303,20533,6.799521
DE,73527,"Schwäbisch Gmünd",Baden-Württemberg,48.825515,9.810336,19935,49.415161
DE,73527,Täferrot,Baden-Württemberg,48.825515,9.810336,19935,49.415161
DE,73529,"Schwäbisch Gmünd",Baden-Württemberg,48.76784,9.836154,18759,69.871634
DE,73540,Heubach,Baden-Württemberg,48.787003,9.944805,9679,25.740352
DE,73547,Lorch,Baden-Württemberg,48.7973,9.677861,10627,34.429896
DE,73550,Waldstetten,Baden-Württemberg,48.748931,9.825369,7083,20.365255
DE,73553,Alfdorf,Baden-Württemberg,48.859897,9.704427,7214,68.487535
DE,73553,Kaisersbach,Baden-Württemberg,48.859897,9.704427,7214,68.487535
DE,73557,Mutlangen,Baden-Württemberg,48.833316,9.786967,6484,8.802364
DE,73560,"Böbingen an der Rems",Baden-Württemberg,48.817482,9.920364,4575,12.221671
DE,73563,Mögglingen,Baden-Württemberg,48.827322,9.965419,4183,11.571521
DE,73565,Durlangen,Baden-Württemberg,48.884329,9.763944,3297,11.555823
DE,73565,Spraitbach,Baden-Württemberg,48.884329,9.763944,3297,11.555823
DE,73566,Bartholomä,Baden-Württemberg,48.745766,9.980948,2109,28.914607
DE,73566,"Steinheim am Albuch",Baden-Württemberg,48.745766,9.980948,2109,28.914607
DE,73568,Durlangen,Baden-Württemberg,48.857383,9.790134,2891,10.660759
DE,73569,Eschach,Baden-Württemberg,48.897989,9.868756,2228,26.158728
DE,73569,Obergröningen,Baden-Württemberg,48.897989,9.868756,2228,26.158728
DE,73571,Göggingen,Baden-Württemberg,48.859276,9.894667,2448,11.346453
DE,73572,Heuchlingen,Baden-Württemberg,48.848948,9.951294,1862,9.035561
DE,73574,Iggingen,Baden-Württemberg,48.835396,9.883687,2536,11.409785
DE,73575,Leinzell,Baden-Württemberg,48.850336,9.871047,2062,2.125622
DE,73577,Ruppertshofen,Baden-Württemberg,48.89041,9.805728,1848,14.907107
DE,73579,Schechingen,Baden-Württemberg,48.873986,9.927267,2363,11.83412
DE,73614,Schorndorf,Baden-Württemberg,48.79904,9.529733,38340,56.868151
DE,73630,Remshalden,Baden-Württemberg,48.816444,9.434916,13385,15.121387
DE,73635,Rudersberg,Baden-Württemberg,48.879761,9.539447,11151,41.202144
DE,73635,Welzheim,Baden-Württemberg,48.879761,9.539447,11151,41.202144
DE,73642,Welzheim,Baden-Württemberg,48.878631,9.624016,11011,38.306296
DE,73650,Winterbach,Baden-Württemberg,48.791775,9.471037,7650,17.110216
DE,73655,Alfdorf,Baden-Württemberg,48.806823,9.610652,9314,29.373516
DE,73655,Plüderhausen,Baden-Württemberg,48.806823,9.610652,9314,29.373516
DE,73655,Urbach,Baden-Württemberg,48.806823,9.610652,9314,29.373516
DE,73660,Urbach,Baden-Württemberg,48.823761,9.577081,8631,16.415865
DE,73663,Berglen,Baden-Württemberg,48.854271,9.469021,5921,26.487681
DE,73666,Baltmannsweiler,Baden-Württemberg,48.750289,9.444169,5603,18.498838
DE,73667,Kaisersbach,Baden-Württemberg,48.920761,9.642376,2435,27.005203
DE,73669,Lichtenwald,Baden-Württemberg,48.746257,9.48318,2423,10.807679
DE,73728,"Esslingen am Neckar",Baden-Württemberg,48.740731,9.308293,16412,3.23373
DE,73730,"Esslingen am Neckar",Baden-Württemberg,48.73487,9.359686,18366,16.859112
DE,73732,"Esslingen am Neckar",Baden-Württemberg,48.757064,9.325262,18269,9.835822
DE,73733,"Esslingen am Neckar",Baden-Württemberg,48.75262,9.283112,15204,8.538414
DE,73734,"Esslingen am Neckar",Baden-Württemberg,48.72325,9.310751,18538,7.908771
DE,73760,Ostfildern,Baden-Württemberg,48.717864,9.261391,35951,22.785982
DE,73765,"Neuhausen auf den Fildern",Baden-Württemberg,48.681179,9.276938,11177,12.42863
DE,73770,Denkendorf,Baden-Württemberg,48.693766,9.320988,10329,13.043922
DE,73773,Aichwald,Baden-Württemberg,48.762893,9.387554,7451,14.641494
DE,73776,Altbach,Baden-Württemberg,48.726023,9.380269,5774,3.336122
DE,73779,Deizisau,Baden-Württemberg,48.709775,9.385483,6437,5.178904
DE,74072,Heilbronn,Baden-Württemberg,49.139523,9.216144,16080,2.700164
DE,74074,Heilbronn,Baden-Württemberg,49.125797,9.250066,21676,15.734678
DE,74076,Erlenbach,Baden-Württemberg,49.158439,9.228553,16447,13.239551
DE,74076,Heilbronn,Baden-Württemberg,49.158439,9.228553,16447,13.239551
DE,74078,Heilbronn,Baden-Württemberg,49.180002,9.14269,23299,42.205111
DE,74080,Heilbronn,Baden-Württemberg,49.136058,9.175257,20871,11.32531
DE,74081,Heilbronn,Baden-Württemberg,49.11286,9.184333,17665,15.028303
DE,74172,Neckarsulm,Baden-Württemberg,49.198648,9.235247,25559,24.950507
DE,74177,"Bad Friedrichshall",Baden-Württemberg,49.240037,9.217921,18091,24.687621
DE,74182,Obersulm,Baden-Württemberg,49.131958,9.387528,13377,31.133743
DE,74189,Weinsberg,Baden-Württemberg,49.153966,9.302449,11163,22.622174
DE,74193,Schwaigern,Baden-Württemberg,49.138525,9.029998,10820,49.462325
DE,74196,"Neuenstadt am Kocher",Baden-Württemberg,49.239822,9.323633,9584,41.120691
DE,74199,Untergruppenbach,Baden-Württemberg,49.094196,9.30707,7896,27.229477
DE,74206,"Bad Wimpfen",Baden-Württemberg,49.226576,9.148278,6766,19.361051
DE,74211,Leingarten,Baden-Württemberg,49.145847,9.112234,10845,23.453918
DE,74214,Schöntal,Baden-Württemberg,49.348873,9.531275,5629,81.615466
DE,74219,Möckmühl,Baden-Württemberg,49.32485,9.355232,7783,49.507647
DE,74223,Flein,Baden-Württemberg,49.099632,9.226263,6454,8.488016
DE,74226,Nordheim,Baden-Württemberg,49.111819,9.112122,7567,12.704515
DE,74229,Oedheim,Baden-Württemberg,49.237548,9.266543,5910,21.230089
DE,74232,Abstatt,Baden-Württemberg,49.072895,9.304486,4421,8.850245
DE,74235,Erlenbach,Baden-Württemberg,49.179507,9.267767,4905,12.243527
DE,74238,Krautheim,Baden-Württemberg,49.387935,9.635802,4618,52.839078
DE,74239,"Hardthausen am Kocher",Baden-Württemberg,49.265452,9.391435,3955,35.520108
DE,74243,Langenbrettach,Baden-Württemberg,49.214419,9.396638,3660,23.978817
DE,74245,Löwenstein,Baden-Württemberg,49.097172,9.389996,3120,21.917939
DE,74246,Eberstadt,Baden-Württemberg,49.182951,9.325736,3125,12.505905
DE,74248,Ellhofen,Baden-Württemberg,49.144631,9.320843,3360,5.450065
DE,74249,Jagsthausen,Baden-Württemberg,49.309324,9.465956,1627,18.033415
DE,74251,Lehrensteinsfeld,Baden-Württemberg,49.123138,9.324728,2212,6.212927
DE,74252,Massenbachhausen,Baden-Württemberg,49.181208,9.033728,3389,8.788495
DE,74254,Offenau,Baden-Württemberg,49.246994,9.170436,2657,5.656487
DE,74255,Roigheim,Baden-Württemberg,49.364522,9.337026,1372,13.993486
DE,74257,Untereisesheim,Baden-Württemberg,49.210182,9.194531,4071,3.671287
DE,74259,Widdern,Baden-Württemberg,49.328828,9.425127,1821,25.339893
DE,74321,Bietigheim-Bissingen,Baden-Württemberg,48.955197,9.118699,41471,31.501472
DE,74321,Tamm,Baden-Württemberg,48.955197,9.118699,41471,31.501472
DE,74336,Brackenheim,Baden-Württemberg,49.08368,9.065198,14968,45.66725
DE,74343,Sachsenheim,Baden-Württemberg,49.000136,9.003567,17208,57.879694
DE,74348,"Lauffen am Neckar",Baden-Württemberg,49.075366,9.154461,10846,21.089108
DE,74354,Besigheim,Baden-Württemberg,49.002678,9.172786,11750,17.024001
DE,74354,Mundelsheim,Baden-Württemberg,49.002678,9.172786,11750,17.024001
DE,74357,Bönnigheim,Baden-Württemberg,49.033729,9.087607,7130,20.119018
DE,74360,Ilsfeld,Baden-Württemberg,49.057753,9.254414,8668,26.457392
DE,74363,Güglingen,Baden-Württemberg,49.065323,9.001819,6042,16.242695
DE,74366,"Kirchheim am Neckar",Baden-Württemberg,49.045758,9.141647,5191,8.565666
DE,74369,Löchgau,Baden-Württemberg,48.996091,9.097945,5486,10.92968
DE,74372,Sersheim,Baden-Württemberg,48.96295,9.01505,5295,11.457899
DE,74374,Zaberfeld,Baden-Württemberg,49.062196,8.908329,3902,22.13273
DE,74376,Gemmrigheim,Baden-Württemberg,49.025544,9.167862,3904,8.128702
DE,74379,Ingersheim,Baden-Württemberg,48.967832,9.183767,6039,11.549863
DE,74382,Neckarwestheim,Baden-Württemberg,49.040954,9.208162,3435,14.018367
DE,74385,Pleidelsheim,Baden-Württemberg,48.958918,9.211315,6227,8.858168
DE,74388,Talheim,Baden-Württemberg,49.085103,9.201299,4830,11.599393
DE,74389,Cleebronn,Baden-Württemberg,49.041864,9.027944,2670,17.070186
DE,74391,Erligheim,Baden-Württemberg,49.017829,9.088618,2674,6.202817
DE,74392,Freudental,Baden-Württemberg,49.009012,9.052262,2362,3.096023
DE,74394,Hessigheim,Baden-Württemberg,48.998959,9.184672,2296,5.03356
DE,74395,Mundelsheim,Baden-Württemberg,49.002541,9.222108,3201,9.799227
DE,74397,Pfaffenhofen,Baden-Württemberg,49.056921,8.958645,2309,12.073326
DE,74399,Walheim,Baden-Württemberg,49.014254,9.138122,3027,6.111659
DE,74405,Gaildorf,Baden-Württemberg,49.002766,9.775166,12026,62.503191
DE,74417,Gschwend,Baden-Württemberg,48.933457,9.754476,4931,54.350037
DE,74420,Oberrot,Baden-Württemberg,49.021609,9.654252,3656,37.91735
DE,74423,Obersontheim,Baden-Württemberg,49.047549,9.859679,4701,54.817032
DE,74424,Bühlertann,Baden-Württemberg,49.032611,9.930136,3037,23.555414
DE,74426,Bühlerzell,Baden-Württemberg,48.995449,9.930343,2109,49.299439
DE,74427,Fichtenberg,Baden-Württemberg,48.985428,9.712005,2853,24.189168
DE,74429,Sulzbach-Laufen,Baden-Württemberg,48.957659,9.8554,2552,43.937916
DE,74523,"Michelbach an der Bilz",Baden-Württemberg,49.111508,9.760701,36710,108.648892
DE,74523,"Schwäbisch Hall",Baden-Württemberg,49.111508,9.760701,36710,108.648892
DE,74532,Ilshofen,Baden-Württemberg,49.174066,9.89831,6259,54.854716
DE,74535,Mainhardt,Baden-Württemberg,49.087067,9.570162,5750,57.966265
DE,74538,Rosengarten,Baden-Württemberg,49.060555,9.707338,5091,30.724751
DE,74541,Vellberg,Baden-Württemberg,49.106994,9.90515,4129,31.83889
DE,74542,Braunsbach,Baden-Württemberg,49.209328,9.789882,2377,49.91346
DE,74544,"Michelbach an der Bilz",Baden-Württemberg,49.068335,9.767453,3380,17.144378
DE,74545,Michelfeld,Baden-Württemberg,49.115103,9.64668,3683,35.178502
DE,74547,Untermünkheim,Baden-Württemberg,49.167809,9.730831,2981,27.157351
DE,74549,Wolpertshausen,Baden-Württemberg,49.164679,9.852582,2044,27.367796
DE,74564,Crailsheim,Baden-Württemberg,49.131145,10.055376,32295,109.011958
DE,74564,Satteldorf,Baden-Württemberg,49.131145,10.055376,32295,109.011958
DE,74572,Blaufelden,Baden-Württemberg,49.303422,9.966248,5161,90.011556
DE,74575,Schrozberg,Baden-Württemberg,49.350785,10.001689,5819,105.265339
DE,74579,Fichtenau,Baden-Württemberg,49.072222,10.207026,4513,31.232687
DE,74582,Gerabronn,Baden-Württemberg,49.245486,9.916821,4239,40.281321
DE,74585,Gerabronn,Baden-Württemberg,49.265709,10.06048,5282,74.921964
DE,74585,"Rot am See",Baden-Württemberg,49.265709,10.06048,5282,74.921964
DE,74586,Frankenhardt,Baden-Württemberg,49.077342,9.995717,4764,69.782351
DE,74589,Satteldorf,Baden-Württemberg,49.183517,10.092554,5216,46.159752
DE,74592,"Kirchberg an der Jagst",Baden-Württemberg,49.203027,9.97714,4104,40.927253
DE,74594,Kreßberg,Baden-Württemberg,49.135894,10.191198,3757,48.394499
DE,74595,Langenburg,Baden-Württemberg,49.25714,9.855834,1745,31.370715
DE,74597,Stimpfach,Baden-Württemberg,49.068738,10.122853,2924,33.384999
DE,74599,Wallhausen,Baden-Württemberg,49.224791,10.085945,3566,25.442925
DE,74613,Öhringen,Baden-Württemberg,49.210498,9.501601,22513,67.767412
DE,74626,Bretzfeld,Baden-Württemberg,49.156765,9.438535,12032,64.627558
DE,74629,Pfedelbach,Baden-Württemberg,49.153441,9.534061,8969,41.234225
DE,74632,Forchtenberg,Baden-Württemberg,49.219109,9.595917,6236,48.99138
DE,74632,Neuenstein,Baden-Württemberg,49.219109,9.595917,6236,48.99138
DE,74635,Kupferzell,Baden-Württemberg,49.219267,9.696677,5764,54.153688
DE,74638,Waldenburg,Baden-Württemberg,49.169697,9.640234,2893,31.532915
DE,74639,Zweiflingen,Baden-Württemberg,49.254185,9.508442,1640,32.241184
DE,74653,Ingelfingen,Baden-Württemberg,49.294027,9.711107,20220,121.610979
DE,74653,Künzelsau,Baden-Württemberg,49.294027,9.711107,20220,121.610979
DE,74670,Forchtenberg,Baden-Württemberg,49.2843,9.533875,4858,36.188136
DE,74673,Mulfingen,Baden-Württemberg,49.345944,9.801564,3739,79.854813
DE,74676,Niedernhall,Baden-Württemberg,49.278372,9.613294,3883,17.672508
DE,74677,Dörzbach,Baden-Württemberg,49.374006,9.717267,2419,32.304415
DE,74679,Weißbach,Baden-Württemberg,49.312743,9.600811,2084,12.755933
DE,74706,Osterburken,Baden-Württemberg,49.445868,9.411203,6378,47.318043
DE,74722,"Buchen (Odenwald)",Baden-Württemberg,49.515031,9.321906,17773,138.791392
DE,74731,Walldürn,Baden-Württemberg,49.586712,9.364115,11320,106.517171
DE,74736,Hardheim,Baden-Württemberg,49.595261,9.479658,6910,87.002504
DE,74740,Adelsheim,Baden-Württemberg,49.390309,9.395263,4931,43.799412
DE,74743,Seckach,Baden-Württemberg,49.437605,9.324235,4200,27.81941
DE,74744,Ahorn,Baden-Württemberg,49.492087,9.546078,2221,53.882924
DE,74746,Höpfingen,Baden-Württemberg,49.582968,9.427193,3091,30.493385
DE,74747,Ravenstein,Baden-Württemberg,49.410088,9.531063,2917,55.973521
DE,74749,Rosenberg,Baden-Württemberg,49.468101,9.474034,2090,40.883933
DE,74821,Mosbach,Baden-Württemberg,49.381302,9.134006,23133,62.165909
DE,74831,Gundelsheim,Baden-Württemberg,49.292298,9.190223,7155,38.448449
DE,74834,Elztal,Baden-Württemberg,49.400623,9.207256,5927,46.54621
DE,74838,Limbach,Baden-Württemberg,49.468954,9.19608,4486,43.578629
DE,74842,Billigheim,Baden-Württemberg,49.344624,9.247889,5746,48.813357
DE,74847,Obrigheim,Baden-Württemberg,49.345692,9.05978,5173,24.228493
DE,74850,Schefflenz,Baden-Württemberg,49.403618,9.288285,4028,36.961309
DE,74855,Haßmersheim,Baden-Württemberg,49.30213,9.119484,4860,19.160351
DE,74858,Aglasterhausen,Baden-Württemberg,49.362547,8.992664,4836,22.789052
DE,74861,Neudenau,Baden-Württemberg,49.296986,9.284018,5075,32.935445
DE,74862,Binau,Baden-Württemberg,49.374494,9.077611,1365,4.846464
DE,74864,Fahrenbach,Baden-Württemberg,49.438695,9.161278,2799,16.381638
DE,74865,Neckarzimmern,Baden-Württemberg,49.325074,9.152318,1541,8.135814
DE,74867,Neunkirchen,Baden-Württemberg,49.397417,9.019401,1823,15.947897
DE,74869,Schwarzach,Baden-Württemberg,49.384599,8.98058,2948,8.314308
DE,74889,Sinsheim,Baden-Württemberg,49.238103,8.879703,34612,126.933769
DE,74906,"Bad Rappenau",Baden-Württemberg,49.239291,9.064547,20039,73.478032
DE,74909,Meckesheim,Baden-Württemberg,49.328661,8.822507,5069,16.29405
DE,74912,Kirchardt,Baden-Württemberg,49.200287,8.989519,5416,21.462908
DE,74915,Waibstadt,Baden-Württemberg,49.294444,8.905168,5662,25.565508
DE,74918,Angelbachtal,Baden-Württemberg,49.22508,8.773125,4854,17.902414
DE,74921,Helmstadt-Bargen,Baden-Württemberg,49.318911,8.995997,3772,27.914545
DE,74924,Neckarbischofsheim,Baden-Württemberg,49.286254,8.984989,3870,26.380972
DE,74925,Epfenbach,Baden-Württemberg,49.343278,8.920032,2506,12.954579
DE,74927,Eschelbronn,Baden-Württemberg,49.318906,8.862473,2559,8.225439
DE,74928,Hüffenhardt,Baden-Württemberg,49.300696,9.076846,2034,17.602794
DE,74930,Ittlingen,Baden-Württemberg,49.19529,8.927797,2373,14.112574
DE,74931,Lobbach,Baden-Württemberg,49.374573,8.884029,2347,14.91735
DE,74933,Neidenstein,Baden-Württemberg,49.318969,8.897896,1828,6.457519
DE,74934,Reichartshausen,Baden-Württemberg,49.36345,8.941669,2027,9.997658
DE,74936,Siegelsbach,Baden-Württemberg,49.269691,9.087952,1627,7.703074
DE,74937,Spechbach,Baden-Württemberg,49.350958,8.887194,1769,8.486922
DE,74939,Zuzenhausen,Baden-Württemberg,49.298628,8.82167,2176,11.630205
DE,75015,Bretten,Baden-Württemberg,49.043891,8.7029,27528,71.018108
DE,75031,Eppingen,Baden-Württemberg,49.13752,8.90713,20765,88.561239
DE,75038,Oberderdingen,Baden-Württemberg,49.068369,8.792089,10338,33.559744
DE,75045,Walzbachtal,Baden-Württemberg,49.020923,8.601658,9177,36.783598
DE,75050,Gemmingen,Baden-Württemberg,49.153478,8.978692,4942,19.055147
DE,75053,Gondelsheim,Baden-Württemberg,49.056525,8.644393,3365,14.855186
DE,75056,Sulzfeld,Baden-Württemberg,49.106291,8.862214,4596,18.702424
DE,75057,Kürnbach,Baden-Württemberg,49.077322,8.846255,2246,12.652489
DE,75059,Zaisenhausen,Baden-Württemberg,49.107787,8.81136,1661,10.072109
DE,75172,Pforzheim,Baden-Württemberg,48.890787,8.684275,13892,1.678471
DE,75173,Pforzheim,Baden-Württemberg,48.880805,8.678334,12624,3.795196
DE,75175,Pforzheim,Baden-Württemberg,48.884485,8.72358,18837,8.852514
DE,75177,Pforzheim,Baden-Württemberg,48.912027,8.70779,17249,13.276185
DE,75179,Pforzheim,Baden-Württemberg,48.899476,8.654501,13091,10.418452
DE,75180,Pforzheim,Baden-Württemberg,48.8566,8.663042,13266,13.863388
DE,75181,Pforzheim,Baden-Württemberg,48.865764,8.741746,25574,47.152986
DE,75196,Remchingen,Baden-Württemberg,48.941984,8.572345,11602,24.032761
DE,75203,Königsbach-Stein,Baden-Württemberg,48.972253,8.634819,9742,33.698627
DE,75210,Keltern,Baden-Württemberg,48.896926,8.576422,9087,29.844303
DE,75217,Birkenfeld,Baden-Württemberg,48.870645,8.608212,10194,19.01008
DE,75223,Niefern-Öschelbronn,Baden-Württemberg,48.907692,8.798907,11767,21.9626
DE,75228,Ispringen,Baden-Württemberg,48.92364,8.673264,5901,7.86044
DE,75233,Tiefenbronn,Baden-Württemberg,48.815848,8.810576,5077,14.772716
DE,75236,Kämpfelbach,Baden-Württemberg,48.933944,8.627682,6352,13.577034
DE,75239,Eisingen,Baden-Württemberg,48.944459,8.676315,4518,8.022442
DE,75242,Neuhausen,Baden-Württemberg,48.807949,8.765473,5225,29.68218
DE,75245,Neulingen,Baden-Württemberg,48.968351,8.711156,6560,22.401411
DE,75248,Ölbronn-Dürrn,Baden-Württemberg,48.969074,8.754798,3392,15.609451
DE,75249,Kieselbronn,Baden-Württemberg,48.934853,8.752291,2977,8.627949
DE,75305,Neuenbürg,Baden-Württemberg,48.82601,8.572702,7417,28.211865
DE,75323,"Bad Wildbad",Baden-Württemberg,48.724743,8.528007,9668,105.12323
DE,75328,Schömberg,Baden-Württemberg,48.794528,8.6471,7832,37.172496
DE,75331,Engelsbrand,Baden-Württemberg,48.829336,8.65534,4242,15.165644
DE,75334,Straubenhardt,Baden-Württemberg,48.844582,8.523797,10655,33.047251
DE,75335,Dobel,Baden-Württemberg,48.790183,8.493753,2143,18.345134
DE,75337,Enzklösterle,Baden-Württemberg,48.653329,8.45478,1203,20.224159
DE,75339,"Höfen an der Enz",Baden-Württemberg,48.801035,8.577507,1619,9.081549
DE,75365,Calw,Baden-Württemberg,48.709759,8.735801,22073,59.760081
DE,75378,"Bad Liebenzell",Baden-Württemberg,48.772931,8.734489,8693,33.757208
DE,75382,Althengstett,Baden-Württemberg,48.73017,8.785518,7781,19.128438
DE,75385,"Bad Teinach-Zavelstein",Baden-Württemberg,48.697207,8.666187,2987,25.726232
DE,75385,Neubulach,Baden-Württemberg,48.697207,8.666187,2987,25.726232
DE,75387,Neubulach,Baden-Württemberg,48.661039,8.674301,5526,24.446338
DE,75389,Neuweiler,Baden-Württemberg,48.671431,8.596585,3123,50.941009
DE,75391,Gechingen,Baden-Württemberg,48.693063,8.826859,3627,14.634322
DE,75392,Deckenpfronn,Baden-Württemberg,48.649468,8.823072,3209,11.426343
DE,75394,Oberreichenbach,Baden-Württemberg,48.739302,8.632495,2772,35.946099
DE,75395,Ostelsheim,Baden-Württemberg,48.722511,8.846079,2428,9.166175
DE,75397,Simmozheim,Baden-Württemberg,48.749578,8.801876,2909,9.498716
DE,75399,Neuhausen,Baden-Württemberg,48.814747,8.693309,2273,6.365145
DE,75399,Schömberg,Baden-Württemberg,48.814747,8.693309,2273,6.365145
DE,75399,Unterreichenbach,Baden-Württemberg,48.814747,8.693309,2273,6.365145
DE,75417,Mühlacker,Baden-Württemberg,48.943604,8.857434,24700,54.239459
DE,75428,Illingen,Baden-Württemberg,48.977476,8.908357,7230,29.369041
DE,75433,Maulbronn,Baden-Württemberg,48.999067,8.818245,6381,25.421743
DE,75438,Knittlingen,Baden-Württemberg,49.023149,8.777192,7709,26.324016
DE,75443,Ötisheim,Baden-Württemberg,48.963279,8.800012,4728,14.238514
DE,75446,Wiernsheim,Baden-Württemberg,48.888672,8.873404,6316,24.59272
DE,75447,Sternenfels,Baden-Württemberg,49.034681,8.862594,2763,17.289128
DE,75449,Wurmberg,Baden-Württemberg,48.874339,8.812206,2972,7.068619
DE,76131,Karlsruhe,Baden-Württemberg,49.039456,8.422185,27382,22.226178
DE,76133,Karlsruhe,Baden-Württemberg,49.012133,8.389653,22021,3.128429
DE,76135,Karlsruhe,Baden-Württemberg,48.99156,8.377899,19896,5.171333
DE,76137,Karlsruhe,Baden-Württemberg,48.999482,8.414401,31758,5.033987
DE,76139,Karlsruhe,Baden-Württemberg,49.030652,8.451397,19678,9.057031
DE,76149,Karlsruhe,Baden-Württemberg,49.049889,8.382385,23940,14.846564
DE,76185,Karlsruhe,Baden-Württemberg,49.010926,8.358435,29857,6.368065
DE,76187,Karlsruhe,Baden-Württemberg,49.042051,8.335435,18005,22.162537
DE,76189,Karlsruhe,Baden-Württemberg,48.999471,8.324836,25461,18.355282
DE,76199,Karlsruhe,Baden-Württemberg,48.97722,8.40989,16611,12.24135
DE,76227,Karlsruhe,Baden-Württemberg,48.991748,8.475064,29194,18.493114
DE,76228,Karlsruhe,Baden-Württemberg,48.959766,8.480025,15932,21.121245
DE,76229,Karlsruhe,Baden-Württemberg,49.026398,8.495448,9607,15.033624
DE,76275,Ettlingen,Baden-Württemberg,48.927269,8.406125,38652,56.607961
DE,76287,Rheinstetten,Baden-Württemberg,48.964973,8.315699,19850,32.291286
DE,76297,Stutensee,Baden-Württemberg,49.091415,8.476201,23070,45.69149
DE,76307,Karlsbad,Baden-Württemberg,48.905038,8.503412,15639,37.870738
DE,76316,Malsch,Baden-Württemberg,48.884135,8.347204,14214,50.535567
DE,76327,Pfinztal,Baden-Württemberg,48.991774,8.542114,17633,31.076078
DE,76332,"Bad Herrenalb",Baden-Württemberg,48.796584,8.441816,7158,33.028164
DE,76337,Waldbronn,Baden-Württemberg,48.92387,8.46999,11786,11.341531
DE,76344,Eggenstein-Leopoldshafen,Baden-Württemberg,49.090836,8.385942,15602,26.150415
DE,76351,Linkenheim-Hochstetten,Baden-Württemberg,49.127839,8.407639,11558,23.583887
DE,76356,Weingarten,Baden-Württemberg,49.055299,8.536171,9881,29.370054
DE,76359,Marxzell,Baden-Württemberg,48.852696,8.448435,4999,35.000923
DE,76437,Rastatt,Baden-Württemberg,48.863171,8.18564,46713,59.656954
DE,76448,Durmersheim,Baden-Württemberg,48.932319,8.288936,11898,25.922361
DE,76456,Kuppenheim,Baden-Württemberg,48.818908,8.266965,7719,18.078029
DE,76461,Muggensturm,Baden-Württemberg,48.866316,8.281332,6169,10.889256
DE,76467,Bietigheim,Baden-Württemberg,48.903878,8.262578,6081,13.852758
DE,76470,Ötigheim,Baden-Württemberg,48.886506,8.239224,4471,10.94162
DE,76473,Iffezheim,Baden-Württemberg,48.822406,8.14375,4737,19.920011
DE,76474,"Au am Rhein",Baden-Württemberg,48.955645,8.233475,3308,13.355311
DE,76476,Bischweier,Baden-Württemberg,48.839247,8.281471,3000,4.5263
DE,76477,Elchesheim-Illingen,Baden-Württemberg,48.931787,8.206411,3233,10.144017
DE,76479,Steinmauern,Baden-Württemberg,48.909052,8.196329,2922,12.366374
DE,76530,Baden-Baden,Baden-Württemberg,48.764681,8.241322,15956,25.992995
DE,76532,Baden-Baden,Baden-Württemberg,48.800508,8.201608,21942,37.429325
DE,76534,Baden-Baden,Baden-Württemberg,48.717777,8.243825,14465,76.941754
DE,76547,Sinzheim,Baden-Württemberg,48.760843,8.143801,10787,27.66373
DE,76549,Hügelsheim,Baden-Württemberg,48.795025,8.115938,4905,14.606955
DE,76571,Gaggenau,Baden-Württemberg,48.817552,8.344751,28672,65.644739
DE,76571,Malsch,Baden-Württemberg,48.817552,8.344751,28672,65.644739
DE,76593,Gernsbach,Baden-Württemberg,48.733957,8.394798,13755,82.028083
DE,76596,Forbach,Baden-Württemberg,48.649355,8.330395,5017,131.627803
DE,76597,Loffenau,Baden-Württemberg,48.775797,8.403922,2529,16.995958
DE,76599,Weisenbach,Baden-Württemberg,48.719023,8.356129,2541,9.074347
DE,76646,Bruchsal,Baden-Württemberg,49.11233,8.593249,42131,92.862885
DE,76661,Philippsburg,Baden-Württemberg,49.221383,8.444748,12216,50.535789
DE,76669,"Bad Schönborn",Baden-Württemberg,49.2134,8.642571,12168,24.0704
DE,76676,Graben-Neudorf,Baden-Württemberg,49.15501,8.479381,11556,28.704927
DE,76684,Östringen,Baden-Württemberg,49.189854,8.752235,12518,53.241661
DE,76689,Bruchsal,Baden-Württemberg,49.140958,8.536498,9906,14.008629
DE,76689,Karlsdorf-Neuthard,Baden-Württemberg,49.140958,8.536498,9906,14.008629
DE,76694,Forst,Baden-Württemberg,49.160679,8.587022,7717,11.485763
DE,76698,Ubstadt-Weiher,Baden-Württemberg,49.177505,8.643102,12777,36.492651
DE,76703,Kraichtal,Baden-Württemberg,49.133444,8.733151,14424,80.548595
DE,76706,Dettenheim,Baden-Württemberg,49.172073,8.421005,6453,30.88349
DE,76707,Hambrücken,Baden-Württemberg,49.193655,8.551282,5491,10.977709
DE,76709,Kronau,Baden-Württemberg,49.226339,8.613514,5529,10.898609
DE,76726,Germersheim,Rheinland-Pfalz,49.213745,8.3717,19792,21.612319
DE,76744,Vollmersweiler,Rheinland-Pfalz,49.034623,8.186502,17507,133.406442
DE,76744,"Wörth am Rhein",Rheinland-Pfalz,49.034623,8.186502,17507,133.406442
DE,76751,Jockgrim,Rheinland-Pfalz,49.086516,8.282833,6937,12.613546
DE,76756,Bellheim,Rheinland-Pfalz,49.193627,8.29532,8389,20.237037
DE,76761,Rülzheim,Rheinland-Pfalz,49.152497,8.281561,7788,16.634776
DE,76764,Rheinzabern,Rheinland-Pfalz,49.111416,8.292035,4835,12.797602
DE,76767,Hagenbach,Rheinland-Pfalz,49.013463,8.252737,5295,15.816682
DE,76768,"Berg (Pfalz)",Rheinland-Pfalz,48.982341,8.204589,2043,6.732977
DE,76770,Hatzenbühl,Rheinland-Pfalz,49.115723,8.239912,2884,7.714345
DE,76771,Hördt,Rheinland-Pfalz,49.166146,8.339919,2435,18.749517
DE,76773,Kuhardt,Rheinland-Pfalz,49.143163,8.318226,1925,4.886695
DE,76774,Leimersheim,Rheinland-Pfalz,49.126524,8.342243,2629,12.866218
DE,76776,"Neuburg am Rhein",Rheinland-Pfalz,48.985899,8.246817,2570,8.540477
DE,76777,Neupotz,Rheinland-Pfalz,49.104087,8.332448,1808,7.737703
DE,76779,Scheibenhardt,Rheinland-Pfalz,48.986809,8.119855,668,2.877101
DE,76829,"Landau in der Pfalz",Rheinland-Pfalz,49.196547,8.094681,44445,67.861334
DE,76829,Leinsweiler,Rheinland-Pfalz,49.196547,8.094681,44445,67.861334
DE,76829,Ranschbach,Rheinland-Pfalz,49.196547,8.094681,44445,67.861334
DE,76831,Billigheim-Ingenheim,Rheinland-Pfalz,49.149922,8.067867,9070,54.152937
DE,76831,Birkweiler,Rheinland-Pfalz,49.149922,8.067867,9070,54.152937
DE,76831,Eschbach,Rheinland-Pfalz,49.149922,8.067867,9070,54.152937
DE,76831,Göcklingen,Rheinland-Pfalz,49.149922,8.067867,9070,54.152937
DE,76831,Heuchelheim-Klingen,Rheinland-Pfalz,49.149922,8.067867,9070,54.152937
DE,76831,"Ilbesheim bei Landau in der Pfalz",Rheinland-Pfalz,49.149922,8.067867,9070,54.152937
DE,76831,Impflingen,Rheinland-Pfalz,49.149922,8.067867,9070,54.152937
DE,76833,Böchingen,Rheinland-Pfalz,49.23278,8.080285,3760,17.681103
DE,76833,Frankweiler,Rheinland-Pfalz,49.23278,8.080285,3760,17.681103
DE,76833,Knöringen,Rheinland-Pfalz,49.23278,8.080285,3760,17.681103
DE,76833,Siebeldingen,Rheinland-Pfalz,49.23278,8.080285,3760,17.681103
DE,76833,Walsheim,Rheinland-Pfalz,49.23278,8.080285,3760,17.681103
DE,76835,Burrweiler,Rheinland-Pfalz,49.272962,8.040642,5079,43.280195
DE,76835,Flemlingen,Rheinland-Pfalz,49.272962,8.040642,5079,43.280195
DE,76835,Gleisweiler,Rheinland-Pfalz,49.272962,8.040642,5079,43.280195
DE,76835,Hainfeld,Rheinland-Pfalz,49.272962,8.040642,5079,43.280195
DE,76835,"Rhodt unter Rietburg",Rheinland-Pfalz,49.272962,8.040642,5079,43.280195
DE,76835,Roschbach,Rheinland-Pfalz,49.272962,8.040642,5079,43.280195
DE,76835,"Weyher in der Pfalz",Rheinland-Pfalz,49.272962,8.040642,5079,43.280195
DE,76846,Hauenstein,Rheinland-Pfalz,49.184812,7.839145,4028,13.940096
DE,76848,Darstein,Rheinland-Pfalz,49.225501,7.849678,3307,78.96508
DE,76848,Dimbach,Rheinland-Pfalz,49.225501,7.849678,3307,78.96508
DE,76848,Lug,Rheinland-Pfalz,49.225501,7.849678,3307,78.96508
DE,76848,Schwanheim,Rheinland-Pfalz,49.225501,7.849678,3307,78.96508
DE,76848,Spirkelbach,Rheinland-Pfalz,49.225501,7.849678,3307,78.96508
DE,76848,Wilgartswiesen,Rheinland-Pfalz,49.225501,7.849678,3307,78.96508
DE,76855,"Annweiler am Trifels",Rheinland-Pfalz,49.230328,7.932386,7043,39.535115
DE,76857,Albersweiler,Rheinland-Pfalz,49.22917,7.94505,9715,123.314961
DE,76857,Dernbach,Rheinland-Pfalz,49.22917,7.94505,9715,123.314961
DE,76857,Eußerthal,Rheinland-Pfalz,49.22917,7.94505,9715,123.314961
DE,76857,Gossersweiler-Stein,Rheinland-Pfalz,49.22917,7.94505,9715,123.314961
DE,76857,"Münchweiler am Klingbach",Rheinland-Pfalz,49.22917,7.94505,9715,123.314961
DE,76857,Ramberg,Rheinland-Pfalz,49.22917,7.94505,9715,123.314961
DE,76857,Rinnthal,Rheinland-Pfalz,49.22917,7.94505,9715,123.314961
DE,76857,Silz,Rheinland-Pfalz,49.22917,7.94505,9715,123.314961
DE,76857,Völkersweiler,Rheinland-Pfalz,49.22917,7.94505,9715,123.314961
DE,76857,Waldhambach,Rheinland-Pfalz,49.22917,7.94505,9715,123.314961
DE,76857,Waldrohrbach,Rheinland-Pfalz,49.22917,7.94505,9715,123.314961
DE,76857,Wernersberg,Rheinland-Pfalz,49.22917,7.94505,9715,123.314961
DE,76863,"Herxheim bei Landau/Pfalz",Rheinland-Pfalz,49.144951,8.216772,10848,32.657987
DE,76863,Herxheimweyher,Rheinland-Pfalz,49.144951,8.216772,10848,32.657987
DE,76865,Insheim,Rheinland-Pfalz,49.147517,8.14963,3653,17.330203
DE,76865,Rohrbach,Rheinland-Pfalz,49.147517,8.14963,3653,17.330203
DE,76870,Kandel,Rheinland-Pfalz,49.087859,8.196463,8489,27.455733
DE,76872,"Erlenbach bei Kandel",Rheinland-Pfalz,49.092559,8.137459,6960,41.297677
DE,76872,Freckenfeld,Rheinland-Pfalz,49.092559,8.137459,6960,41.297677
DE,76872,Hergersweiler,Rheinland-Pfalz,49.092559,8.137459,6960,41.297677
DE,76872,Minfeld,Rheinland-Pfalz,49.092559,8.137459,6960,41.297677
DE,76872,Steinweiler,Rheinland-Pfalz,49.092559,8.137459,6960,41.297677
DE,76872,Winden,Rheinland-Pfalz,49.092559,8.137459,6960,41.297677
DE,76877,"Offenbach an der Queich",Rheinland-Pfalz,49.190296,8.195495,6026,15.211102
DE,76879,Bornheim,Rheinland-Pfalz,49.220612,8.20919,8893,44.680531
DE,76879,Essingen,Rheinland-Pfalz,49.220612,8.20919,8893,44.680531
DE,76879,"Hochstadt (Pfalz)",Rheinland-Pfalz,49.220612,8.20919,8893,44.680531
DE,76879,Knittelsheim,Rheinland-Pfalz,49.220612,8.20919,8893,44.680531
DE,76879,"Ottersheim bei Landau",Rheinland-Pfalz,49.220612,8.20919,8893,44.680531
DE,76887,"Bad Bergzabern",Rheinland-Pfalz,49.102075,7.980191,8110,19.65858
DE,76887,Böllenborn,Rheinland-Pfalz,49.102075,7.980191,8110,19.65858
DE,76887,Oberhausen,Rheinland-Pfalz,49.102075,7.980191,8110,19.65858
DE,76889,Barbelroth,Rheinland-Pfalz,49.085549,7.984326,15115,144.394563
DE,76889,Birkenhördt,Rheinland-Pfalz,49.085549,7.984326,15115,144.394563
DE,76889,Dierbach,Rheinland-Pfalz,49.085549,7.984326,15115,144.394563
DE,76889,Dörrenbach,Rheinland-Pfalz,49.085549,7.984326,15115,144.394563
DE,76889,Gleiszellen-Gleishorbach,Rheinland-Pfalz,49.085549,7.984326,15115,144.394563
DE,76889,Kapellen-Drusweiler,Rheinland-Pfalz,49.085549,7.984326,15115,144.394563
DE,76889,Kapsweyer,Rheinland-Pfalz,49.085549,7.984326,15115,144.394563
DE,76889,Klingenmünster,Rheinland-Pfalz,49.085549,7.984326,15115,144.394563
DE,76889,Niederhorbach,Rheinland-Pfalz,49.085549,7.984326,15115,144.394563
DE,76889,Niederotterbach,Rheinland-Pfalz,49.085549,7.984326,15115,144.394563
DE,76889,Oberotterbach,Rheinland-Pfalz,49.085549,7.984326,15115,144.394563
DE,76889,Oberschlettenbach,Rheinland-Pfalz,49.085549,7.984326,15115,144.394563
DE,76889,Pleisweiler-Oberhofen,Rheinland-Pfalz,49.085549,7.984326,15115,144.394563
DE,76889,Schweigen-Rechtenbach,Rheinland-Pfalz,49.085549,7.984326,15115,144.394563
DE,76889,Schweighofen,Rheinland-Pfalz,49.085549,7.984326,15115,144.394563
DE,76889,"Steinfeld (Pfalz)",Rheinland-Pfalz,49.085549,7.984326,15115,144.394563
DE,76889,Vorderweidenthal,Rheinland-Pfalz,49.085549,7.984326,15115,144.394563
DE,76891,Bobenthal,Rheinland-Pfalz,49.089803,7.82952,5592,85.982604
DE,76891,Bruchweiler-Bärenbach,Rheinland-Pfalz,49.089803,7.82952,5592,85.982604
DE,76891,Bundenthal,Rheinland-Pfalz,49.089803,7.82952,5592,85.982604
DE,76891,Busenberg,Rheinland-Pfalz,49.089803,7.82952,5592,85.982604
DE,76891,"Erlenbach bei Dahn",Rheinland-Pfalz,49.089803,7.82952,5592,85.982604
DE,76891,Niederschlettenbach,Rheinland-Pfalz,49.089803,7.82952,5592,85.982604
DE,76891,Nothweiler,Rheinland-Pfalz,49.089803,7.82952,5592,85.982604
DE,76891,Rumbach,Rheinland-Pfalz,49.089803,7.82952,5592,85.982604
DE,77652,Offenburg,Baden-Württemberg,48.502976,7.942297,17351,22.056851
DE,77654,Offenburg,Baden-Württemberg,48.475657,7.9829,20717,19.947874
DE,77656,Hohberg,Baden-Württemberg,48.463375,7.922447,19196,36.763831
DE,77656,Offenburg,Baden-Württemberg,48.463375,7.922447,19196,36.763831
DE,77694,Kehl,Baden-Württemberg,48.571436,7.849527,33553,75.48745
DE,77704,Oberkirch,Baden-Württemberg,48.521639,8.067046,19853,67.553582
DE,77709,Oberwolfach,Baden-Württemberg,48.321548,8.247456,8542,119.157697
DE,77709,Schiltach,Baden-Württemberg,48.321548,8.247456,8542,119.157697
DE,77709,Wolfach,Baden-Württemberg,48.321548,8.247456,8542,119.157697
DE,77716,Fischerbach,Baden-Württemberg,48.281264,8.090384,10372,57.07367
DE,77716,"Haslach im Kinzigtal",Baden-Württemberg,48.281264,8.090384,10372,57.07367
DE,77716,Hofstetten,Baden-Württemberg,48.281264,8.090384,10372,57.07367
DE,77723,Gengenbach,Baden-Württemberg,48.40598,8.032711,10574,61.870667
DE,77728,Oppenau,Baden-Württemberg,48.482914,8.180336,4734,72.882397
DE,77731,Willstätt,Baden-Württemberg,48.551062,7.895623,9131,54.094983
DE,77736,"Zell am Harmersbach",Baden-Württemberg,48.343594,8.082856,7993,36.385465
DE,77740,"Bad Peterstal-Griesbach",Baden-Württemberg,48.440481,8.228821,2663,41.10423
DE,77743,Neuried,Baden-Württemberg,48.451272,7.810076,9396,57.840326
DE,77746,Schutterwald,Baden-Württemberg,48.463024,7.87273,7131,21.02979
DE,77749,Hohberg,Baden-Württemberg,48.415833,7.908184,7848,28.490646
DE,77756,"Gutach (Schwarzwaldbahn)",Baden-Württemberg,48.29456,8.166105,5848,36.115607
DE,77756,Hausach,Baden-Württemberg,48.29456,8.166105,5848,36.115607
DE,77761,Schiltach,Baden-Württemberg,48.27321,8.339508,3925,34.174571
DE,77767,Appenweier,Baden-Württemberg,48.553177,7.979585,9742,38.290742
DE,77770,Durbach,Baden-Württemberg,48.484813,8.028713,3767,26.289958
DE,77773,Schenkenzell,Baden-Württemberg,48.331532,8.352899,1844,42.088722
DE,77776,"Bad Rippoldsau-Schapbach",Baden-Württemberg,48.414084,8.29618,2263,73.100217
DE,77776,Oberwolfach,Baden-Württemberg,48.414084,8.29618,2263,73.100217
DE,77781,Biberach,Baden-Württemberg,48.332238,8.01087,3500,22.63613
DE,77784,Oberharmersbach,Baden-Württemberg,48.382997,8.155483,2495,40.910143
DE,77787,Nordrach,Baden-Württemberg,48.414674,8.105738,1935,37.734888
DE,77790,Steinach,Baden-Württemberg,48.2857,8.028486,3993,33.310878
DE,77791,Berghaupten,Baden-Württemberg,48.402676,7.976321,2371,9.663301
DE,77793,"Gutach (Schwarzwaldbahn)",Baden-Württemberg,48.242545,8.203897,2238,31.683422
DE,77794,Lautenbach,Baden-Württemberg,48.520313,8.130969,1885,21.53449
DE,77796,Mühlenbach,Baden-Württemberg,48.238207,8.122346,1661,31.19572
DE,77797,Ohlsbach,Baden-Württemberg,48.442147,8.002213,3190,11.124207
DE,77799,Ortenberg,Baden-Württemberg,48.449433,7.972044,3294,5.649261
DE,77815,Baden-Baden,Baden-Württemberg,48.683368,8.154404,28555,83.845401
DE,77815,Bühl,Baden-Württemberg,48.683368,8.154404,28555,83.845401
DE,77815,Bühlertal,Baden-Württemberg,48.683368,8.154404,28555,83.845401
DE,77830,Bühl,Baden-Württemberg,48.682893,8.197047,7968,19.186191
DE,77830,Bühlertal,Baden-Württemberg,48.682893,8.197047,7968,19.186191
DE,77833,Ottersweier,Baden-Württemberg,48.679934,8.086464,5928,26.186901
DE,77836,Hügelsheim,Baden-Württemberg,48.759637,8.047602,6673,41.516565
DE,77836,Rheinmünster,Baden-Württemberg,48.759637,8.047602,6673,41.516565
DE,77839,Lichtenau,Baden-Württemberg,48.715112,8.003085,4972,28.750529
DE,77855,Achern,Baden-Württemberg,48.634025,8.037324,24535,70.376593
DE,77855,Oberkirch,Baden-Württemberg,48.634025,8.037324,24535,70.376593
DE,77855,Renchen,Baden-Württemberg,48.634025,8.037324,24535,70.376593
DE,77866,Rheinau,Baden-Württemberg,48.656765,7.935406,11192,73.731747
DE,77871,Renchen,Baden-Württemberg,48.586965,8.023806,7278,27.516281
DE,77876,Kappelrodeck,Baden-Württemberg,48.582143,8.114072,5767,18.298883
DE,77880,Sasbach,Baden-Württemberg,48.63905,8.099691,5352,9.157322
DE,77883,"Ottenhöfen im Schwarzwald",Baden-Württemberg,48.557422,8.159511,3230,25.255201
DE,77886,Lauf,Baden-Württemberg,48.635882,8.155311,3826,14.093879
DE,77887,Sasbachwalden,Baden-Württemberg,48.613299,8.155385,2341,16.935352
DE,77889,Seebach,Baden-Württemberg,48.583411,8.193818,1414,20.768782
DE,77933,Lahr/Schwarzwald,Baden-Württemberg,48.335486,7.872272,42549,71.640775
DE,77948,Friesenheim,Baden-Württemberg,48.37857,7.895129,12574,46.547997
DE,77955,Ettenheim,Baden-Württemberg,48.25024,7.861533,12028,57.156813
DE,77960,Seelbach,Baden-Württemberg,48.305104,7.942839,4957,29.61002
DE,77963,Schwanau,Baden-Württemberg,48.36495,7.763961,6759,38.30675
DE,77966,Kappel-Grafenhausen,Baden-Württemberg,48.296227,7.74929,4763,24.596928
DE,77966,Rheinau,Baden-Württemberg,48.296227,7.74929,4763,24.596928
DE,77971,Kippenheim,Baden-Württemberg,48.294962,7.847219,5339,20.597461
DE,77972,Mahlberg,Baden-Württemberg,48.294311,7.798405,4621,13.360468
DE,77974,Meißenheim,Baden-Württemberg,48.404142,7.79053,3752,21.347177
DE,77975,Ringsheim,Baden-Württemberg,48.249822,7.769131,2216,8.481745
DE,77977,Rust,Baden-Württemberg,48.270436,7.717236,3711,20.263091
DE,77978,Schuttertal,Baden-Württemberg,48.247132,7.967585,3242,50.225971
DE,78048,Villingen-Schwenningen,Baden-Württemberg,48.075485,8.439983,13976,11.30993
DE,78050,Villingen-Schwenningen,Baden-Württemberg,48.057332,8.44093,14644,8.718266
DE,78052,Villingen-Schwenningen,Baden-Württemberg,48.052284,8.42339,17883,112.634826
DE,78054,Villingen-Schwenningen,Baden-Württemberg,48.064648,8.518882,19203,8.911164
DE,78056,Villingen-Schwenningen,Baden-Württemberg,48.060333,8.5718,14548,23.656777
DE,78073,"Bad Dürrheim",Baden-Württemberg,47.996828,8.586716,12315,62.031937
DE,78078,Niedereschach,Baden-Württemberg,48.13546,8.504526,5825,33.058667
DE,78083,Dauchingen,Baden-Württemberg,48.093148,8.549852,3581,10.035432
DE,78086,Brigachtal,Baden-Württemberg,48.007015,8.471446,5025,22.784687
DE,78087,Mönchweiler,Baden-Württemberg,48.108662,8.419245,3024,9.587416
DE,78089,Unterkirnach,Baden-Württemberg,48.084572,8.358914,2363,13.335535
DE,78089,Villingen-Schwenningen,Baden-Württemberg,48.084572,8.358914,2363,13.335535
DE,78098,"Schonach im Schwarzwald",Baden-Württemberg,48.139735,8.258046,4787,33.51201
DE,78098,"Triberg im Schwarzwald",Baden-Württemberg,48.139735,8.258046,4787,33.51201
DE,78112,"St. Georgen im Schwarzwald",Baden-Württemberg,48.122769,8.329294,12969,59.894775
DE,78120,"Furtwangen im Schwarzwald",Baden-Württemberg,48.048437,8.209194,9247,82.492174
DE,78126,Hardt,Baden-Württemberg,48.151152,8.421238,5895,40.214694
DE,78126,"Königsfeld im Schwarzwald",Baden-Württemberg,48.151152,8.421238,5895,40.214694
DE,78132,Hornberg,Baden-Württemberg,48.202269,8.250322,4273,54.381157
DE,78136,"Schonach im Schwarzwald",Baden-Württemberg,48.148952,8.180034,4065,36.372805
DE,78141,"Schönwald im Schwarzwald",Baden-Württemberg,48.106749,8.20162,2306,27.811161
DE,78144,Schramberg,Baden-Württemberg,48.189766,8.343706,3632,34.982366
DE,78147,Vöhrenbach,Baden-Württemberg,48.019856,8.294813,3904,70.380028
DE,78148,Gütenbach,Baden-Württemberg,48.048954,8.142363,1183,18.438872
DE,78166,Donaueschingen,Baden-Württemberg,47.959892,8.492127,21340,105.815778
DE,78176,Blumberg,Baden-Württemberg,47.838044,8.556427,9981,98.657966
DE,78183,Hüfingen,Baden-Württemberg,47.895316,8.505047,7436,57.111259
DE,78187,Geisingen,Baden-Württemberg,47.903599,8.649291,5991,73.620411
DE,78194,Immendingen,Baden-Württemberg,47.938564,8.723024,5581,73.995897
DE,78199,Bräunlingen,Baden-Württemberg,47.930018,8.400513,5923,62.2063
DE,78224,"Singen (Hohentwiel)",Baden-Württemberg,47.760716,8.870334,44642,61.669385
DE,78234,Engen,Baden-Württemberg,47.861972,8.771141,9973,70.479375
DE,78239,Rielasingen-Worblingen,Baden-Württemberg,47.728024,8.843825,11471,18.580824
DE,78244,Gottmadingen,Baden-Württemberg,47.733006,8.75708,10148,23.558705
DE,78247,Hilzingen,Baden-Württemberg,47.780344,8.760779,8186,53.027326
DE,78250,Tengen,Baden-Württemberg,47.816887,8.672632,4577,61.996412
DE,78253,Eigeltingen,Baden-Württemberg,47.886213,8.910303,3660,59.22811
DE,78256,Steißlingen,Baden-Württemberg,47.798716,8.914952,4563,24.498034
DE,78259,Mühlhausen-Ehingen,Baden-Württemberg,47.822434,8.816957,3631,17.809949
DE,78262,"Gailingen am Hochrhein",Baden-Württemberg,47.695911,8.766919,2781,13.153951
DE,78266,"Büsingen am Hochrhein",Baden-Württemberg,47.700226,8.689389,1334,7.617366
DE,78267,Aach,Baden-Württemberg,47.843675,8.858195,2179,10.648148
DE,78269,Volkertshausen,Baden-Württemberg,47.823181,8.86787,2888,5.141024
DE,78315,"Radolfzell am Bodensee",Baden-Württemberg,47.764419,8.983193,29569,58.474589
DE,78333,Bodman-Ludwigshafen,Baden-Württemberg,47.856034,9.015717,16077,69.822155
DE,78333,Stockach,Baden-Württemberg,47.856034,9.015717,16077,69.822155
DE,78337,Öhningen,Baden-Württemberg,47.678533,8.902332,3509,28.15724
DE,78343,Gaienhofen,Baden-Württemberg,47.690945,8.974321,3195,12.48389
DE,78345,Moos,Baden-Württemberg,47.711617,8.939033,3177,14.358832
DE,78351,Bodman-Ludwigshafen,Baden-Württemberg,47.810786,9.03574,4200,27.918615
DE,78354,Sipplingen,Baden-Württemberg,47.798413,9.102698,2035,4.27116
DE,78355,Hohenfels,Baden-Württemberg,47.888416,9.099351,1998,30.500765
DE,78357,Mühlingen,Baden-Württemberg,47.91546,9.021885,2285,32.641953
DE,78359,Orsingen-Nenzingen,Baden-Württemberg,47.839853,8.933654,3195,22.23329
DE,78462,Konstanz,Baden-Württemberg,47.662949,9.169726,17250,2.145919
DE,78464,Konstanz,Baden-Württemberg,47.680523,9.193308,19406,8.257386
DE,78465,Konstanz,Baden-Württemberg,47.729135,9.137758,10033,27.827898
DE,78467,Konstanz,Baden-Württemberg,47.687012,9.147898,31068,15.770592
DE,78476,Allensbach,Baden-Württemberg,47.737277,9.075415,6914,26.506732
DE,78479,Reichenau,Baden-Württemberg,47.703324,9.082337,5101,12.703184
DE,78532,Tuttlingen,Baden-Württemberg,47.977549,8.809257,33252,90.365038
DE,78549,Spaichingen,Baden-Württemberg,48.072347,8.73292,12275,18.450568
DE,78554,Aldingen,Baden-Württemberg,48.093966,8.682932,7374,22.172539
DE,78559,Gosheim,Baden-Württemberg,48.136089,8.762927,3869,9.317399
DE,78564,"Reichenbach am Heuberg",Baden-Württemberg,48.144577,8.815735,4082,20.69839
DE,78564,Wehingen,Baden-Württemberg,48.144577,8.815735,4082,20.69839
DE,78567,"Fridingen an der Donau",Baden-Württemberg,48.019849,8.932535,3108,22.734674
DE,78570,"Mühlheim an der Donau",Baden-Württemberg,48.033928,8.870506,3503,21.775465
DE,78573,Wurmlingen,Baden-Württemberg,48.00506,8.779678,3807,15.395797
DE,78576,Emmingen-Liptingen,Baden-Württemberg,47.929586,8.87588,4507,54.44192
DE,78579,"Neuhausen ob Eck",Baden-Württemberg,47.965094,8.967832,3858,46.272565
DE,78580,Bärenthal,Baden-Württemberg,48.086704,8.923865,457,12.697957
DE,78582,Balgheim,Baden-Württemberg,48.073576,8.770247,1146,7.613842
DE,78583,Böttingen,Baden-Württemberg,48.098981,8.808379,1474,16.345295
DE,78585,Bubsheim,Baden-Württemberg,48.119492,8.820298,1159,8.284214
DE,78586,Deilingen,Baden-Württemberg,48.169752,8.787473,1743,10.876428
DE,78588,Denkingen,Baden-Württemberg,48.110075,8.741037,2522,15.004886
DE,78589,Dürbheim,Baden-Württemberg,48.056421,8.801857,1640,14.763921
DE,78591,Durchhausen,Baden-Württemberg,48.038441,8.66877,926,8.981329
DE,78592,Egesheim,Baden-Württemberg,48.115099,8.864363,641,7.651561
DE,78594,Gunningen,Baden-Württemberg,48.049113,8.696745,698,5.440783
DE,78595,"Hausen ob Verena",Baden-Württemberg,48.047042,8.731667,754,5.87036
DE,78597,Irndorf,Baden-Württemberg,48.075666,8.963267,738,14.584441
DE,78598,Königsheim,Baden-Württemberg,48.098199,8.864434,568,4.359042
DE,78600,Kolbingen,Baden-Württemberg,48.060188,8.892819,1255,16.426417
DE,78601,Mahlstetten,Baden-Württemberg,48.06995,8.834026,741,12.199919
DE,78603,Renquishausen,Baden-Württemberg,48.084766,8.891986,733,7.717966
DE,78604,Rietheim-Weilheim,Baden-Württemberg,48.032259,8.77759,2650,11.957068
DE,78606,Seitingen-Oberflacht,Baden-Württemberg,48.01779,8.724059,2336,19.643262
DE,78607,Talheim,Baden-Württemberg,48.013114,8.665749,1195,13.118185
DE,78609,Tuningen,Baden-Württemberg,48.028627,8.6091,2858,15.576039
DE,78628,Rottweil,Baden-Württemberg,48.168885,8.650618,24400,71.670616
DE,78647,Trossingen,Baden-Württemberg,48.074566,8.639662,15053,24.188491
DE,78652,Deißlingen,Baden-Württemberg,48.1098,8.599923,5983,32.142583
DE,78655,Dunningen,Baden-Württemberg,48.220644,8.496406,5951,48.296098
DE,78658,"Zimmern ob Rottweil",Baden-Württemberg,48.164924,8.550306,5810,33.736981
DE,78661,Dietingen,Baden-Württemberg,48.227857,8.659133,3921,42.224169
DE,78662,Bösingen,Baden-Württemberg,48.233865,8.558164,3422,22.467624
DE,78664,Eschbronn,Baden-Württemberg,48.191403,8.450698,2087,10.954421
DE,78665,Frittlingen,Baden-Württemberg,48.12724,8.712556,2071,8.776047
DE,78667,Villingendorf,Baden-Württemberg,48.201746,8.584156,3249,9.305568
DE,78669,Wellendingen,Baden-Württemberg,48.153799,8.711685,3043,17.476777
DE,78713,Schramberg,Baden-Württemberg,48.238052,8.432218,17445,45.750498
DE,78727,"Oberndorf am Neckar",Baden-Württemberg,48.295176,8.570957,13809,55.881509
DE,78730,Lauterbach,Baden-Württemberg,48.235937,8.322858,2967,19.942243
DE,78733,Aichhalden,Baden-Württemberg,48.27942,8.412122,4055,25.770289
DE,78736,Epfendorf,Baden-Württemberg,48.258382,8.618677,3322,29.671093
DE,78737,Fluorn-Winzeln,Baden-Württemberg,48.292677,8.474977,3124,24.553094
DE,78739,Hardt,Baden-Württemberg,48.18019,8.415026,2520,10.575047
DE,79098,"Freiburg im Breisgau",Baden-Württemberg,47.994861,7.848532,8288,1.346262
DE,79100,"Freiburg im Breisgau",Baden-Württemberg,47.949134,7.865616,19365,18.449087
DE,79102,"Freiburg im Breisgau",Baden-Württemberg,47.987512,7.862361,16863,1.860336
DE,79104,"Freiburg im Breisgau",Baden-Württemberg,48.006959,7.878088,17746,12.877567
DE,79106,"Freiburg im Breisgau",Baden-Württemberg,48.005174,7.839939,20831,2.819153
DE,79108,"Freiburg im Breisgau",Baden-Württemberg,48.040517,7.828343,15501,21.197664
DE,79110,"Freiburg im Breisgau",Baden-Württemberg,48.019598,7.811491,22065,6.382475
DE,79111,"Freiburg im Breisgau",Baden-Württemberg,47.991055,7.783731,21381,19.355108
DE,79112,"Freiburg im Breisgau",Baden-Württemberg,47.997753,7.718862,12470,35.330939
DE,79114,"Freiburg im Breisgau",Baden-Württemberg,47.999598,7.809879,21091,3.60992
DE,79115,"Freiburg im Breisgau",Baden-Württemberg,47.988194,7.821691,15956,3.010951
DE,79117,"Freiburg im Breisgau",Baden-Württemberg,47.967403,7.901291,18151,28.241432
DE,79183,Waldkirch,Baden-Württemberg,48.089426,7.969645,20800,48.449079
DE,79189,"Bad Krozingen",Baden-Württemberg,47.920886,7.680877,17817,35.64838
DE,79194,Gundelfingen,Baden-Württemberg,48.037459,7.8906,12073,16.680088
DE,79194,Heuweiler,Baden-Württemberg,48.037459,7.8906,12073,16.680088
DE,79199,Kirchzarten,Baden-Württemberg,47.962818,7.950656,9705,21.122542
DE,79206,"Breisach am Rhein",Baden-Württemberg,48.016764,7.621576,14001,54.580442
DE,79211,Denzlingen,Baden-Württemberg,48.070496,7.884316,13241,16.63155
DE,79215,Biederbach,Baden-Württemberg,48.185651,8.083246,8849,106.596674
DE,79215,Elzach,Baden-Württemberg,48.185651,8.083246,8849,106.596674
DE,79219,"Staufen im Breisgau",Baden-Württemberg,47.86979,7.733517,7355,23.296921
DE,79224,Umkirch,Baden-Württemberg,48.032484,7.761872,5211,8.73582
DE,79227,Schallstadt,Baden-Württemberg,47.960767,7.735488,5969,19.554956
DE,79232,March,Baden-Württemberg,48.063841,7.777236,8623,17.770132
DE,79235,"Vogtsburg im Kaiserstuhl",Baden-Württemberg,48.090254,7.636122,5721,37.332625
DE,79238,Ehrenkirchen,Baden-Württemberg,47.908845,7.763826,7174,37.730515
DE,79241,Ihringen,Baden-Württemberg,48.054359,7.657928,5849,23.025807
DE,79244,Münstertal,Baden-Württemberg,47.85375,7.820671,5056,67.637939
DE,79249,Merzhausen,Baden-Württemberg,47.965081,7.82543,4785,2.761134
DE,79252,Stegen,Baden-Württemberg,48.001549,7.969719,4461,26.008591
DE,79254,Oberried,Baden-Württemberg,47.905553,7.960758,2882,66.449908
DE,79256,Buchenbach,Baden-Württemberg,47.968198,8.027245,3121,38.280359
DE,79258,"Hartheim am Rhein",Baden-Württemberg,47.930018,7.618794,4611,25.511216
DE,79261,"Gutach im Breisgau",Baden-Württemberg,48.144268,7.98729,4284,24.761927
DE,79263,Simonswald,Baden-Württemberg,48.087547,8.088676,2999,71.873165
DE,79268,Bötzingen,Baden-Württemberg,48.073836,7.715758,5329,13.002683
DE,79271,"St. Peter",Baden-Württemberg,48.032101,8.047834,2625,38.693749
DE,79274,"St. Märgen",Baden-Württemberg,47.990335,8.101089,1825,33.264714
DE,79276,Reute,Baden-Württemberg,48.087263,7.819894,3005,4.773587
DE,79279,Vörstetten,Baden-Württemberg,48.069913,7.83615,2900,7.879681
DE,79280,Au,Baden-Württemberg,47.953899,7.833877,1394,3.994357
DE,79282,Ballrechten-Dottingen,Baden-Württemberg,47.856907,7.699814,2302,6.615769
DE,79283,Bollschweil,Baden-Württemberg,47.913892,7.819399,2254,16.427969
DE,79285,Ebringen,Baden-Württemberg,47.952143,7.7886,2732,8.170254
DE,79286,Glottertal,Baden-Württemberg,48.041871,7.96225,3049,30.716956
DE,79288,Gottenheim,Baden-Württemberg,48.048647,7.726168,2626,8.740053
DE,79289,Horben,Baden-Württemberg,47.935124,7.857093,1006,8.734977
DE,79291,Merdingen,Baden-Württemberg,48.023258,7.683726,2557,14.375511
DE,79292,Pfaffenweiler,Baden-Württemberg,47.938214,7.75942,2507,3.593158
DE,79294,Sölden,Baden-Württemberg,47.931023,7.810588,1214,3.791973
DE,79295,Sulzburg,Baden-Württemberg,47.829288,7.722078,2641,22.717753
DE,79297,"Winden im Elztal",Baden-Württemberg,48.1429,8.039753,2848,21.940378
DE,79299,Wittnau,Baden-Württemberg,47.939019,7.823706,1411,5.065622
DE,79312,Denzlingen,Baden-Württemberg,48.123065,7.865016,26108,34.078944
DE,79312,Emmendingen,Baden-Württemberg,48.123065,7.865016,26108,34.078944
DE,79312,Teningen,Baden-Württemberg,48.123065,7.865016,26108,34.078944
DE,79331,Teningen,Baden-Württemberg,48.123965,7.806732,11292,39.871675
DE,79336,Herbolzheim,Baden-Württemberg,48.217799,7.814355,10000,35.479287
DE,79341,Kenzingen,Baden-Württemberg,48.192256,7.800454,9315,36.876416
DE,79346,Endingen,Baden-Württemberg,48.134019,7.681998,9090,26.669662
DE,79348,Emmendingen,Baden-Württemberg,48.175265,7.920244,4209,53.178472
DE,79348,Freiamt,Baden-Württemberg,48.175265,7.920244,4209,53.178472
DE,79348,Malterdingen,Baden-Württemberg,48.175265,7.920244,4209,53.178472
DE,79350,Sexau,Baden-Württemberg,48.115842,7.918216,3254,16.288141
DE,79353,Bahlingen,Baden-Württemberg,48.120646,7.740138,3919,12.669369
DE,79356,Eichstetten,Baden-Württemberg,48.096746,7.731267,3272,12.279348
DE,79359,Riegel,Baden-Württemberg,48.157701,7.746007,3641,18.304927
DE,79361,"Sasbach am Kaiserstuhl",Baden-Württemberg,48.133552,7.614381,3283,20.770976
DE,79362,Forchheim,Baden-Württemberg,48.173702,7.706885,1340,10.794923
DE,79364,Malterdingen,Baden-Württemberg,48.163551,7.812276,3018,11.150773
DE,79365,Rheinhausen,Baden-Württemberg,48.23171,7.709183,3522,21.986059
DE,79367,Weisweil,Baden-Württemberg,48.201734,7.677082,2082,19.056632
DE,79369,Wyhl,Baden-Württemberg,48.169539,7.650025,3601,16.943205
DE,79379,"Müllheim im Markgräflerland",Baden-Württemberg,47.810538,7.637686,18072,48.085081
DE,79395,"Neuenburg am Rhein",Baden-Württemberg,47.830896,7.570344,11629,44.174355
DE,79400,Kandern,Baden-Württemberg,47.70369,7.654071,8040,62.876593
DE,79410,Badenweiler,Baden-Württemberg,47.795763,7.706184,3785,22.817693
DE,79410,"Müllheim im Markgräflerland",Baden-Württemberg,47.795763,7.706184,3785,22.817693
DE,79415,"Bad Bellingen",Baden-Württemberg,47.720961,7.564597,3848,16.914291
DE,79418,Schliengen,Baden-Württemberg,47.754301,7.627576,5332,37.451686
DE,79423,Heitersheim,Baden-Württemberg,47.876837,7.654863,5848,11.710804
DE,79424,Auggen,Baden-Württemberg,47.788784,7.589107,2518,14.145881
DE,79426,Buggingen,Baden-Württemberg,47.854128,7.631962,3822,15.291508
DE,79427,Eschbach,Baden-Württemberg,47.894955,7.63615,2335,10.555079
DE,79427,"Hartheim am Rhein",Baden-Württemberg,47.894955,7.63615,2335,10.555079
DE,79429,Malsburg-Marzell,Baden-Württemberg,47.754226,7.719927,1496,24.882503
DE,79539,Lörrach,Baden-Württemberg,47.616137,7.65964,20385,9.116132
DE,79540,Lörrach,Baden-Württemberg,47.601266,7.669344,14224,4.628819
DE,79541,Lörrach,Baden-Württemberg,47.637087,7.695257,12979,25.606757
DE,79576,"Weil am Rhein",Baden-Württemberg,47.605992,7.610956,28610,19.461425
DE,79585,Steinen,Baden-Württemberg,47.675019,7.7428,9678,46.805777
DE,79588,Efringen-Kirchen,Baden-Württemberg,47.671788,7.567215,8205,43.620979
DE,79589,Binzen,Baden-Württemberg,47.634423,7.621411,2911,5.808183
DE,79591,Eimeldingen,Baden-Württemberg,47.632534,7.594162,2500,3.546454
DE,79592,Fischingen,Baden-Württemberg,47.650266,7.602052,692,1.998573
DE,79594,Inzlingen,Baden-Württemberg,47.588578,7.70064,2486,9.471586
DE,79595,Rümmingen,Baden-Württemberg,47.646212,7.650056,1620,4.449402
DE,79597,Schallbach,Baden-Württemberg,47.657543,7.626279,737,3.936774
DE,79599,Wittlingen,Baden-Württemberg,47.657976,7.654689,972,3.830684
DE,79618,"Rheinfelden (Baden)",Baden-Württemberg,47.58645,7.769184,31733,62.778201
DE,79639,Grenzach-Wyhlen,Baden-Württemberg,47.552335,7.683408,13749,17.244438
DE,79650,Schopfheim,Baden-Württemberg,47.673087,7.872022,18598,67.89192
DE,79664,Wehr,Baden-Württemberg,47.625545,7.9151,12594,35.654994
DE,79669,"Zell im Wiesental",Baden-Württemberg,47.717802,7.857302,6011,33.616602
DE,79674,Todtnau,Baden-Württemberg,47.827449,7.961068,4788,74.206611
DE,79677,Aitern,Baden-Württemberg,47.787199,7.884625,4354,55.267103
DE,79677,Böllen,Baden-Württemberg,47.787199,7.884625,4354,55.267103
DE,79677,Fröhnd,Baden-Württemberg,47.787199,7.884625,4354,55.267103
DE,79677,"Schönau im Schwarzwald",Baden-Württemberg,47.787199,7.884625,4354,55.267103
DE,79677,Schönenberg,Baden-Württemberg,47.787199,7.884625,4354,55.267103
DE,79677,Tunau,Baden-Württemberg,47.787199,7.884625,4354,55.267103
DE,79677,Wembach,Baden-Württemberg,47.787199,7.884625,4354,55.267103
DE,79682,Todtmoos,Baden-Württemberg,47.737802,7.997706,1902,28.054657
DE,79685,Häg-Ehrsberg,Baden-Württemberg,47.738509,7.928264,869,26.73555
DE,79686,Hasel,Baden-Württemberg,47.66371,7.895115,1119,11.636676
DE,79688,"Hausen im Wiesental",Baden-Württemberg,47.68396,7.832625,2349,5.128011
DE,79689,Maulburg,Baden-Württemberg,47.643243,7.778285,4145,9.722421
DE,79692,"Kleines Wiesental",Baden-Württemberg,47.75273,7.794274,2932,77.76124
DE,79694,Utzenfeld,Baden-Württemberg,47.813279,7.911079,636,7.385603
DE,79695,Wieden,Baden-Württemberg,47.8437,7.889153,568,12.235002
DE,79713,"Bad Säckingen",Baden-Württemberg,47.568107,7.956569,16221,25.391941
DE,79725,"Laufenburg (Baden)",Baden-Württemberg,47.5856,8.067344,8500,23.547327
DE,79730,Murg,Baden-Württemberg,47.583284,8.023257,6765,20.912305
DE,79733,Görwihl,Baden-Württemberg,47.65906,8.05435,4284,50.370579
DE,79736,Rickenbach,Baden-Württemberg,47.616049,7.972135,3821,34.615241
DE,79737,Herrischried,Baden-Württemberg,47.673379,7.992119,2684,37.460838
DE,79739,Schwörstadt,Baden-Württemberg,47.607027,7.862899,2426,20.071701
DE,79761,Waldshut-Tiengen,Baden-Württemberg,47.651896,8.242916,22160,77.923676
DE,79771,Klettgau,Baden-Württemberg,47.631588,8.418095,7421,45.8305
DE,79774,Albbruck,Baden-Württemberg,47.622319,8.121634,7240,39.67332
DE,79777,Ühlingen-Birkendorf,Baden-Württemberg,47.72181,8.296186,5208,77.101335
DE,79780,Stühlingen,Baden-Württemberg,47.769698,8.42933,5122,93.179453
DE,79787,Lauchringen,Baden-Württemberg,47.623694,8.329047,7512,12.752197
DE,79790,Küssaberg,Baden-Württemberg,47.598342,8.328092,5289,26.14626
DE,79793,Wutöschingen,Baden-Württemberg,47.656982,8.362589,6470,26.438383
DE,79798,Jestetten,Baden-Württemberg,47.651711,8.57414,4896,20.597708
DE,79801,"Hohentengen am Hochrhein",Baden-Württemberg,47.584449,8.418784,3683,27.559788
DE,79802,Dettighofen,Baden-Württemberg,47.632589,8.494599,1105,14.384125
DE,79804,Dogern,Baden-Württemberg,47.611276,8.167876,2343,7.423201
DE,79805,Eggingen,Baden-Württemberg,47.701646,8.388701,1660,13.937185
DE,79807,Lottstetten,Baden-Württemberg,47.621292,8.579643,2102,13.376734
DE,79809,Weilheim,Baden-Württemberg,47.679345,8.196056,3120,35.639093
DE,79822,Titisee-Neustadt,Baden-Württemberg,47.93798,8.189982,11541,89.59683
DE,79837,Häusern,Baden-Württemberg,47.772826,8.095278,5386,84.907064
DE,79837,Ibach,Baden-Württemberg,47.772826,8.095278,5386,84.907064
DE,79837,"St. Blasien",Baden-Württemberg,47.772826,8.095278,5386,84.907064
DE,79843,Löffingen,Baden-Württemberg,47.884166,8.353114,7590,87.937644
DE,79848,"Bonndorf im Schwarzwald",Baden-Württemberg,47.812806,8.324827,6774,75.794398
DE,79853,Lenzkirch,Baden-Württemberg,47.866798,8.200049,4872,58.746748
DE,79856,Hinterzarten,Baden-Württemberg,47.893504,8.077981,2540,33.366695
DE,79859,Schluchsee,Baden-Württemberg,47.813444,8.162036,2411,68.330057
DE,79862,Höchenschwand,Baden-Württemberg,47.719637,8.175699,2454,29.542981
DE,79865,Grafenhausen,Baden-Württemberg,47.77382,8.249952,2198,48.513925
DE,79868,"Feldberg (Schwarzwald)",Baden-Württemberg,47.864874,8.067502,1745,25.133556
DE,79871,"Eisenbach (Hochschwarzwald)",Baden-Württemberg,47.974027,8.265689,2129,28.7988
DE,79872,"Bernau im Schwarzwald",Baden-Württemberg,47.796316,8.037059,1893,37.99029
DE,79874,Breitnau,Baden-Württemberg,47.939765,8.086975,1647,40.352103
DE,79875,"Dachsberg (Südschwarzwald)",Baden-Württemberg,47.711492,8.098679,1366,35.335167
DE,79877,Friedenweiler,Baden-Württemberg,47.909796,8.276748,1954,27.005701
DE,79879,Wutach,Baden-Württemberg,47.827639,8.425807,1221,30.485517
DE,80331,München,Bayern,48.135955,11.572937,4741,0.78277
DE,80333,München,Bayern,48.145177,11.568744,11265,1.615148
DE,80335,München,Bayern,48.145537,11.553951,9042,1.697719
DE,80336,München,Bayern,48.13265,11.554177,8103,1.568529
DE,80337,München,Bayern,48.126384,11.558309,15280,1.046991
DE,80339,München,Bayern,48.136083,11.538139,26482,1.998925
DE,80469,München,Bayern,48.127885,11.571349,23960,1.223598
DE,80538,München,Bayern,48.144868,11.591079,11009,2.142386
DE,80539,München,Bayern,48.145183,11.582134,3210,0.833153
DE,80634,München,Bayern,48.149293,11.529612,18599,1.273151
DE,80636,München,Bayern,48.150989,11.54359,22680,1.669394
DE,80637,München,Bayern,48.163559,11.536723,20448,2.193278
DE,80638,München,Bayern,48.161726,11.506034,9589,3.992636
DE,80639,München,Bayern,48.1509,11.509222,19417,3.924203
DE,80686,München,Bayern,48.132065,11.512202,19915,2.790459
DE,80687,München,Bayern,48.141316,11.506022,21577,2.311476
DE,80689,München,Bayern,48.130811,11.485356,28077,3.652286
DE,80796,München,Bayern,48.162934,11.570074,15424,0.804977
DE,80797,München,Bayern,48.162712,11.557702,17184,1.823391
DE,80798,München,Bayern,48.15531,11.565993,12747,0.487418
DE,80799,München,Bayern,48.152342,11.575026,13557,0.672546
DE,80801,München,Bayern,48.158693,11.57907,9242,0.46985
DE,80802,München,Bayern,48.15946,11.590898,9333,1.491727
DE,80803,München,Bayern,48.164484,11.580246,9404,0.526172
DE,80804,München,Bayern,48.172397,11.57716,14468,1.666769
DE,80805,München,Bayern,48.174017,11.606809,17606,5.607253
DE,80807,München,Bayern,48.184391,11.585487,25489,3.871744
DE,80809,München,Bayern,48.179376,11.553254,21134,4.693812
DE,80933,München,Bayern,48.216101,11.556297,18237,1.901156
DE,80935,München,Bayern,48.19865,11.553613,12804,3.697491
DE,80937,München,Bayern,48.210512,11.575084,20995,6.272729
DE,80939,München,Bayern,48.20609,11.61644,25640,16.041944
DE,80992,München,Bayern,48.174878,11.517972,20834,4.260131
DE,80993,München,Bayern,48.1865,11.51923,16207,2.401043
DE,80995,München,Bayern,48.217177,11.515209,24081,24.21145
DE,80997,München,Bayern,48.191891,11.482457,22698,10.930837
DE,80999,München,Bayern,48.190928,11.451877,14831,8.413683
DE,81241,München,Bayern,48.140995,11.464113,20877,4.530186
DE,81243,München,Bayern,48.145315,11.436813,19098,3.920264
DE,81245,München,Bayern,48.16058,11.441936,25445,8.886998
DE,81247,München,Bayern,48.166844,11.467783,16330,4.938245
DE,81248,München,Bayern,48.148274,11.403147,121,1.984763
DE,81249,München,Bayern,48.168787,11.403992,17519,24.899701
DE,81369,München,Bayern,48.110727,11.531069,23294,2.038406
DE,81371,München,Bayern,48.114238,11.547764,23058,2.167561
DE,81373,München,Bayern,48.122895,11.530564,24275,2.390052
DE,81375,München,Bayern,48.118923,11.485238,22853,3.099704
DE,81377,München,Bayern,48.11019,11.493288,24272,6.76985
DE,81379,München,Bayern,48.099384,11.531833,23784,6.207256
DE,81475,München,Bayern,48.089543,11.480942,15079,2.571481
DE,81476,München,Bayern,48.08853,11.495694,15172,2.751227
DE,81477,München,Bayern,48.083057,11.507675,14152,3.184975
DE,81479,München,Bayern,48.077511,11.523406,15183,4.896482
DE,81539,München,Bayern,48.110716,11.589117,25433,1.899346
DE,81541,München,Bayern,48.120439,11.587411,25035,2.25431
DE,81543,München,Bayern,48.109879,11.564094,19962,2.943451
DE,81545,München,Bayern,48.087186,11.55725,12596,3.316705
DE,81547,München,Bayern,48.100529,11.575643,17735,2.302272
DE,81549,München,Bayern,48.097848,11.601228,24582,5.001028
DE,81667,München,Bayern,48.130641,11.599353,17082,1.205527
DE,81669,München,Bayern,48.120177,11.601086,16903,1.660407
DE,81671,München,Bayern,48.121863,11.618238,17950,2.293257
DE,81673,München,Bayern,48.128175,11.63148,22612,2.830201
DE,81675,München,Bayern,48.139322,11.602558,11770,1.618002
DE,81677,München,Bayern,48.13855,11.631421,13175,3.22414
DE,81679,München,Bayern,48.148157,11.608493,9142,1.569627
DE,81735,München,Bayern,48.109914,11.640618,23739,3.689091
DE,81737,München,Bayern,48.098749,11.632888,28379,5.325262
DE,81739,München,Bayern,48.088772,11.661057,23019,6.902256
DE,81825,München,Bayern,48.118672,11.660909,26239,4.969818
DE,81827,München,Bayern,48.107562,11.690391,22488,6.742075
DE,81829,München,Bayern,48.133761,11.688372,20707,10.291376
DE,81925,München,Bayern,48.162201,11.622311,16377,4.332202
DE,81927,München,Bayern,48.159048,11.637384,22877,3.554265
DE,81929,München,Bayern,48.160635,11.664145,14780,12.777325
DE,82008,Unterhaching,Bayern,48.066312,11.619097,22088,9.938813
DE,82024,Taufkirchen,Bayern,48.03299,11.632899,17501,21.970232
DE,82031,Grünwald,Bayern,48.045389,11.53532,10663,7.682591
DE,82041,Oberhaching,Bayern,48.003721,11.58134,12364,32.256203
DE,82049,"Pullach im Isartal",Bayern,48.056808,11.51902,8701,7.34808
DE,82054,Sauerlach,Bayern,47.959477,11.635604,7135,56.924833
DE,82057,Icking,Bayern,47.947638,11.423859,3563,16.741701
DE,82061,"Forstenrieder Park",Bayern,48.054396,11.456215,8336,45.567678
DE,82061,Neuried,Bayern,48.054396,11.456215,8336,45.567678
DE,82064,"Grünwalder Forst",Bayern,48.014195,11.535944,3213,61.916856
DE,82064,"Perlacher Forst",Bayern,48.014195,11.535944,3213,61.916856
DE,82064,Straßlach-Dingharting,Bayern,48.014195,11.535944,3213,61.916856
DE,82065,Baierbrunn,Bayern,48.014691,11.480138,2811,7.173146
DE,82067,Schäftlarn,Bayern,47.974832,11.458018,2097,5.054567
DE,82069,Schäftlarn,Bayern,47.996313,11.43875,3156,11.646201
DE,82110,Germering,Bayern,48.128994,11.360343,37700,21.596106
DE,82131,Gauting,Bayern,48.060499,11.355564,19296,56.183904
DE,82131,Neuried,Bayern,48.060499,11.355564,19296,56.183904
DE,82140,Olching,Bayern,48.210314,11.347375,24797,28.852833
DE,82152,Krailling,Bayern,48.100932,11.399425,16755,22.350668
DE,82152,Planegg,Bayern,48.100932,11.399425,16755,22.350668
DE,82166,Gräfelfing,Bayern,48.122694,11.436702,12708,9.563596
DE,82178,Puchheim,Bayern,48.162797,11.346411,19707,13.230735
DE,82194,Gröbenzell,Bayern,48.193577,11.375336,18994,6.390766
DE,82205,Gilching,Bayern,48.111361,11.276228,17062,31.49468
DE,82211,Ammersee,Bayern,48.002775,11.152159,10008,39.901312
DE,82211,"Herrsching am Ammersee",Bayern,48.002775,11.152159,10008,39.901312
DE,82216,Maisach,Bayern,48.231901,11.25375,12716,50.153148
DE,82223,Eichenau,Bayern,48.166392,11.315582,11521,7.426968
DE,82223,Emmering,Bayern,48.166392,11.315582,11521,7.426968
DE,82229,Seefeld,Bayern,48.036423,11.223888,7065,34.87591
DE,82234,Weßling,Bayern,48.073992,11.263274,5123,23.001187
DE,82237,Wörthsee,Bayern,48.080361,11.201918,4770,20.461811
DE,82239,Alling,Bayern,48.143086,11.279002,3530,21.035375
DE,82256,Fürstenfeldbruck,Bayern,48.180431,11.23281,33366,35.845215
DE,82256,Maisach,Bayern,48.180431,11.23281,33366,35.845215
DE,82266,Ammersee,Bayern,48.070842,11.152993,4294,27.778313
DE,82266,"Inning am Ammersee",Bayern,48.070842,11.152993,4294,27.778313
DE,82269,Geltendorf,Bayern,48.135355,11.006665,5442,34.800445
DE,82272,Moorenweis,Bayern,48.161591,11.064259,3841,45.355552
DE,82275,Emmering,Bayern,48.181521,11.293226,6137,10.407469
DE,82276,Adelshofen,Bayern,48.192531,11.104562,1571,13.291206
DE,82278,Althegnenberg,Bayern,48.225925,11.070432,1796,16.070731
DE,82279,"Eching am Ammersee",Bayern,48.080614,11.116734,1648,7.612542
DE,82281,Egenhofen,Bayern,48.260726,11.185129,3212,33.431017
DE,82284,Grafrath,Bayern,48.122983,11.16698,3624,14.399381
DE,82285,Hattenhofen,Bayern,48.223243,11.113619,1381,7.175174
DE,82287,Jesenwang,Bayern,48.163139,11.133517,1490,15.311004
DE,82288,Kottgeisering,Bayern,48.122427,11.127768,1587,8.263293
DE,82290,Landsberied,Bayern,48.160076,11.173114,1431,10.476149
DE,82291,Mammendorf,Bayern,48.207563,11.161118,4570,21.195421
DE,82293,Mittelstetten,Bayern,48.254773,11.099328,1651,18.619096
DE,82294,Oberschweinbach,Bayern,48.240519,11.146655,1586,7.265796
DE,82296,Schöngeising,Bayern,48.134269,11.20508,1844,12.930788
DE,82297,Steindorf,Bayern,48.213115,11.021104,892,16.158038
DE,82299,Türkenfeld,Bayern,48.10839,11.093806,3579,15.928797
DE,82319,Starnberg,Bayern,48.009665,11.332841,22163,63.723721
DE,82327,Tutzing,Bayern,47.909586,11.250531,9179,40.677375
DE,82335,Berg,Bayern,47.959502,11.373149,7971,44.006374
DE,82335,"Starnberger See",Bayern,47.959502,11.373149,7971,44.006374
DE,82340,Feldafing,Bayern,47.940604,11.292129,4248,13.70029
DE,82343,Pöcking,Bayern,47.970993,11.289679,5402,24.341519
DE,82346,Andechs,Bayern,47.968594,11.206596,3286,41.153144
DE,82347,"Bernried am Starnberger See",Bayern,47.866833,11.284978,2122,24.322913
DE,82347,"Starnberger See",Bayern,47.866833,11.284978,2122,24.322913
DE,82349,Krailling,Bayern,48.08131,11.336506,816,4.378407
DE,82362,"Weilheim in Oberbayern",Bayern,47.844355,11.146039,21179,56.148079
DE,82377,Penzberg,Bayern,47.761056,11.381259,16011,25.702411
DE,82380,Böbing,Bayern,47.793008,11.06399,12465,40.417571
DE,82380,Peißenberg,Bayern,47.793008,11.06399,12465,40.417571
DE,82383,Hohenpeißenberg,Bayern,47.801919,11.006428,3780,20.439047
DE,82386,Huglfing,Bayern,47.763908,11.12497,4607,39.270246
DE,82386,Oberhausen,Bayern,47.763908,11.12497,4607,39.270246
DE,82387,Antdorf,Bayern,47.756677,11.299926,1188,22.348041
DE,82389,Böbing,Bayern,47.747553,11.010202,1663,33.383177
DE,82390,Eberfing,Bayern,47.787367,11.221925,1336,25.981186
DE,82392,Habach,Bayern,47.727733,11.287157,1085,12.162769
DE,82393,Iffeldorf,Bayern,47.786892,11.323026,2489,27.509671
DE,82395,Obersöchering,Bayern,47.746103,11.231601,1486,24.309668
DE,82396,Pähl,Bayern,47.922156,11.170333,2261,34.632495
DE,82398,Polling,Bayern,47.811956,11.131103,3252,28.449007
DE,82399,Raisting,Bayern,47.904467,11.105948,2185,21.897874
DE,82401,Rottenbuch,Bayern,47.727907,10.963957,1760,31.622164
DE,82402,Seeshaupt,Bayern,47.825641,11.26917,3008,34.757808
DE,82404,Sindelsdorf,Bayern,47.719169,11.343173,1069,17.547
DE,82405,Wessobrunn,Bayern,47.862846,11.023763,2129,51.006778
DE,82407,Wielenbach,Bayern,47.871115,11.185006,3069,32.298801
DE,82409,Wildsteig,Bayern,47.668351,10.943781,1260,47.6142
DE,82418,"Murnau am Staffelsee",Bayern,47.680315,11.199223,15219,78.543869
DE,82418,Riegsee,Bayern,47.680315,11.199223,15219,78.543869
DE,82418,"Seehausen am Staffelsee",Bayern,47.680315,11.199223,15219,78.543869
DE,82418,Spatzenhausen,Bayern,47.680315,11.199223,15219,78.543869
DE,82431,"Kochel am See",Bayern,47.656606,11.37887,3448,43.922921
DE,82432,"Kochel am See",Bayern,47.593156,11.321491,505,36.34663
DE,82433,"Bad Kohlgrub",Bayern,47.664451,11.073914,2359,32.632258
DE,82435,"Bad Bayersoien",Bayern,47.695981,11.004809,1116,17.647857
DE,82436,Eglfing,Bayern,47.738,11.157084,960,16.19007
DE,82438,Eschenlohe,Bayern,47.585774,11.197585,1528,55.050877
DE,82439,Großweil,Bayern,47.684756,11.303265,1448,22.844129
DE,82441,Ohlstadt,Bayern,47.631749,11.239455,3170,41.139346
DE,82442,Saulgrub,Bayern,47.633803,10.989734,1613,35.52113
DE,82444,Schlehdorf,Bayern,47.645207,11.307805,1191,24.617018
DE,82445,Schwaigen,Bayern,47.622955,11.123425,602,23.529476
DE,82447,Spatzenhausen,Bayern,47.721778,11.200233,417,3.473107
DE,82449,"Uffing am Staffelsee",Bayern,47.708683,11.107779,2937,42.603566
DE,82467,Garmisch-Partenkirchen,Bayern,47.498122,11.043117,25552,282.576107
DE,82481,Mittenwald,Bayern,47.463751,11.295503,7349,132.797657
DE,82487,Oberammergau,Bayern,47.596236,11.071182,5156,30.019398
DE,82488,Ettal,Bayern,47.572592,11.04315,745,14.850068
DE,82490,Farchant,Bayern,47.534642,11.107618,3700,25.7462
DE,82491,Grainau,Bayern,47.454635,11.00681,3436,49.267008
DE,82493,Krün,Bayern,47.475333,11.203267,372,16.212247
DE,82494,Krün,Bayern,47.511836,11.239872,1510,20.105494
DE,82496,Oberau,Bayern,47.559969,11.144065,3041,17.874854
DE,82497,Unterammergau,Bayern,47.614641,11.020716,1495,30.038551
DE,82499,Wallgau,Bayern,47.541711,11.275939,1384,33.915648
DE,82515,Wolfratshausen,Bayern,47.909282,11.426519,17173,9.336276
DE,82538,Geretsried,Bayern,47.870287,11.460027,23040,28.925317
DE,82538,"Wolfratshauser Forst",Bayern,47.870287,11.460027,23040,28.925317
DE,82541,Münsing,Bayern,47.876323,11.352227,4117,71.425936
DE,82541,"Starnberger See",Bayern,47.876323,11.352227,4117,71.425936
DE,82544,Egling,Bayern,47.926943,11.510849,5289,77.926279
DE,82547,Eurasburg,Bayern,47.834581,11.401439,4176,40.904035
DE,82549,Königsdorf,Bayern,47.812558,11.466573,2973,45.469062
DE,83022,Rosenheim,Bayern,47.854918,12.129222,18749,4.489222
DE,83024,Rosenheim,Bayern,47.868896,12.108033,16249,9.466746
DE,83026,Rosenheim,Bayern,47.829911,12.099448,24356,25.194957
DE,83043,"Bad Aibling",Bayern,47.86307,12.003177,17050,41.482046
DE,83052,Bruckmühl,Bayern,47.889541,11.933676,15732,50.265417
DE,83059,Kolbermoor,Bayern,47.843036,12.047605,17677,19.913787
DE,83064,Raubling,Bayern,47.78502,12.085239,11053,40.787294
DE,83071,Stephanskirchen,Bayern,47.862695,12.180956,9848,26.506163
DE,83075,"Bad Feilnbach",Bayern,47.787131,11.999526,7549,57.499015
DE,83080,Oberaudorf,Bayern,47.663657,12.113803,4872,58.359829
DE,83083,Riedering,Bayern,47.839532,12.237549,5446,38.105785
DE,83088,Kiefersfelden,Bayern,47.625983,12.127022,6446,37.724772
DE,83093,"Bad Endorf",Bayern,47.9041,12.301316,7906,40.191454
DE,83098,Brannenburg,Bayern,47.72895,12.069909,5626,33.733771
DE,83101,Rohrdorf,Bayern,47.807374,12.186072,5412,29.447152
DE,83104,Tuntenhausen,Bayern,47.946984,12.014787,6891,79.346697
DE,83109,Großkarolinenfeld,Bayern,47.900327,12.067978,6930,29.12434
DE,83112,Frasdorf,Bayern,47.797629,12.282417,2921,32.772539
DE,83115,Neubeuern,Bayern,47.780225,12.149866,4254,16.13477
DE,83119,Obing,Bayern,48.014193,12.400581,3975,43.851602
DE,83122,Samerberg,Bayern,47.761344,12.215026,2605,33.422345
DE,83123,Amerang,Bayern,48.011528,12.310376,3545,39.817314
DE,83125,Eggstätt,Bayern,47.933214,12.385203,2784,24.359504
DE,83126,"Flintsbach am Inn",Bayern,47.704424,12.104717,2860,31.309972
DE,83128,Halfing,Bayern,47.952368,12.267465,2627,22.817032
DE,83129,Höslwang,Bayern,47.948154,12.320216,1220,16.211537
DE,83131,"Nußdorf am Inn",Bayern,47.728663,12.176386,2595,28.595936
DE,83132,Pittenhart,Bayern,47.974521,12.376837,1647,27.897924
DE,83134,Prutting,Bayern,47.887926,12.191697,2554,16.212289
DE,83135,Schechen,Bayern,47.926249,12.119741,4536,31.400327
DE,83137,Schonstett,Bayern,47.986931,12.253899,1261,13.54505
DE,83139,Söchtenau,Bayern,47.919428,12.230618,2598,25.603306
DE,83209,Chiemsee,Bayern,47.850926,12.363737,9894,40.188305
DE,83209,"Prien am Chiemsee",Bayern,47.850926,12.363737,9894,40.188305
DE,83224,Grassau,Bayern,47.783422,12.454857,7437,55.340593
DE,83224,Staudach-Egerndach,Bayern,47.783422,12.454857,7437,55.340593
DE,83229,"Aschau im Chiemgau",Bayern,47.743207,12.309943,5449,79.581794
DE,83233,"Bernau am Chiemsee",Bayern,47.81509,12.374948,6629,26.860547
DE,83236,Übersee,Bayern,47.82678,12.477462,4851,30.573492
DE,83242,"Reit im Winkl",Bayern,47.667654,12.521011,2372,71.92547
DE,83246,Unterwössen,Bayern,47.720058,12.471341,3450,40.233505
DE,83250,Marquartstein,Bayern,47.757729,12.451418,3172,13.41479
DE,83253,Rimsting,Bayern,47.874916,12.328021,3729,19.965854
DE,83254,"Breitbrunn am Chiemsee",Bayern,47.893644,12.384444,1553,8.069582
DE,83256,Chiemsee,Bayern,47.883927,12.469407,244,61.002677
DE,83257,"Gstadt am Chiemsee",Bayern,47.904321,12.416772,1153,10.683599
DE,83259,Schleching,Bayern,47.721856,12.383071,1663,45.210448
DE,83278,Traunstein,Bayern,47.879664,12.643979,18705,48.589091
DE,83301,Traunreut,Bayern,47.955671,12.582475,15125,22.942382
DE,83308,Trostberg,Bayern,48.03127,12.565621,11229,51.735039
DE,83313,Siegsdorf,Bayern,47.810828,12.677952,8100,57.108928
DE,83317,Teisendorf,Bayern,47.854959,12.818898,8259,70.521086
DE,83324,Ruhpolding,Bayern,47.730205,12.627343,6411,147.932105
DE,83329,"Waging am See",Bayern,47.937272,12.730473,6463,58.580619
DE,83334,Inzell,Bayern,47.768221,12.768286,4498,45.270359
DE,83339,Chieming,Bayern,47.914102,12.539412,4678,37.699509
DE,83342,Tacherting,Bayern,48.082285,12.508203,5502,50.184325
DE,83346,Bergen,Bayern,47.794017,12.572751,4786,36.95773
DE,83349,Palling,Bayern,48.006056,12.649125,3393,53.876196
DE,83352,"Altenmarkt an der Alz",Bayern,48.002074,12.505799,4231,26.127745
DE,83355,Grabenstätt,Bayern,47.845474,12.550461,4183,37.779011
DE,83358,Seeon-Seebruck,Bayern,47.938154,12.455592,1215,10.801461
DE,83361,Kienberg,Bayern,48.040241,12.467507,1375,22.830233
DE,83362,Surberg,Bayern,47.869857,12.702224,3115,23.748528
DE,83364,Teisendorf,Bayern,47.826691,12.757609,936,16.078857
DE,83365,Nußdorf,Bayern,47.910709,12.594461,2444,16.146845
DE,83367,Petting,Bayern,47.903793,12.822099,2294,29.843503
DE,83368,Traunreut,Bayern,47.978423,12.579762,1436,6.766384
DE,83370,Seeon-Seebruck,Bayern,47.972238,12.459142,1761,23.891035
DE,83371,Traunreut,Bayern,47.987591,12.557796,1370,3.277667
DE,83373,"Taching am See",Bayern,47.980248,12.71822,1946,26.689578
DE,83374,Traunreut,Bayern,47.942388,12.626479,2012,12.122943
DE,83376,Seeon-Seebruck,Bayern,47.958576,12.502915,1560,13.154885
DE,83377,Vachendorf,Bayern,47.842217,12.597257,1843,9.961
DE,83379,Wonneberg,Bayern,47.901824,12.717924,1472,18.101415
DE,83395,Freilassing,Bayern,47.845202,12.975046,15796,14.808913
DE,83404,Ainring,Bayern,47.81972,12.927225,9536,32.952861
DE,83410,Laufen,Bayern,47.925464,12.900528,6829,35.231207
DE,83413,Fridolfing,Bayern,47.99436,12.822744,4121,44.336334
DE,83416,Saaldorf-Surheim,Bayern,47.879644,12.928,5253,39.235244
DE,83417,Kirchanschöring,Bayern,47.949356,12.822038,3117,24.97193
DE,83435,"Bad Reichenhall",Bayern,47.730167,12.861203,16853,42.03453
DE,83451,Piding,Bayern,47.770715,12.897823,5156,17.658841
DE,83454,Anger,Bayern,47.796839,12.846256,4307,46.031018
DE,83457,"Bayerisch Gmain",Bayern,47.710039,12.902221,2868,12.32223
DE,83458,Schneizlreuth,Bayern,47.688341,12.796934,1351,107.489896
DE,83471,Berchtesgaden,Bayern,47.579929,13.002088,12968,197.159071
DE,83471,Eck,Bayern,47.579929,13.002088,12968,197.159071
DE,83471,"Schellenberger Forst",Bayern,47.579929,13.002088,12968,197.159071
DE,83471,"Schönau am Königssee",Bayern,47.579929,13.002088,12968,197.159071
DE,83483,Bischofswiesen,Bayern,47.662132,12.944106,7421,62.179893
DE,83486,"Ramsau bei Berchtesgaden",Bayern,47.584037,12.871537,1734,129.343277
DE,83487,Marktschellenberg,Bayern,47.683094,13.044181,1721,17.627334
DE,83512,"Wasserburg am Inn",Bayern,48.054208,12.200459,12154,18.808295
DE,83527,"Haag in Oberbayern",Bayern,48.174136,12.171953,7636,41.465778
DE,83527,Kirchdorf,Bayern,48.174136,12.171953,7636,41.465778
DE,83530,Schnaitsee,Bayern,48.078706,12.393912,3517,61.239021
DE,83533,Edling,Bayern,48.058503,12.149033,4199,20.063744
DE,83536,"Gars am Inn",Bayern,48.153844,12.259584,2047,22.150657
DE,83539,Pfaffing,Bayern,48.053031,12.103614,3854,35.37427
DE,83543,"Rott am Inn",Bayern,47.988225,12.126384,3669,19.589466
DE,83544,Albaching,Bayern,48.107273,12.11435,1654,18.143985
DE,83546,"Gars am Inn",Bayern,48.174636,12.318405,438,9.420509
DE,83547,Babensham,Bayern,48.088166,12.295468,2902,54.368917
DE,83549,Eiselfing,Bayern,48.032517,12.246693,2883,34.866793
DE,83550,Emmering,Bayern,47.993404,12.062316,1451,17.297364
DE,83553,Frauenneuharting,Bayern,48.03375,12.046791,1446,22.675751
DE,83555,"Gars am Inn",Bayern,48.143768,12.297961,834,4.690452
DE,83556,Griesstätt,Bayern,47.989997,12.189801,2553,29.644192
DE,83558,Maitenbeth,Bayern,48.14652,12.091662,1907,30.980008
DE,83559,"Gars am Inn",Bayern,48.154337,12.332682,420,7.390314
DE,83561,Ramerberg,Bayern,48.015011,12.146895,1338,8.113524
DE,83562,Rechtmehring,Bayern,48.11916,12.163362,1807,24.430372
DE,83564,Soyen,Bayern,48.1045,12.214733,2707,28.920458
DE,83567,Unterreit,Bayern,48.129247,12.334617,1699,32.332025
DE,83569,Vogtareuth,Bayern,47.931511,12.176443,3042,34.290771
DE,83607,Holzkirchen,Bayern,47.864245,11.679322,15386,48.314878
DE,83620,Feldkirchen-Westerham,Bayern,47.911624,11.863171,10283,53.276581
DE,83623,Dietramszell,Bayern,47.869113,11.575428,5268,96.787506
DE,83624,Otterfing,Bayern,47.914373,11.674143,4420,21.135996
DE,83626,Valley,Bayern,47.8859,11.763055,2946,42.236406
DE,83627,Warngau,Bayern,47.817581,11.737903,3663,51.317251
DE,83629,Weyarn,Bayern,47.858047,11.814978,3276,46.621695
DE,83646,"Bad Tölz",Bayern,47.754539,11.533733,20881,96.028429
DE,83646,Wackersberg,Bayern,47.754539,11.533733,20881,96.028429
DE,83661,Lenggries,Bayern,47.59644,11.534447,9623,242.997808
DE,83666,Waakirchen,Bayern,47.771429,11.675649,5496,42.399254
DE,83670,"Bad Heilbrunn",Bayern,47.754673,11.450707,3693,40.31137
DE,83671,Benediktbeuern,Bayern,47.689614,11.422246,3512,37.869888
DE,83673,Bichl,Bayern,47.719235,11.432703,2080,13.917969
DE,83674,Gaißach,Bayern,47.716866,11.609755,3000,38.347166
DE,83676,Jachenau,Bayern,47.596009,11.429408,851,128.501132
DE,83677,Greiling,Bayern,47.761128,11.624511,3661,22.933339
DE,83677,Reichersbeuern,Bayern,47.761128,11.624511,3661,22.933339
DE,83679,Sachsenkam,Bayern,47.808592,11.629492,1284,15.927378
DE,83684,Tegernsee,Bayern,47.71464,11.764051,3658,22.653479
DE,83700,Kreuth,Bayern,47.652591,11.823881,6922,60.444429
DE,83700,Rottach-Egern,Bayern,47.652591,11.823881,6922,60.444429
DE,83703,Gmund,Bayern,47.752952,11.744835,5761,34.453089
DE,83707,"Bad Wiessee",Bayern,47.700594,11.694967,4593,33.052455
DE,83707,Kreuth,Bayern,47.700594,11.694967,4593,33.052455
DE,83708,Kreuth,Bayern,47.625039,11.729955,1963,120.750539
DE,83714,Miesbach,Bayern,47.787568,11.835287,11022,32.44999
DE,83727,Schliersee,Bayern,47.686542,11.875677,6675,80.105615
DE,83730,Fischbachau,Bayern,47.736799,11.947954,5525,75.857462
DE,83734,Hausham,Bayern,47.753172,11.827856,8027,22.300643
DE,83735,Bayrischzell,Bayern,47.657468,11.986161,1475,78.478073
DE,83737,Irschenberg,Bayern,47.820454,11.897012,3027,53.992235
DE,84028,Landshut,Bayern,48.541528,12.167497,11866,3.991295
DE,84030,Ergolding,Bayern,48.587391,12.135221,14805,40.52589
DE,84030,Landshut,Bayern,48.587391,12.135221,14805,40.52589
DE,84032,Altdorf,Bayern,48.56075,12.089724,20551,26.526798
DE,84032,Landshut,Bayern,48.56075,12.089724,20551,26.526798
DE,84034,Landshut,Bayern,48.528185,12.090356,21661,21.19536
DE,84036,Kumhausen,Bayern,48.524444,12.198155,22204,71.006117
DE,84036,Landshut,Bayern,48.524444,12.198155,22204,71.006117
DE,84048,Mainburg,Bayern,48.641866,11.765396,14027,61.612465
DE,84051,Essenbach,Bayern,48.62171,12.217083,11118,83.547538
DE,84056,"Rottenburg a. d. Laaber",Bayern,48.716434,12.038486,7653,90.199923
DE,84061,Ergoldsbach,Bayern,48.690876,12.214227,7399,56.527278
DE,84066,Mallersdorf-Pfaffenberg,Bayern,48.772589,12.222264,6369,72.622826
DE,84069,Schierling,Bayern,48.82563,12.158742,7339,77.520367
DE,84072,"Au in der Hallertau",Bayern,48.550141,11.717085,5588,55.002585
DE,84076,Pfeffenhausen,Bayern,48.663687,11.942709,4704,71.752481
DE,84079,Bruckberg,Bayern,48.539376,12.004243,5106,51.129174
DE,84082,Laberweinting,Bayern,48.78148,12.31526,3359,76.250759
DE,84085,Langquaid,Bayern,48.830177,12.051574,5254,56.638128
DE,84088,"Neufahrn in Niederbayern",Bayern,48.735574,12.151457,3820,39.195462
DE,84089,Aiglsbach,Bayern,48.692699,11.712716,1662,39.765085
DE,84091,Attenhofen,Bayern,48.657059,11.847136,1350,31.315404
DE,84092,"Bayerbach bei Ergoldsbach",Bayern,48.710203,12.299286,1737,25.430172
DE,84094,Elsendorf,Bayern,48.69972,11.821421,1996,32.633362
DE,84095,Furth,Bayern,48.58812,12.019768,3407,20.985816
DE,84097,Herrngiersdorf,Bayern,48.784876,12.068444,1181,25.122806
DE,84098,Hohenthann,Bayern,48.659934,12.097356,3848,68.305306
DE,84100,Niederaichbach,Bayern,48.591826,12.320211,3636,34.09674
DE,84101,Obersüßbach,Bayern,48.601279,11.935376,1714,23.609183
DE,84103,Postau,Bayern,48.657541,12.311815,1626,34.833239
DE,84104,Rudelzhausen,Bayern,48.587441,11.783351,3260,40.856622
DE,84106,Volkenschwand,Bayern,48.609138,11.862884,1678,29.234806
DE,84107,Weihmichl,Bayern,48.619197,12.020818,2443,32.128273
DE,84109,"Wörth a.d.Isar",Bayern,48.626705,12.341416,2440,4.843928
DE,84130,Dingolfing,Bayern,48.621068,12.479641,17839,44.200682
DE,84137,Vilsbiburg,Bayern,48.440671,12.345373,11152,69.064153
DE,84140,Gangkofen,Bayern,48.461392,12.561494,6463,108.853749
DE,84144,Geisenhausen,Bayern,48.469592,12.266988,6476,62.278908
DE,84149,Velden,Bayern,48.369111,12.268702,6467,49.423618
DE,84152,Mengkofen,Bayern,48.724995,12.429368,5864,84.762824
DE,84155,Bodenkirchen,Bayern,48.407547,12.411527,5268,62.105132
DE,84160,Frontenhausen,Bayern,48.521247,12.527474,4428,30.419768
DE,84163,Marklkofen,Bayern,48.560172,12.555463,3579,40.701692
DE,84164,Moosthenning,Bayern,48.682723,12.480121,4700,70.422021
DE,84166,Adlkofen,Bayern,48.536357,12.282313,3830,47.884624
DE,84168,Aham,Bayern,48.525995,12.465229,1932,37.992493
DE,84169,Altfraunhofen,Bayern,48.445981,12.189625,2065,24.24237
DE,84171,Baierbach,Bayern,48.414371,12.197332,794,16.780867
DE,84172,"Buch am Erlbach",Bayern,48.442581,12.046145,3475,26.713904
DE,84174,Eching,Bayern,48.486442,12.049294,3737,30.173614
DE,84175,Gerzen,Bayern,48.485137,12.420019,2602,39.750851
DE,84175,Schalkham,Bayern,48.485137,12.420019,2602,39.750851
DE,84177,Gottfrieding,Bayern,48.629145,12.535464,2072,27.060824
DE,84178,Kröning,Bayern,48.534758,12.367283,1963,39.639738
DE,84180,Loiching,Bayern,48.59069,12.428435,3467,38.968732
DE,84181,Neufraunhofen,Bayern,48.392891,12.223452,1056,17.990259
DE,84183,Niederviehbach,Bayern,48.602056,12.38314,2453,29.610712
DE,84184,Tiefenbach,Bayern,48.490618,12.112372,3625,24.71488
DE,84186,Vilsheim,Bayern,48.448131,12.120141,2395,21.734565
DE,84187,Weng,Bayern,48.666153,12.364603,1366,15.606888
DE,84189,Wurmsham,Bayern,48.352515,12.325737,1316,28.16351
DE,84307,Eggenfelden,Bayern,48.406184,12.750734,12790,44.393778
DE,84323,Massing,Bayern,48.400554,12.617492,4009,36.178594
DE,84326,Falkenberg,Bayern,48.470167,12.709725,4669,89.546287
DE,84326,Rimbach,Bayern,48.470167,12.709725,4669,89.546287
DE,84329,Wurmannsquick,Bayern,48.355758,12.811925,3743,49.329188
DE,84332,Hebertsfelden,Bayern,48.42708,12.8194,3644,49.896645
DE,84333,Malgersdorf,Bayern,48.526091,12.739728,1233,11.47289
DE,84335,Mitterskirchen,Bayern,48.347326,12.72911,2053,24.73455
DE,84337,Schönau,Bayern,48.493149,12.840236,1955,36.155683
DE,84339,Unterdietfurt,Bayern,48.389675,12.674111,2090,27.459247
DE,84347,Pfarrkirchen,Bayern,48.441454,12.957621,11696,52.390594
DE,84359,Simbach,Bayern,48.289314,13.015598,9643,47.360537
DE,84364,"Bad Birnbach",Bayern,48.445976,13.067818,5517,68.91314
DE,84367,Reut,Bayern,48.320188,12.898733,7911,97.191502
DE,84367,Tann,Bayern,48.320188,12.898733,7911,97.191502
DE,84367,Zeilarn,Bayern,48.320188,12.898733,7911,97.191502
DE,84371,Triftern,Bayern,48.388914,13.004462,5255,62.442272
DE,84375,"Kirchdorf am Inn",Bayern,48.239181,12.957699,5241,31.794661
DE,84378,Dietersburg,Bayern,48.498583,12.950888,3163,55.162497
DE,84381,Johanniskirchen,Bayern,48.544158,12.961998,2437,40.565174
DE,84384,Wittibreut,Bayern,48.341982,13.011014,2051,38.360889
DE,84385,Egglham,Bayern,48.520658,13.05776,2388,36.832336
DE,84387,Julbach,Bayern,48.253305,12.933404,2327,11.218125
DE,84389,Postmünster,Bayern,48.427666,12.889277,2357,43.466983
DE,84405,Dorfen,Bayern,48.280218,12.165749,13925,99.533637
DE,84416,"Inning am Holz",Bayern,48.339704,12.136312,10510,82.116708
DE,84416,Taufkirchen,Bayern,48.339704,12.136312,10510,82.116708
DE,84419,Obertaufkirchen,Bayern,48.250757,12.265402,5781,52.40787
DE,84419,Schwindegg,Bayern,48.250757,12.265402,5781,52.40787
DE,84424,Isen,Bayern,48.19112,12.05858,5412,43.82273
DE,84427,"Sankt Wolfgang",Bayern,48.219624,12.146991,4288,46.359612
DE,84428,Buchbach,Bayern,48.307272,12.303043,3046,28.773944
DE,84431,Heldenstein,Bayern,48.238286,12.340637,3390,39.77165
DE,84431,Rattenkirchen,Bayern,48.238286,12.340637,3390,39.77165
DE,84432,Hohenpolding,Bayern,48.397285,12.132271,1454,27.447887
DE,84434,Kirchberg,Bayern,48.408801,12.062364,957,17.099881
DE,84435,Lengdorf,Bayern,48.260582,12.046722,2701,33.894881
DE,84437,Reichertsheim,Bayern,48.186846,12.256222,1644,31.351296
DE,84439,Steinkirchen,Bayern,48.376505,12.083509,1193,18.085514
DE,84453,"Mühldorf a. Inn",Bayern,48.249385,12.518375,16849,29.505695
DE,84478,Waldkraiburg,Bayern,48.201871,12.420702,21345,21.607969
DE,84489,Burghausen,Bayern,48.164958,12.815413,17504,19.877571
DE,84494,Lohkirchen,Bayern,48.351471,12.516312,9278,127.38957
DE,84494,"Neumarkt-Sankt Veit",Bayern,48.351471,12.516312,9278,127.38957
DE,84494,Niederbergkirchen,Bayern,48.351471,12.516312,9278,127.38957
DE,84494,Niedertaufkirchen,Bayern,48.351471,12.516312,9278,127.38957
DE,84503,Altötting,Bayern,48.228021,12.665793,12449,23.099576
DE,84508,"Burgkirchen an der Alz",Bayern,48.150279,12.722887,10028,46.258152
DE,84513,Erharting,Bayern,48.269063,12.580779,9996,27.29306
DE,84513,"Töging am Inn",Bayern,48.269063,12.580779,9996,27.29306
DE,84518,"Garching an der Alz",Bayern,48.135192,12.586973,8490,25.942432
DE,84524,Neuötting,Bayern,48.242369,12.745656,8328,36.733015
DE,84529,Tittmoning,Bayern,48.046727,12.74015,5870,72.124327
DE,84533,Haiming,Bayern,48.238502,12.853924,6103,62.393717
DE,84533,Marktl,Bayern,48.238502,12.853924,6103,62.393717
DE,84533,Stammham,Bayern,48.238502,12.853924,6103,62.393717
DE,84539,Ampfing,Bayern,48.26129,12.402808,7207,48.221163
DE,84539,Zangberg,Bayern,48.26129,12.402808,7207,48.221163
DE,84543,Winhöring,Bayern,48.269801,12.655796,4662,24.554329
DE,84544,"Aschau am Inn",Bayern,48.19837,12.355493,3087,20.781958
DE,84546,Egglkofen,Bayern,48.392043,12.453425,1230,14.021631
DE,84547,Emmerting,Bayern,48.207242,12.762566,4049,14.036468
DE,84549,Engelsberg,Bayern,48.125847,12.521966,2612,34.15716
DE,84550,"Feichten an der Alz",Bayern,48.088827,12.599849,1186,17.904214
DE,84552,Geratskirchen,Bayern,48.351955,12.651899,849,12.922317
DE,84553,Halsbach,Bayern,48.118867,12.682942,978,22.028716
DE,84555,Jettenbach,Bayern,48.161194,12.373629,705,9.14764
DE,84556,Kastl,Bayern,48.18779,12.686797,2672,27.661177
DE,84558,Kirchweidach,Bayern,48.081738,12.654562,3209,40.717921
DE,84558,Tyrlaching,Bayern,48.081738,12.654562,3209,40.717921
DE,84559,Kraiburg,Bayern,48.179284,12.44675,3904,27.629765
DE,84561,Mehring,Bayern,48.18479,12.790935,2236,23.380524
DE,84562,Mettenheim,Bayern,48.272392,12.473678,3420,27.142277
DE,84564,Oberbergkirchen,Bayern,48.313585,12.380955,1642,27.545303
DE,84565,Oberneukirchen,Bayern,48.169019,12.516454,862,19.62655
DE,84567,Erlbach,Bayern,48.293336,12.779404,2382,42.304802
DE,84567,Perach,Bayern,48.293336,12.779404,2382,42.304802
DE,84568,Pleiskirchen,Bayern,48.316919,12.628814,2388,52.579277
DE,84570,Polling,Bayern,48.207906,12.539182,3291,43.876632
DE,84571,Reischach,Bayern,48.294655,12.714258,2615,28.461992
DE,84573,Schönberg,Bayern,48.344839,12.424444,953,25.403972
DE,84574,Taufkirchen,Bayern,48.141189,12.445738,1390,25.304673
DE,84576,Teising,Bayern,48.229761,12.61179,1847,5.373548
DE,84577,Tüßling,Bayern,48.206206,12.614407,3199,19.622653
DE,84579,Unterneukirchen,Bayern,48.167705,12.621548,2901,23.242359
DE,85049,Ingolstadt,Bayern,48.763012,11.342666,24603,46.326671
DE,85051,Ingolstadt,Bayern,48.722717,11.394779,31592,38.78506
DE,85053,Ingolstadt,Bayern,48.746028,11.467067,15592,16.240651
DE,85055,Ingolstadt,Bayern,48.786857,11.444854,32559,26.76041
DE,85057,Ingolstadt,Bayern,48.780174,11.404481,20627,6.769537
DE,85072,Eichstätt,Bayern,48.889327,11.194758,13166,48.373104
DE,85077,Manching,Bayern,48.715432,11.502079,11251,35.351135
DE,85080,Gaimersheim,Bayern,48.813659,11.36401,11076,28.212933
DE,85084,Reichertshofen,Bayern,48.65616,11.500459,7485,36.658909
DE,85088,"Vohburg an der Donau",Bayern,48.76952,11.612505,7269,45.10331
DE,85092,Kösching,Bayern,48.836209,11.519447,8956,51.83433
DE,85092,Lenting,Bayern,48.836209,11.519447,8956,51.83433
DE,85095,Denkendorf,Bayern,48.927605,11.469377,4388,47.775536
DE,85098,Großmehring,Bayern,48.781388,11.544529,6365,46.311662
DE,85101,Lenting,Bayern,48.809846,11.45426,4565,8.151237
DE,85104,Pförring,Bayern,48.819708,11.687632,3556,43.402693
DE,85107,Baar-Ebenhausen,Bayern,48.680474,11.473223,4990,14.790934
DE,85110,Kipfenberg,Bayern,48.938948,11.382654,5530,81.382867
DE,85111,Adelschlag,Bayern,48.844246,11.203774,2802,51.865902
DE,85113,Böhmfeld,Bayern,48.869918,11.370094,1616,16.273653
DE,85114,Buxheim,Bayern,48.814339,11.286432,3486,22.492648
DE,85116,Egweil,Bayern,48.787193,11.224681,1104,9.400154
DE,85117,Eitensheim,Bayern,48.826297,11.315005,2769,15.698225
DE,85119,Ernsgaden,Bayern,48.72425,11.567801,1490,7.467944
DE,85120,Hepberg,Bayern,48.827911,11.460488,2462,4.174139
DE,85122,Hitzhofen,Bayern,48.87465,11.315883,2805,33.68583
DE,85123,Karlskron,Bayern,48.66831,11.399542,4728,38.510838
DE,85125,Kinding,Bayern,49.002038,11.382439,2531,57.067546
DE,85126,Münchsmünster,Bayern,48.765188,11.676101,2812,16.182576
DE,85128,Nassenfels,Bayern,48.805449,11.221669,1966,18.493886
DE,85129,Oberdolling,Bayern,48.836226,11.597324,1188,19.307679
DE,85131,Pollenfeld,Bayern,48.944522,11.211439,2751,45.684939
DE,85132,Schernfeld,Bayern,48.926081,11.106413,3026,51.731155
DE,85134,Stammham,Bayern,48.869266,11.470851,3674,43.277032
DE,85135,Titting,Bayern,49.000885,11.217575,2679,71.072526
DE,85137,Walting,Bayern,48.920391,11.303474,2289,39.780806
DE,85139,Wettstetten,Bayern,48.833839,11.411162,4709,12.427761
DE,85221,Dachau,Bayern,48.268073,11.439893,43425,34.972661
DE,85229,"Markt Indersdorf",Bayern,48.369804,11.359763,9439,68.338478
DE,85232,Bergkirchen,Bayern,48.255526,11.359963,7171,60.042405
DE,85235,Odelzhausen,Bayern,48.310183,11.182293,6225,51.274318
DE,85235,"Pfaffenhofen an der Glonn",Bayern,48.310183,11.182293,6225,51.274318
DE,85238,Petershausen,Bayern,48.407632,11.476817,6081,32.803771
DE,85241,Hebertshausen,Bayern,48.299158,11.478257,5236,27.280536
DE,85244,Röhrmoos,Bayern,48.331768,11.458292,6070,31.753722
DE,85247,Schwabhausen,Bayern,48.307676,11.342646,6105,30.284029
DE,85250,Altomünster,Bayern,48.389701,11.23787,7345,75.692342
DE,85253,Erdweg,Bayern,48.332736,11.283277,5497,36.100407
DE,85254,Sulzemoos,Bayern,48.286367,11.259274,1654,17.141775
DE,85256,Vierkirchen,Bayern,48.365361,11.466255,4226,19.372761
DE,85258,Weichs,Bayern,48.386972,11.415025,3164,18.851923
DE,85259,Sulzemoos,Bayern,48.298476,11.232004,899,1.883226
DE,85276,Hettenshausen,Bayern,48.549288,11.493994,25140,98.724462
DE,85276,"Pfaffenhofen an der Ilm",Bayern,48.549288,11.493994,25140,98.724462
DE,85283,Wolnzach,Bayern,48.602594,11.630574,10756,91.507124
DE,85290,Geisenfeld,Bayern,48.683873,11.619966,9940,88.331537
DE,85293,Reichertshausen,Bayern,48.454625,11.478025,4910,23.64478
DE,85296,"Rohrbach an der Ilm",Bayern,48.614414,11.544027,5615,29.696688
DE,85298,Scheyern,Bayern,48.50131,11.433326,4636,38.322928
DE,85301,Schweitenkirchen,Bayern,48.514709,11.613844,4842,53.053331
DE,85302,Gerolsbach,Bayern,48.489492,11.355711,3290,58.900028
DE,85304,Hettenshausen,Bayern,48.490099,11.514883,2356,23.080025
DE,85304,Ilmmünster,Bayern,48.490099,11.514883,2356,23.080025
DE,85305,Jetzendorf,Bayern,48.438441,11.407537,2923,21.669642
DE,85307,Hettenshausen,Bayern,48.474691,11.563441,1718,16.020981
DE,85307,Paunzhausen,Bayern,48.474691,11.563441,1718,16.020981
DE,85309,Pörnbach,Bayern,48.613653,11.471552,2028,22.690666
DE,85354,Freising,Bayern,48.393451,11.706138,24763,55.484918
DE,85356,Freising,Bayern,48.378903,11.769655,19852,46.739332
DE,85356,Hallbergmoos,Bayern,48.378903,11.769655,19852,46.739332
DE,85356,Oberding,Bayern,48.378903,11.769655,19852,46.739332
DE,85368,Moosburg,Bayern,48.476666,11.930678,19096,75.05759
DE,85368,Wang,Bayern,48.476666,11.930678,19096,75.05759
DE,85375,"Neufahrn bei Freising",Bayern,48.321204,11.671706,16355,24.416176
DE,85376,"Neufahrn bei Freising",Bayern,48.350497,11.636271,2051,21.09953
DE,85386,Eching,Bayern,48.297011,11.625479,12786,37.228542
DE,85391,Allershausen,Bayern,48.433966,11.59039,5094,26.51244
DE,85395,Attenkirchen,Bayern,48.497082,11.724689,4936,42.178685
DE,85395,Wolfersdorf,Bayern,48.497082,11.724689,4936,42.178685
DE,85399,Hallbergmoos,Bayern,48.310479,11.729658,9219,31.337936
DE,85402,Kranzberg,Bayern,48.404863,11.626921,3969,39.541687
DE,85405,Nandlstadt,Bayern,48.530799,11.811249,4912,34.346255
DE,85406,Zolling,Bayern,48.468513,11.768013,4456,34.516211
DE,85408,Gammelsdorf,Bayern,48.555481,11.936752,1382,21.635577
DE,85410,"Haag an der Amper",Bayern,48.470199,11.835344,2777,21.714988
DE,85411,Hohenkammer,Bayern,48.425826,11.533504,2310,25.737945
DE,85413,Hörgertshausen,Bayern,48.557319,11.870676,1844,21.428561
DE,85414,"Kirchdorf an der Amper",Bayern,48.459116,11.662217,2740,32.947454
DE,85416,Langenbach,Bayern,48.434396,11.854775,3870,26.918807
DE,85417,Marzling,Bayern,48.405601,11.806533,2937,20.394384
DE,85419,Mauern,Bayern,48.524208,11.902197,2787,24.187432
DE,85435,Erding,Bayern,48.306415,11.914188,33535,54.538266
DE,85445,Oberding,Bayern,48.328628,11.827629,5351,54.977679
DE,85447,Fraunberg,Bayern,48.36052,12.001809,3385,42.5376
DE,85452,Moosinning,Bayern,48.277453,11.807933,5393,40.009909
DE,85456,Wartenberg,Bayern,48.394886,11.984265,4747,17.746204
DE,85457,Wörth,Bayern,48.241466,11.913742,4363,21.037588
DE,85459,Berglern,Bayern,48.391889,11.921077,2556,19.905846
DE,85461,Bockhorn,Bayern,48.307865,11.996278,3537,47.244668
DE,85462,Eitting,Bayern,48.37845,11.870717,2376,35.674066
DE,85464,Finsing,Bayern,48.231217,11.795788,4157,23.143476
DE,85465,Langenpreising,Bayern,48.426191,11.967692,2608,27.437828
DE,85467,Neuching,Bayern,48.243892,11.833684,2393,19.675092
DE,85469,Walpertskirchen,Bayern,48.258777,11.976692,2033,18.458822
DE,85521,Hohenbrunn,Bayern,48.060689,11.672885,25320,9.134126
DE,85521,Ottobrunn,Bayern,48.060689,11.672885,25320,9.134126
DE,85540,Haar,Bayern,48.118061,11.732875,19238,12.888868
DE,85551,"Kirchheim bei München",Bayern,48.182319,11.751037,12384,15.599377
DE,85560,"Anzinger Forst",Bayern,48.106087,11.947801,11091,77.968874
DE,85560,Ebersberg,Bayern,48.106087,11.947801,11091,77.968874
DE,85560,"Ebersberger Forst",Bayern,48.106087,11.947801,11091,77.968874
DE,85567,Bruck,Bayern,48.031201,11.950563,13948,51.192338
DE,85567,"Grafing bei München",Bayern,48.031201,11.950563,13948,51.192338
DE,85570,"Markt Schwaben",Bayern,48.20134,11.873294,13988,21.194828
DE,85570,Ottenhofen,Bayern,48.20134,11.873294,13988,21.194828
DE,85579,Neubiberg,Bayern,48.078214,11.643749,13480,6.122098
DE,85586,Poing,Bayern,48.16827,11.802581,13182,12.904716
DE,85591,Vaterstetten,Bayern,48.11232,11.773745,9050,6.367484
DE,85598,Vaterstetten,Bayern,48.111446,11.801552,9231,8.280781
DE,85599,Vaterstetten,Bayern,48.139469,11.794978,1110,9.22752
DE,85604,Zorneding,Bayern,48.082481,11.819663,8661,23.865863
DE,85609,Aschheim,Bayern,48.185346,11.71541,7574,28.013927
DE,85614,Kirchseeon,Bayern,48.086433,11.883028,9656,44.689556
DE,85617,Aßling,Bayern,47.991381,11.993183,4266,31.306348
DE,85622,Feldkirchen,Bayern,48.142156,11.746255,6899,11.428084
DE,85622,Vaterstetten,Bayern,48.142156,11.746255,6899,11.428084
DE,85625,Baiern,Bayern,47.977924,11.884525,6048,50.110573
DE,85625,Glonn,Bayern,47.977924,11.884525,6048,50.110573
DE,85630,Grasbrunn,Bayern,48.072868,11.760421,6384,26.358108
DE,85635,Höhenkirchen-Siegertsbrunn,Bayern,48.020241,11.738524,9850,23.72159
DE,85640,Putzbrunn,Bayern,48.082793,11.7066,6143,11.123155
DE,85643,Steinhöring,Bayern,48.098866,12.043045,3893,36.317803
DE,85646,Anzing,Bayern,48.153149,11.847726,4706,21.306588
DE,85646,Vaterstetten,Bayern,48.153149,11.847726,4706,21.306588
DE,85649,Brunnthal,Bayern,47.990466,11.691802,4739,37.998085
DE,85652,Pliening,Bayern,48.19824,11.79536,5087,22.819855
DE,85653,Aying,Bayern,47.95703,11.773531,4637,56.547782
DE,85656,"Buch am Buchrain",Bayern,48.216684,12.000331,1421,22.787116
DE,85658,Egmating,Bayern,47.99482,11.802484,2175,19.237028
DE,85659,Forstern,Bayern,48.179968,11.973823,3241,15.409966
DE,85661,Forstinning,Bayern,48.174772,11.905567,3437,12.329274
DE,85662,Hohenbrunn,Bayern,48.04847,11.717378,2957,14.80016
DE,85664,"Ebersberger Forst",Bayern,48.146309,11.986961,2878,28.94545
DE,85664,Hohenlinden,Bayern,48.146309,11.986961,2878,28.94545
DE,85665,Moosach,Bayern,48.037697,11.873017,1449,18.194685
DE,85667,Oberpframmern,Bayern,48.032208,11.813973,2207,18.525573
DE,85669,Pastetten,Bayern,48.207089,11.941217,2538,22.086026
DE,85716,Eching,Bayern,48.276459,11.559843,25871,15.046374
DE,85716,Unterschleißheim,Bayern,48.276459,11.559843,25871,15.046374
DE,85737,Ismaning,Bayern,48.240588,11.704761,15504,40.242507
DE,85748,"Garching bei München",Bayern,48.248086,11.639517,15690,28.098991
DE,85757,Karlsfeld,Bayern,48.229625,11.46272,18045,15.537215
DE,85764,Hebertshausen,Bayern,48.249821,11.557173,10757,32.694055
DE,85764,Oberschleißheim,Bayern,48.249821,11.557173,10757,32.694055
DE,85774,Unterföhring,Bayern,48.190766,11.661863,9827,12.846583
DE,85777,Fahrenzhausen,Bayern,48.363123,11.563017,4501,37.632158
DE,85778,Haimhausen,Bayern,48.316031,11.541887,4919,26.89007
DE,86150,Augsburg,Bayern,48.364453,10.892808,11783,1.927837
DE,86152,Augsburg,Bayern,48.372094,10.893412,15591,1.868908
DE,86153,Augsburg,Bayern,48.377378,10.902576,16336,5.113052
DE,86154,Augsburg,Bayern,48.394268,10.878678,19348,4.302138
DE,86156,Augsburg,Bayern,48.390694,10.855712,24305,9.816486
DE,86156,Gersthofen,Bayern,48.390694,10.855712,24305,9.816486
DE,86156,Neusäß,Bayern,48.390694,10.855712,24305,9.816486
DE,86157,Augsburg,Bayern,48.361447,10.865472,20873,3.293938
DE,86159,Augsburg,Bayern,48.342693,10.893232,25819,6.050982
DE,86161,Augsburg,Bayern,48.346323,10.920929,16288,8.864985
DE,86163,Augsburg,Bayern,48.348579,10.944907,20144,5.039445
DE,86165,Augsburg,Bayern,48.379874,10.939003,14192,7.086841
DE,86167,Augsburg,Bayern,48.394084,10.924316,14720,4.64193
DE,86169,Augsburg,Bayern,48.419252,10.905845,15950,16.107679
DE,86179,Augsburg,Bayern,48.300226,10.913942,26354,33.23313
DE,86199,Augsburg,Bayern,48.321777,10.830565,26077,41.294512
DE,86316,Augsburg,Bayern,48.362312,11.003429,28658,81.253287
DE,86316,Friedberg,Bayern,48.362312,11.003429,28658,81.253287
DE,86343,Königsbrunn,Bayern,48.260721,10.885399,26970,18.54696
DE,86356,Neusäß,Bayern,48.392669,10.808189,21070,24.263847
DE,86368,Gersthofen,Bayern,48.430052,10.822172,20750,33.561975
DE,86381,"Krumbach (Schwaben)",Bayern,48.244873,10.379189,12441,44.608473
DE,86391,Stadtbergen,Bayern,48.359523,10.831042,14427,11.455255
DE,86399,Bobingen,Bayern,48.273007,10.789392,16363,50.230416
DE,86405,Meitingen,Bayern,48.5448,10.833593,10787,29.795484
DE,86415,Mering,Bayern,48.266595,11.002877,13276,26.774296
DE,86420,Diedorf,Bayern,48.351942,10.763261,9701,33.320338
DE,86424,Dinkelscherben,Bayern,48.340439,10.582384,6516,71.008968
DE,86438,Kissing,Bayern,48.304536,10.980947,11053,23.082913
DE,86441,Zusmarshausen,Bayern,48.406113,10.596345,6078,68.612282
DE,86444,Affing,Bayern,48.449322,10.964036,5248,44.333446
DE,86447,Aindling,Bayern,48.511869,10.950372,5631,51.576493
DE,86447,Todtenweis,Bayern,48.511869,10.950372,5631,51.576493
DE,86450,Altenmünster,Bayern,48.46237,10.583213,3791,41.089422
DE,86453,Dasing,Bayern,48.387195,11.066739,5351,40.733486
DE,86456,Gablingen,Bayern,48.456653,10.813191,4485,26.656128
DE,86459,Gessertshausen,Bayern,48.303484,10.714638,4105,41.315745
DE,86462,"Langweid am Lech",Bayern,48.482919,10.837045,7265,23.528147
DE,86465,Heretsried,Bayern,48.458097,10.689539,4518,35.255165
DE,86465,Welden,Bayern,48.458097,10.689539,4518,35.255165
DE,86470,Thannhausen,Bayern,48.277444,10.478788,5941,20.070924
DE,86473,Ziemetshausen,Bayern,48.284942,10.546213,2941,42.859763
DE,86476,"Neuburg an der Kammel",Bayern,48.304057,10.376628,3079,37.863968
DE,86477,Adelsried,Bayern,48.425456,10.718321,2166,9.661447
DE,86479,Aichen,Bayern,48.232685,10.5398,1164,17.696431
DE,86480,Aletshausen,Bayern,48.194123,10.380694,1808,32.204218
DE,86480,Waltenhausen,Bayern,48.194123,10.380694,1808,32.204218
DE,86482,Aystetten,Bayern,48.407183,10.766622,2895,9.211106
DE,86483,Balzhausen,Bayern,48.235274,10.489557,1180,14.577408
DE,86485,Biberbach,Bayern,48.508961,10.785842,3378,36.857541
DE,86486,Bonstetten,Bayern,48.442558,10.711802,1217,6.801967
DE,86488,Breitenthal,Bayern,48.238458,10.303992,1228,13.361531
DE,86489,Deisenhausen,Bayern,48.263808,10.326692,1469,11.675317
DE,86491,Ebershausen,Bayern,48.207671,10.31588,598,11.169824
DE,86492,"Egling an der Paar",Bayern,48.185559,10.98932,2176,20.826109
DE,86494,Emersacker,Bayern,48.481667,10.674619,1349,11.63621
DE,86495,Eurasburg,Bayern,48.331763,11.109228,1634,23.902479
DE,86497,Horgau,Bayern,48.397327,10.685388,2476,26.4199
DE,86498,Kettershausen,Bayern,48.190805,10.265441,1738,26.717308
DE,86500,Kutzenhausen,Bayern,48.355944,10.692468,2460,27.884333
DE,86502,Laugna,Bayern,48.511494,10.707709,1539,27.573055
DE,86504,Merching,Bayern,48.244034,10.982872,3056,24.799765
DE,86505,Münsterhausen,Bayern,48.313571,10.455381,1979,18.496855
DE,86507,Kleinaitingen,Bayern,48.218473,10.863724,2781,24.201236
DE,86507,Oberottmarshausen,Bayern,48.218473,10.863724,2781,24.201236
DE,86508,Rehling,Bayern,48.484575,10.917443,2427,26.283893
DE,86510,Ried,Bayern,48.289831,11.074399,2921,29.219426
DE,86511,Schmiechen,Bayern,48.227133,10.946708,1233,13.554104
DE,86513,Ursberg,Bayern,48.246916,10.442641,3269,25.366331
DE,86514,Ustersbach,Bayern,48.322433,10.639915,1101,11.084417
DE,86517,Wehringen,Bayern,48.248974,10.804115,2920,14.041926
DE,86519,Wiesenbach,Bayern,48.292922,10.310389,975,11.486662
DE,86529,Schrobenhausen,Bayern,48.571827,11.23371,15926,75.154948
DE,86551,Aichach,Bayern,48.445371,11.123594,20253,92.893489
DE,86554,Pöttmes,Bayern,48.57302,11.067768,6280,82.665129
DE,86556,Kühbach,Bayern,48.505947,11.180974,4032,37.510345
DE,86558,Hohenwart,Bayern,48.594107,11.397331,4414,52.270827
DE,86559,Adelzhausen,Bayern,48.356632,11.128244,1574,16.918874
DE,86561,Aresing,Bayern,48.523542,11.294567,2689,29.948064
DE,86562,"Berg im Gau",Bayern,48.636734,11.249959,1229,22.552061
DE,86564,Brunnen,Bayern,48.634329,11.331858,1603,32.16782
DE,86565,Gachenbach,Bayern,48.503958,11.249537,2360,30.198841
DE,86567,Hilgertshausen-Tandern,Bayern,48.432081,11.327037,3141,28.682625
DE,86568,Hollenbach,Bayern,48.486691,11.061008,2322,26.14106
DE,86570,Inchenhofen,Bayern,48.523097,11.102783,2490,27.509048
DE,86571,Langenmosen,Bayern,48.604257,11.210339,1488,23.837925
DE,86573,Obergriesbach,Bayern,48.424362,11.047327,1993,10.307737
DE,86574,Petersdorf,Bayern,48.52369,11.016404,1671,19.574254
DE,86576,Schiltberg,Bayern,48.455874,11.244318,1861,29.788925
DE,86577,Sielenbach,Bayern,48.391225,11.163453,1575,17.860717
DE,86579,Waidhofen,Bayern,48.578029,11.335983,2208,27.310298
DE,86609,Donauwörth,Bayern,48.723916,10.772219,18041,77.04756
DE,86633,"Neuburg an der Donau",Bayern,48.736384,11.194885,27766,81.265153
DE,86637,Binswangen,Bayern,48.543712,10.665746,12607,99.517452
DE,86637,Villenbach,Bayern,48.543712,10.665746,12607,99.517452
DE,86637,Wertingen,Bayern,48.543712,10.665746,12607,99.517452
DE,86637,Zusamaltheim,Bayern,48.543712,10.665746,12607,99.517452
DE,86641,Rain,Bayern,48.66752,10.954921,8366,80.359649
DE,86643,Rennertshofen,Bayern,48.773179,11.047837,4779,93.079563
DE,86647,Buttenwiesen,Bayern,48.610703,10.71929,5686,59.49516
DE,86650,Wemding,Bayern,48.877997,10.709126,5654,31.621981
DE,86653,Daiting,Bayern,48.833186,10.871527,5713,94.709664
DE,86653,Monheim,Bayern,48.833186,10.871527,5713,94.709664
DE,86655,"Harburg (Schwaben)",Bayern,48.7821,10.688457,5434,73.170273
DE,86657,Bissingen,Bayern,48.718792,10.579635,3561,64.216916
DE,86660,Tapfheim,Bayern,48.684534,10.689531,3950,44.341244
DE,86663,Asbach-Bäumenheim,Bayern,48.687626,10.822595,4242,11.87793
DE,86666,Burgheim,Bayern,48.690855,11.038441,4513,49.745134
DE,86668,Karlshuld,Bayern,48.677138,11.290695,5146,29.169686
DE,86669,Königsmoos,Bayern,48.651276,11.195321,4406,40.841805
DE,86672,Thierhaupten,Bayern,48.561984,10.915397,3869,39.284042
DE,86673,Bergheim,Bayern,48.763981,11.23259,1871,28.884447
DE,86674,Baar,Bayern,48.583894,10.966286,1125,16.879573
DE,86675,Buchdorf,Bayern,48.783447,10.841768,1649,16.691003
DE,86676,Ehekirchen,Bayern,48.637702,11.097842,3657,62.721099
DE,86678,Ehingen,Bayern,48.59035,10.792301,990,9.649997
DE,86679,Ellgau,Bayern,48.613743,10.864155,1014,13.914584
DE,86681,Fünfstetten,Bayern,48.838484,10.77123,1327,26.690006
DE,86682,Genderkingen,Bayern,48.709451,10.868688,1162,11.643207
DE,86684,Holzheim,Bayern,48.61699,10.953355,1131,20.246073
DE,86685,Huisheim,Bayern,48.832877,10.707576,1584,22.778676
DE,86687,Kaisheim,Bayern,48.770182,10.808299,3880,41.68931
DE,86688,Marxheim,Bayern,48.760607,10.94567,2562,46.538113
DE,86690,Mertingen,Bayern,48.651516,10.791817,3755,38.404109
DE,86692,Münster,Bayern,48.619399,10.905837,1099,17.696393
DE,86694,Niederschönenfeld,Bayern,48.722214,10.920749,1346,14.353416
DE,86695,Allmannshofen,Bayern,48.605508,10.821619,3057,17.848663
DE,86695,Nordendorf,Bayern,48.605508,10.821619,3057,17.848663
DE,86697,Oberhausen,Bayern,48.708177,11.109802,2607,31.970712
DE,86698,"Oberndorf a.Lech",Bayern,48.667488,10.860738,2356,19.334997
DE,86700,Otting,Bayern,48.876002,10.799909,754,13.356223
DE,86701,Rohrenfels,Bayern,48.688608,11.164299,1502,17.493582
DE,86703,Rögling,Bayern,48.846779,10.947764,644,10.691742
DE,86704,Tagmersheim,Bayern,48.822805,10.96392,1051,16.001814
DE,86706,Weichering,Bayern,48.709445,11.328971,2286,24.520101
DE,86707,Kühlenthal,Bayern,48.568912,10.819594,2345,13.397717
DE,86707,Westendorf,Bayern,48.568912,10.819594,2345,13.397717
DE,86709,Wolferstadt,Bayern,48.911493,10.779896,1087,30.613579
DE,86720,Nördlingen,Bayern,48.857481,10.511173,19063,68.028723
DE,86732,"Oettingen i.Bay.",Bayern,48.95685,10.579001,5085,34.236013
DE,86733,Alerheim,Bayern,48.845937,10.63676,1651,23.417744
DE,86735,Amerdingen,Bayern,48.747465,10.47316,1416,42.370593
DE,86735,Forheim,Bayern,48.747465,10.47316,1416,42.370593
DE,86736,Auhausen,Bayern,49.006729,10.590386,1031,33.330947
DE,86738,Deiningen,Bayern,48.864988,10.571611,1946,15.301072
DE,86739,Ederheim,Bayern,48.795916,10.464328,1086,16.571635
DE,86741,"Ehingen a.Ries",Bayern,48.959637,10.544006,818,15.602817
DE,86742,Fremdingen,Bayern,48.978079,10.474281,2077,50.027518
DE,86744,Hainsfarth,Bayern,48.959907,10.64348,1466,17.55577
DE,86745,Hohenaltheim,Bayern,48.77863,10.521989,604,17.79109
DE,86747,Maihingen,Bayern,48.926876,10.508776,1222,14.199894
DE,86748,Marktoffingen,Bayern,48.928857,10.467297,1318,13.587468
DE,86750,Megesheim,Bayern,48.937796,10.66428,858,12.508801
DE,86751,Mönchsdeggingen,Bayern,48.764701,10.595703,1402,32.026229
DE,86753,Möttingen,Bayern,48.809751,10.587489,2443,31.815337
DE,86754,Munningen,Bayern,48.915038,10.631306,1794,22.712841
DE,86756,Reimlingen,Bayern,48.828543,10.522283,1340,9.492267
DE,86757,Wallerstein,Bayern,48.890861,10.474378,3281,19.457122
DE,86759,Wechingen,Bayern,48.88388,10.621632,1425,24.011325
DE,86807,Buchloe,Bayern,48.028893,10.739486,11983,36.17772
DE,86825,"Bad Wörishofen",Bayern,48.000861,10.599777,13993,57.913678
DE,86830,Schwabmünchen,Bayern,48.195606,10.728176,13213,55.546375
DE,86833,Ettringen,Bayern,48.125935,10.659594,3217,41.386162
DE,86836,Graben,Bayern,48.16956,10.829378,13891,42.955666
DE,86836,Klosterlechfeld,Bayern,48.16956,10.829378,13891,42.955666
DE,86836,Obermeitingen,Bayern,48.16956,10.829378,13891,42.955666
DE,86836,Untermeitingen,Bayern,48.16956,10.829378,13891,42.955666
DE,86842,Türkheim,Bayern,48.061571,10.635815,6654,31.413077
DE,86845,Großaitingen,Bayern,48.231339,10.746826,4908,39.151597
DE,86850,Fischach,Bayern,48.283274,10.650928,4550,30.142307
DE,86853,Langerringen,Bayern,48.125964,10.748609,3742,42.022311
DE,86854,Amberg,Bayern,48.070572,10.688915,1443,10.95613
DE,86856,Hiltenfingen,Bayern,48.153793,10.71361,1451,14.543027
DE,86857,Hurlach,Bayern,48.120106,10.826599,1641,17.164837
DE,86859,Igling,Bayern,48.066181,10.806628,2447,26.342177
DE,86860,Jengen,Bayern,47.988911,10.702008,2400,33.717341
DE,86862,Lamerdingen,Bayern,48.080182,10.750439,1821,34.321597
DE,86863,Langenneufnach,Bayern,48.259899,10.602999,1683,12.842176
DE,86865,"Markt Wald",Bayern,48.147437,10.593983,2176,30.82835
DE,86866,Mickhausen,Bayern,48.226006,10.630332,1351,15.908401
DE,86868,Mittelneufnach,Bayern,48.181564,10.596776,1073,16.820642
DE,86869,Oberostendorf,Bayern,47.948825,10.746543,1315,21.047425
DE,86871,Rammingen,Bayern,48.063694,10.582484,1436,19.248956
DE,86872,Scherstetten,Bayern,48.190491,10.645518,1004,15.702681
DE,86874,Tussenhausen,Bayern,48.106287,10.555875,2958,41.761573
DE,86875,Waal,Bayern,47.988528,10.78749,2188,27.869717
DE,86877,Walkertshofen,Bayern,48.228867,10.587294,1135,12.664304
DE,86879,Wiedergeltingen,Bayern,48.035116,10.671982,1390,11.600908
DE,86899,"Landsberg am Lech",Bayern,48.034846,10.861058,27351,57.870122
DE,86911,Ammersee,Bayern,47.955365,11.057162,10150,93.217658
DE,86911,"Dießen am Ammersee",Bayern,47.955365,11.057162,10150,93.217658
DE,86916,Kaufering,Bayern,48.098904,10.872104,10006,17.649246
DE,86919,Ammersee,Bayern,48.018771,11.078236,4354,24.639109
DE,86919,"Utting am Ammersee",Bayern,48.018771,11.078236,4354,24.639109
DE,86920,Denklingen,Bayern,47.888492,10.840182,2531,56.584565
DE,86922,Eresing,Bayern,48.087244,11.026398,1273,8.496731
DE,86923,Finning,Bayern,48.021194,11.013206,1645,23.397804
DE,86925,Fuchstal,Bayern,47.933173,10.822732,3547,39.79306
DE,86926,Eresing,Bayern,48.080464,11.075885,2464,11.060407
DE,86926,Greifenberg,Bayern,48.080464,11.075885,2464,11.060407
DE,86928,Hofstetten,Bayern,48.002427,10.967548,1769,16.942129
DE,86929,Penzing,Bayern,48.078479,10.939711,3610,33.826316
DE,86931,Prittriching,Bayern,48.200455,10.925542,2400,25.371759
DE,86932,Pürgen,Bayern,48.006528,10.917329,3334,22.003045
DE,86934,Reichling,Bayern,47.930437,10.937084,1590,23.353084
DE,86935,Rott,Bayern,47.908912,10.982395,1484,19.68085
DE,86937,Scheuring,Bayern,48.160217,10.889428,1879,21.218553
DE,86938,"Schondorf am Ammersee",Bayern,48.051053,11.095288,3756,10.97269
DE,86940,Schwifting,Bayern,48.043608,10.939527,895,11.48335
DE,86941,Eresing,Bayern,48.099097,11.04624,133,2.940773
DE,86943,Thaining,Bayern,47.973178,10.963189,912,8.662904
DE,86944,Unterdießen,Bayern,47.979015,10.843812,1345,12.743727
DE,86946,Vilgertshofen,Bayern,47.958523,10.916823,2498,27.097066
DE,86947,Weil,Bayern,48.123454,10.947361,3730,44.43201
DE,86949,Windach,Bayern,48.05982,11.025023,3700,24.800293
DE,86956,Schongau,Bayern,47.812695,10.89653,11645,21.301008
DE,86971,Peiting,Bayern,47.801104,10.935244,11404,74.96098
DE,86972,Altenstadt,Bayern,47.822761,10.8595,3231,18.711353
DE,86974,Apfeldorf,Bayern,47.888654,10.947848,1072,12.289119
DE,86975,Bernbeuren,Bayern,47.729723,10.767823,2365,41.611641
DE,86977,Burggen,Bayern,47.774521,10.812187,1687,24.858063
DE,86978,Hohenfurch,Bayern,47.854028,10.896925,1520,12.464081
DE,86980,Ingenried,Bayern,47.807875,10.784693,940,17.475819
DE,86981,Kinsau,Bayern,47.878641,10.904935,1025,11.437485
DE,86983,"Lechbruck am See",Bayern,47.691968,10.783561,2586,17.184586
DE,86984,Prem,Bayern,47.675755,10.813037,868,16.005616
DE,86986,Schwabbruck,Bayern,47.821513,10.828052,934,7.324081
DE,86987,Schwabsoien,Bayern,47.839778,10.810446,1290,16.947023
DE,86989,Steingaden,Bayern,47.708247,10.867365,2725,64.165047
DE,87435,"Kempten (Allgäu)",Bayern,47.710319,10.304184,17517,7.689374
DE,87437,"Kempten (Allgäu)",Bayern,47.740858,10.339843,22293,27.060987
DE,87439,"Kempten (Allgäu)",Bayern,47.743004,10.279033,24377,28.472637
DE,87448,Waltenhofen,Bayern,47.648486,10.265444,8876,59.741982
DE,87452,Altusried,Bayern,47.790768,10.177323,9979,91.642538
DE,87459,Pfronten,Bayern,47.570623,10.53267,7968,62.243727
DE,87463,Dietmannsried,Bayern,47.828932,10.283048,7798,53.656674
DE,87466,Oy-Mittelberg,Bayern,47.648573,10.439143,4404,60.094065
DE,87471,Durach,Bayern,47.696149,10.381149,6753,20.758022
DE,87474,Buchenberg,Bayern,47.707459,10.195166,3919,58.151804
DE,87477,Sulzberg,Bayern,47.659466,10.355608,4660,40.872906
DE,87480,Weitnau,Bayern,47.653694,10.148421,5043,65.244197
DE,87484,Nesselwang,Bayern,47.619838,10.504819,3411,29.468403
DE,87487,Wiggensbach,Bayern,47.743951,10.214544,4823,31.807925
DE,87488,Betzigau,Bayern,47.726721,10.418007,2747,41.250293
DE,87490,Haldenwang,Bayern,47.791067,10.358811,3633,26.540476
DE,87493,Lauben,Bayern,47.780217,10.309129,3355,8.430044
DE,87494,Rückholz,Bayern,47.661357,10.549476,788,17.230181
DE,87496,Untrasried,Bayern,47.8455,10.36728,1535,25.785576
DE,87497,Wertach,Bayern,47.584063,10.411923,2443,45.645476
DE,87499,Wildpoldsried,Bayern,47.775752,10.415335,2454,21.374815
DE,87509,"Immenstadt im Allgäu",Bayern,47.57425,10.195253,13922,81.278415
DE,87527,Ofterschwang,Bayern,47.502489,10.292219,22997,65.147837
DE,87527,Sonthofen,Bayern,47.502489,10.292219,22997,65.147837
DE,87534,Oberstaufen,Bayern,47.52815,10.058074,7214,125.908076
DE,87538,Balderschwang,Bayern,47.442368,10.175113,5226,100.680883
DE,87538,Bolsterlang,Bayern,47.442368,10.175113,5226,100.680883
DE,87538,"Fischen im Allgäu",Bayern,47.442368,10.175113,5226,100.680883
DE,87538,Obermaiselstein,Bayern,47.442368,10.175113,5226,100.680883
DE,87541,"Bad Hindelang",Bayern,47.466924,10.401716,4833,137.07037
DE,87544,Blaichach,Bayern,47.502576,10.186403,5715,50.954539
DE,87545,"Burgberg im Allgäu",Bayern,47.544866,10.299214,3172,15.939353
DE,87547,Missen-Wilhams,Bayern,47.598426,10.111303,1376,34.90444
DE,87549,Rettenberg,Bayern,47.586457,10.319113,4224,60.158028
DE,87561,Oberstdorf,Bayern,47.368789,10.268012,9480,229.687847
DE,87600,Germaringen,Bayern,47.880357,10.616506,41590,40.911588
DE,87600,Kaufbeuren,Bayern,47.880357,10.616506,41590,40.911588
DE,87616,Marktoberdorf,Bayern,47.749458,10.608719,19224,112.954078
DE,87616,Wald,Bayern,47.749458,10.608719,19224,112.954078
DE,87629,Füssen,Bayern,47.583222,10.663688,14315,43.571299
DE,87634,Günzach,Bayern,47.850578,10.438718,7747,70.100761
DE,87634,Obergünzburg,Bayern,47.850578,10.438718,7747,70.100761
DE,87637,Eisenberg,Bayern,47.645203,10.612089,3988,63.511805
DE,87637,Seeg,Bayern,47.645203,10.612089,3988,63.511805
DE,87640,Biessenhofen,Bayern,47.821348,10.641698,4049,27.01834
DE,87642,Halblech,Bayern,47.611272,10.847327,3427,125.204948
DE,87645,Schwangau,Bayern,47.567243,10.767509,3085,75.980714
DE,87647,Kraftisried,Bayern,47.764493,10.491419,3495,61.615711
DE,87647,Unterthingau,Bayern,47.764493,10.491419,3495,61.615711
DE,87648,Aitrang,Bayern,47.825395,10.518834,1990,31.055915
DE,87650,Baisweil,Bayern,47.951815,10.544116,1294,26.326264
DE,87651,Bidingen,Bayern,47.822055,10.719848,1650,36.331149
DE,87653,Eggenthal,Bayern,47.913536,10.490751,1316,28.101546
DE,87654,Friesenried,Bayern,47.872224,10.527698,1504,22.13826
DE,87656,Germaringen,Bayern,47.942861,10.680021,3681,22.143303
DE,87657,Görisried,Bayern,47.696792,10.499045,1287,23.414327
DE,87659,Hopferau,Bayern,47.608239,10.644032,1106,13.036635
DE,87660,Irsee,Bayern,47.907154,10.562853,1420,17.401232
DE,87662,Kaltental,Bayern,47.893353,10.751857,2314,32.892291
DE,87662,Osterzell,Bayern,47.893353,10.751857,2314,32.892291
DE,87663,Lengenwang,Bayern,47.696474,10.598178,1389,19.633836
DE,87665,Mauerstetten,Bayern,47.874137,10.671503,3072,16.430768
DE,87666,Pforzen,Bayern,47.936171,10.605128,2166,23.609381
DE,87668,Rieden,Bayern,47.953579,10.648094,1287,8.442827
DE,87669,"Rieden am Forggensee",Bayern,47.624727,10.708297,1221,13.155691
DE,87671,Ronsberg,Bayern,47.900911,10.405669,1677,16.499956
DE,87672,Roßhaupten,Bayern,47.662674,10.706338,2166,38.942873
DE,87674,Ruderatshofen,Bayern,47.822791,10.580656,1726,33.074616
DE,87675,"Rettenbach am Auerberg",Bayern,47.741377,10.711639,2632,53.611209
DE,87675,"Stötten am Auerberg",Bayern,47.741377,10.711639,2632,53.611209
DE,87677,Stöttwang,Bayern,47.880002,10.70791,1844,19.86511
DE,87679,Westendorf,Bayern,47.92464,10.70748,1837,11.895231
DE,87700,Memmingen,Bayern,47.978863,10.163076,41278,70.025723
DE,87719,Mindelheim,Bayern,48.054654,10.495738,13944,56.429704
DE,87724,Ottobeuren,Bayern,47.93225,10.32563,7924,55.941896
DE,87727,Babenhausen,Bayern,48.138655,10.246728,5225,27.192936
DE,87730,"Bad Grönenbach",Bayern,47.87309,10.229847,5289,42.200709
DE,87733,"Markt Rettenbach",Bayern,47.954681,10.399766,3706,51.422074
DE,87734,Benningen,Bayern,47.966357,10.217313,2056,9.146943
DE,87736,Böhen,Bayern,47.88501,10.312496,748,20.507907
DE,87737,Boos,Bayern,48.085867,10.207332,1944,17.565557
DE,87739,Breitenbrunn,Bayern,48.134231,10.386613,2352,41.844213
DE,87740,Buxheim,Bayern,47.987872,10.13108,3078,10.249525
DE,87742,Apfeltrach,Bayern,47.996453,10.497365,2982,38.174189
DE,87742,Dirlewang,Bayern,47.996453,10.497365,2982,38.174189
DE,87743,"Egg an der Günz",Bayern,48.088592,10.272593,1159,20.719188
DE,87745,Eppishausen,Bayern,48.183252,10.529009,1787,39.413204
DE,87746,Erkheim,Bayern,48.049967,10.345748,2922,32.114937
DE,87748,Fellheim,Bayern,48.073747,10.15252,1080,5.049027
DE,87749,Hawangen,Bayern,47.972981,10.267986,1281,14.531844
DE,87751,Heimertingen,Bayern,48.03985,10.161347,1692,13.731004
DE,87752,Holzgünz,Bayern,48.02513,10.247003,1218,12.124593
DE,87754,Kammlach,Bayern,48.049483,10.405621,1785,26.648394
DE,87755,Kirchhaslach,Bayern,48.152907,10.321027,1303,32.043351
DE,87757,"Kirchheim in Schwaben",Bayern,48.181587,10.461895,2547,31.949817
DE,87758,Kronburg,Bayern,47.902838,10.150623,1800,20.219003
DE,87760,Lachen,Bayern,47.94276,10.245482,1439,15.222268
DE,87761,Lauben,Bayern,48.06529,10.28527,1344,18.417755
DE,87763,Lautrach,Bayern,47.887215,10.106858,1161,8.042674
DE,87764,Legau,Bayern,47.856103,10.142699,3118,36.343116
DE,87766,Memmingerberg,Bayern,47.991313,10.223257,2600,6.092344
DE,87767,Niederrieden,Bayern,48.057248,10.200594,1362,13.935286
DE,87769,Oberrieden,Bayern,48.090818,10.413506,1247,20.834735
DE,87770,Oberschönegg,Bayern,48.114165,10.31008,941,18.292787
DE,87772,Pfaffenhausen,Bayern,48.122759,10.444753,2414,21.149182
DE,87773,Pleß,Bayern,48.102482,10.166312,847,15.39032
DE,87775,Salgen,Bayern,48.12606,10.485114,1420,23.245511
DE,87776,Sontheim,Bayern,47.999753,10.359656,2555,26.517265
DE,87778,Stetten,Bayern,48.00984,10.434007,1351,15.687132
DE,87779,Trunkelsberg,Bayern,48.003454,10.217331,1710,1.938382
DE,87781,Ungerhausen,Bayern,48.001178,10.26894,1006,10.244221
DE,87782,Unteregg,Bayern,47.9515,10.476028,1376,23.700586
DE,87784,Westerheim,Bayern,48.023843,10.297892,2100,21.111441
DE,87785,Winterrieden,Bayern,48.119876,10.215877,895,9.805176
DE,87787,Wolfertschwenden,Bayern,47.903119,10.258694,1862,14.482725
DE,87789,Woringen,Bayern,47.92435,10.197617,1871,17.410151
DE,88045,Friedrichshafen,Baden-Württemberg,47.665948,9.45962,20372,10.747911
DE,88046,Friedrichshafen,Baden-Württemberg,47.662766,9.504103,17566,10.447229
DE,88048,Friedrichshafen,Baden-Württemberg,47.698243,9.472014,19007,49.051568
DE,88069,Tettnang,Baden-Württemberg,47.656513,9.624324,18182,71.176222
DE,88074,Meckenbeuren,Baden-Württemberg,47.699203,9.564962,13132,31.430263
DE,88079,"Kressbronn am Bodensee",Baden-Württemberg,47.602953,9.602025,8262,20.450915
DE,88085,Langenargen,Baden-Württemberg,47.61624,9.562561,7621,15.276625
DE,88090,"Immenstaad am Bodensee",Baden-Württemberg,47.674049,9.364092,6106,9.217327
DE,88094,Oberteuringen,Baden-Württemberg,47.733933,9.470694,4425,20.131673
DE,88097,Eriskirch,Baden-Württemberg,47.638024,9.53739,4509,14.575663
DE,88099,Neukirch,Baden-Württemberg,47.659922,9.702394,2643,26.592524
DE,88131,Bodolz,Bayern,47.577236,9.689419,27415,36.080118
DE,88131,"Lindau (Bodensee)",Bayern,47.577236,9.689419,27415,36.080118
DE,88138,Hergensweiler,Bayern,47.600102,9.770504,7192,35.930692
DE,88138,Sigmarszell,Bayern,47.600102,9.770504,7192,35.930692
DE,88138,Weißensberg,Bayern,47.600102,9.770504,7192,35.930692
DE,88142,"Wasserburg (Bodensee)",Bayern,47.577252,9.639408,3510,6.320223
DE,88145,Hergatz,Bayern,47.643577,9.84882,4722,35.341977
DE,88145,Opfenbach,Bayern,47.643577,9.84882,4722,35.341977
DE,88147,Achberg,Baden-Württemberg,47.622372,9.713982,1683,12.896111
DE,88149,Nonnenhorn,Bayern,47.576816,9.61494,1686,1.989203
DE,88161,"Lindenberg im Allgäu",Bayern,47.604464,9.890616,10908,11.83917
DE,88167,Gestratz,Bayern,47.625324,10.008552,7772,102.172734
DE,88167,Grünenbach,Bayern,47.625324,10.008552,7772,102.172734
DE,88167,Maierhöfen,Bayern,47.625324,10.008552,7772,102.172734
DE,88167,"Röthenbach (Allgäu)",Bayern,47.625324,10.008552,7772,102.172734
DE,88167,Stiefenhofen,Bayern,47.625324,10.008552,7772,102.172734
DE,88171,Weiler-Simmerberg,Bayern,47.576745,9.916725,6034,31.314511
DE,88175,Scheidegg,Bayern,47.569757,9.851493,4053,27.322372
DE,88178,Heimenkirch,Bayern,47.633463,9.904159,3653,21.312253
DE,88179,Oberreute,Bayern,47.552607,9.942386,1617,13.511414
DE,88212,Ravensburg,Baden-Württemberg,47.780723,9.62415,15373,14.961798
DE,88213,Ravensburg,Baden-Württemberg,47.771953,9.541954,15744,48.123081
DE,88214,Ravensburg,Baden-Württemberg,47.741405,9.608562,17294,28.910288
DE,88239,"Wangen im Allgäu",Baden-Württemberg,47.692536,9.806157,26243,101.273735
DE,88250,Weingarten,Baden-Württemberg,47.807735,9.637788,22574,12.141388
DE,88255,Baienfurt,Baden-Württemberg,47.843839,9.665117,12080,39.113005
DE,88255,Baindt,Baden-Württemberg,47.843839,9.665117,12080,39.113005
DE,88260,Argenbühl,Baden-Württemberg,47.703069,9.939089,6057,76.138887
DE,88263,Horgenzell,Baden-Württemberg,47.809486,9.482232,4890,56.07785
DE,88267,Vogt,Baden-Württemberg,47.782264,9.766843,4506,22.268521
DE,88271,Wilhelmsdorf,Baden-Württemberg,47.865014,9.424764,4712,38.034032
DE,88273,Fronreute,Baden-Württemberg,47.867761,9.554683,4407,46.070111
DE,88276,Berg,Baden-Württemberg,47.828029,9.576979,4112,28.408493
DE,88279,Amtzell,Baden-Württemberg,47.713725,9.759624,3907,30.606009
DE,88281,Schlier,Baden-Württemberg,47.794205,9.695976,3646,32.515727
DE,88284,Wolpertswende,Baden-Württemberg,47.894646,9.622289,4061,26.289517
DE,88285,Bodnegg,Baden-Württemberg,47.709393,9.690359,3115,24.53718
DE,88287,Grünkraut,Baden-Württemberg,47.741428,9.659787,2983,17.112648
DE,88289,Waldburg,Baden-Württemberg,47.757508,9.722589,3072,22.763806
DE,88299,"Leutkirch im Allgäu",Baden-Württemberg,47.81262,10.018724,21813,174.880621
DE,88316,"Isny im Allgäu",Baden-Württemberg,47.70971,10.056932,12986,85.614392
DE,88317,Aichstetten,Baden-Württemberg,47.894208,10.060542,2701,33.772127
DE,88319,Aitrach,Baden-Württemberg,47.936442,10.061125,2495,30.175726
DE,88326,Aulendorf,Baden-Württemberg,47.942084,9.648914,9522,52.295097
DE,88339,"Bad Waldsee",Baden-Württemberg,47.918006,9.749436,19417,108.453379
DE,88348,Allmannsweiler,Baden-Württemberg,48.012853,9.508212,17404,101.418797
DE,88348,"Bad Saulgau",Baden-Württemberg,48.012853,9.508212,17404,101.418797
DE,88353,Kißlegg,Baden-Württemberg,47.787736,9.881253,8572,92.381904
DE,88356,Ostrach,Baden-Württemberg,47.951109,9.360704,6762,109.295267
DE,88361,Altshausen,Baden-Württemberg,47.93665,9.530941,5159,43.670476
DE,88361,Boms,Baden-Württemberg,47.93665,9.530941,5159,43.670476
DE,88361,Eichstegen,Baden-Württemberg,47.93665,9.530941,5159,43.670476
DE,88364,Wolfegg,Baden-Württemberg,47.826311,9.792676,3474,39.479647
DE,88367,Hohentengen,Baden-Württemberg,48.023439,9.382064,4139,36.588752
DE,88368,Bergatreute,Baden-Württemberg,47.853951,9.747228,3155,23.148989
DE,88370,Ebenweiler,Baden-Württemberg,47.903595,9.514314,1204,10.153518
DE,88371,Ebersbach-Musbach,Baden-Württemberg,47.970439,9.581988,1689,27.278479
DE,88373,Fleischwangen,Baden-Württemberg,47.881062,9.479028,667,5.801265
DE,88374,Hoßkirch,Baden-Württemberg,47.945705,9.459026,756,15.857368
DE,88376,Königseggwald,Baden-Württemberg,47.92788,9.42728,654,6.283628
DE,88377,Riedhausen,Baden-Württemberg,47.908477,9.428084,646,8.391504
DE,88379,Guggenhausen,Baden-Württemberg,47.903533,9.469369,445,12.411176
DE,88379,Unterwaldhausen,Baden-Württemberg,47.903533,9.469369,445,12.411176
DE,88400,"Biberach an der Riß",Baden-Württemberg,48.091033,9.78787,30869,72.818143
DE,88410,"Bad Wurzach",Baden-Württemberg,47.910154,9.9091,14251,182.106752
DE,88416,Erlenmoos,Baden-Württemberg,48.05559,9.947564,12374,113.937765
DE,88416,Ochsenhausen,Baden-Württemberg,48.05559,9.947564,12374,113.937765
DE,88416,"Steinhausen an der Rottum",Baden-Württemberg,48.05559,9.947564,12374,113.937765
DE,88422,Alleshausen,Baden-Württemberg,48.082863,9.610572,8109,90.75335
DE,88422,"Bad Buchau",Baden-Württemberg,48.082863,9.610572,8109,90.75335
DE,88422,Betzenweiler,Baden-Württemberg,48.082863,9.610572,8109,90.75335
DE,88422,Dürnau,Baden-Württemberg,48.082863,9.610572,8109,90.75335
DE,88422,Kanzach,Baden-Württemberg,48.082863,9.610572,8109,90.75335
DE,88422,Moosburg,Baden-Württemberg,48.082863,9.610572,8109,90.75335
DE,88422,Oggelshausen,Baden-Württemberg,48.082863,9.610572,8109,90.75335
DE,88422,Seekirch,Baden-Württemberg,48.082863,9.610572,8109,90.75335
DE,88422,Tiefenbach,Baden-Württemberg,48.082863,9.610572,8109,90.75335
DE,88427,"Bad Schussenried",Baden-Württemberg,48.009772,9.654408,8360,54.970278
DE,88430,"Rot an der Rot",Baden-Württemberg,47.99148,10.003171,4439,63.380274
DE,88433,Schemmerhofen,Baden-Württemberg,48.176342,9.777376,7728,50.208831
DE,88436,Eberhardzell,Baden-Württemberg,47.990517,9.833771,4253,59.692656
DE,88437,Maselheim,Baden-Württemberg,48.135775,9.873095,4422,46.939307
DE,88441,Mittelbiberach,Baden-Württemberg,48.077542,9.741689,4129,23.670305
DE,88444,Ummendorf,Baden-Württemberg,48.055114,9.8406,4373,20.589071
DE,88447,Warthausen,Baden-Württemberg,48.13572,9.783807,5023,25.641582
DE,88448,Attenweiler,Baden-Württemberg,48.147351,9.69007,1774,27.181025
DE,88450,Berkheim,Baden-Württemberg,48.04681,10.069528,2646,25.001584
DE,88451,"Dettingen an der Iller",Baden-Württemberg,48.107798,10.10841,2286,11.13009
DE,88453,Erolzheim,Baden-Württemberg,48.090638,10.053829,3165,26.332826
DE,88454,Hochdorf,Baden-Württemberg,48.025149,9.792012,2114,23.778664
DE,88456,Ingoldingen,Baden-Württemberg,48.018149,9.732077,2693,43.60437
DE,88457,"Kirchdorf an der Iller",Baden-Württemberg,48.06126,10.114813,3444,22.812124
DE,88459,Tannheim,Baden-Württemberg,48.000295,10.086815,2340,27.673779
DE,88471,Laupheim,Baden-Württemberg,48.227743,9.864411,19639,61.772293
DE,88477,Schwendi,Baden-Württemberg,48.190642,9.978427,6233,49.251852
DE,88480,Achstetten,Baden-Württemberg,48.264323,9.901944,4184,23.311738
DE,88481,Balzheim,Baden-Württemberg,48.16841,10.062937,1981,17.56844
DE,88483,Burgrieden,Baden-Württemberg,48.231305,9.950492,3629,21.85181
DE,88484,Gutenzell-Hürbel,Baden-Württemberg,48.127422,9.987921,1882,37.749925
DE,88486,"Kirchberg an der Iller",Baden-Württemberg,48.134378,10.074854,1936,18.643337
DE,88487,Mietingen,Baden-Württemberg,48.179548,9.895736,4091,26.325513
DE,88489,Wain,Baden-Württemberg,48.180123,10.02257,1532,20.120116
DE,88499,Altheim,Baden-Württemberg,48.166783,9.457856,12466,93.436626
DE,88499,Emeringen,Baden-Württemberg,48.166783,9.457856,12466,93.436626
DE,88499,Riedlingen,Baden-Württemberg,48.166783,9.457856,12466,93.436626
DE,88512,Mengen,Baden-Württemberg,48.044731,9.324048,9881,49.746862
DE,88515,Langenenslingen,Baden-Württemberg,48.166701,9.35034,3476,88.228146
DE,88518,Herbertingen,Baden-Württemberg,48.064399,9.435368,4844,38.61097
DE,88521,Ertingen,Baden-Württemberg,48.095911,9.472703,5394,40.456359
DE,88524,Uttenweiler,Baden-Württemberg,48.157872,9.610788,3540,50.074375
DE,88525,Dürmentingen,Baden-Württemberg,48.119125,9.534283,2587,24.086139
DE,88527,Unlingen,Baden-Württemberg,48.174095,9.540894,2418,26.522016
DE,88529,Zwiefalten,Baden-Württemberg,48.227477,9.443506,2149,45.351997
DE,88605,Meßkirch,Baden-Württemberg,47.981869,9.103372,10697,125.774261
DE,88605,Sauldorf,Baden-Württemberg,47.981869,9.103372,10697,125.774261
DE,88630,Pfullendorf,Baden-Württemberg,47.918549,9.258015,12966,90.468014
DE,88631,Beuron,Baden-Württemberg,48.075384,9.021094,705,35.036567
DE,88633,Heiligenberg,Baden-Württemberg,47.841554,9.311055,2932,40.733501
DE,88634,Herdwangen-Schönach,Baden-Württemberg,47.86812,9.190235,3183,36.463344
DE,88636,Illmensee,Baden-Württemberg,47.860246,9.369149,1992,24.917713
DE,88637,Buchheim,Baden-Württemberg,48.030106,9.021407,2844,65.204935
DE,88637,Leibertingen,Baden-Württemberg,48.030106,9.021407,2844,65.204935
DE,88639,Wald,Baden-Württemberg,47.931776,9.166851,2667,43.827156
DE,88662,Überlingen,Baden-Württemberg,47.79696,9.161336,21526,58.630067
DE,88677,Markdorf,Baden-Württemberg,47.712699,9.38662,12767,40.89661
DE,88682,Salem,Baden-Württemberg,47.770076,9.296933,10896,62.686047
DE,88690,Uhldingen-Mühlhofen,Baden-Württemberg,47.73703,9.24636,7809,15.610653
DE,88693,Deggenhausertal,Baden-Württemberg,47.783709,9.400699,4113,62.105527
DE,88696,Owingen,Baden-Württemberg,47.82643,9.17494,4198,36.689992
DE,88697,Bermatingen,Baden-Württemberg,47.728076,9.341815,3827,15.448908
DE,88699,Frickingen,Baden-Württemberg,47.82266,9.26413,2882,26.409364
DE,88709,"Hagnau am Bodensee",Baden-Württemberg,47.702997,9.28741,6819,14.970704
DE,88709,Meersburg,Baden-Württemberg,47.702997,9.28741,6819,14.970704
DE,88718,Daisendorf,Baden-Württemberg,47.71181,9.271401,1545,2.447173
DE,88719,Stetten,Baden-Württemberg,47.694005,9.302696,989,4.29256
DE,89073,Ulm,Baden-Württemberg,48.403975,10.000013,18135,3.238314
DE,89075,Ulm,Baden-Württemberg,48.417481,9.991366,31748,9.54699
DE,89077,Ulm,Baden-Württemberg,48.392136,9.969072,25867,5.615885
DE,89079,Ulm,Baden-Württemberg,48.349303,9.930977,24895,44.481383
DE,89081,Ulm,Baden-Württemberg,48.418635,9.953211,16188,55.888722
DE,89129,Langenau,Baden-Württemberg,48.499335,10.106732,15492,97.484115
DE,89129,Nerenstetten,Baden-Württemberg,48.499335,10.106732,15492,97.484115
DE,89129,Setzingen,Baden-Württemberg,48.499335,10.106732,15492,97.484115
DE,89129,Öllingen,Baden-Württemberg,48.499335,10.106732,15492,97.484115
DE,89134,Blaustein,Baden-Württemberg,48.431754,9.866723,14883,55.554696
DE,89143,Blaubeuren,Baden-Württemberg,48.41004,9.785854,11495,79.064821
DE,89150,Laichingen,Baden-Württemberg,48.48563,9.6888,10882,69.821275
DE,89155,Erbach,Baden-Württemberg,48.324281,9.863134,13040,63.234374
DE,89160,Dornstadt,Baden-Württemberg,48.484681,9.891165,8421,59.203739
DE,89160,Ulm,Baden-Württemberg,48.484681,9.891165,8421,59.203739
DE,89165,Dietenheim,Baden-Württemberg,48.223793,10.051277,6565,18.758712
DE,89168,Niederstotzingen,Baden-Württemberg,48.546273,10.224862,4529,30.066937
DE,89171,Illerkirchberg,Baden-Württemberg,48.323446,10.007188,4699,11.450357
DE,89173,Lonsee,Baden-Württemberg,48.543589,9.909594,4724,43.200937
DE,89174,"Altheim (Alb)",Baden-Württemberg,48.582875,10.018438,1738,25.721152
DE,89176,Asselfingen,Baden-Württemberg,48.520712,10.205077,1006,12.861706
DE,89177,Ballendorf,Baden-Württemberg,48.557348,10.073407,832,20.50492
DE,89177,Börslingen,Baden-Württemberg,48.557348,10.073407,832,20.50492
DE,89179,Beimerstetten,Baden-Württemberg,48.48516,9.976348,2533,14.315911
DE,89180,Berghülen,Baden-Württemberg,48.464284,9.772169,1929,26.107198
DE,89182,Bernstadt,Baden-Württemberg,48.505203,10.021693,2090,13.929404
DE,89183,Breitingen,Baden-Württemberg,48.524367,10.00016,538,11.063148
DE,89183,Holzkirch,Baden-Württemberg,48.524367,10.00016,538,11.063148
DE,89185,Hüttisheim,Baden-Württemberg,48.284902,9.943863,1359,10.345204
DE,89186,Illerrieden,Baden-Württemberg,48.27228,10.036861,3310,18.387507
DE,89188,Merklingen,Baden-Württemberg,48.518511,9.750107,1888,21.326235
DE,89189,Neenstetten,Baden-Württemberg,48.541609,10.028325,806,8.242572
DE,89191,Nellingen,Baden-Württemberg,48.540193,9.787382,1849,35.710806
DE,89192,Rammingen,Baden-Württemberg,48.516381,10.182498,1263,14.037245
DE,89194,Schnürpflingen,Baden-Württemberg,48.265469,9.993526,1343,10.716558
DE,89195,Illerkirchberg,Baden-Württemberg,48.300801,9.985682,3098,17.546536
DE,89195,Staig,Baden-Württemberg,48.300801,9.985682,3098,17.546536
DE,89197,Weidenstetten,Baden-Württemberg,48.558667,9.980709,1287,17.166261
DE,89198,Westerstetten,Baden-Württemberg,48.514687,9.949394,2195,13.082473
DE,89231,Neu-Ulm,Bayern,48.379447,10.009779,31705,20.458312
DE,89233,Neu-Ulm,Bayern,48.381057,10.067066,21024,60.491281
DE,89250,Senden,Bayern,48.322484,10.068926,21544,25.166862
DE,89257,Illertissen,Bayern,48.227999,10.110284,16598,41.391799
DE,89264,Weißenhorn,Bayern,48.304549,10.173621,13120,53.646355
DE,89269,Vöhringen,Bayern,48.289865,10.09114,12934,23.676624
DE,89275,Elchingen,Bayern,48.448734,10.08425,9122,24.803987
DE,89278,Nersingen,Bayern,48.424237,10.138702,9257,24.244583
DE,89281,Altenstadt,Bayern,48.168058,10.130408,4939,31.437333
DE,89284,"Pfaffenhofen an der Roth",Bayern,48.361139,10.161741,7056,42.650742
DE,89287,Bellenberg,Bayern,48.258454,10.09652,4468,5.130934
DE,89290,Buch,Bayern,48.230491,10.196305,3729,40.071516
DE,89291,Holzheim,Bayern,48.379185,10.110641,1765,7.613709
DE,89293,"Kellmünz a.d.Iller",Bayern,48.12899,10.136768,1360,8.537525
DE,89294,Oberroth,Bayern,48.170817,10.196201,857,9.916747
DE,89296,Osterberg,Bayern,48.140205,10.178087,845,13.814078
DE,89297,Roggenburg,Bayern,48.280247,10.248308,2660,66.945349
DE,89299,Unterroth,Bayern,48.196224,10.189157,999,15.345855
DE,89312,Günzburg,Bayern,48.466188,10.280221,19457,55.406882
DE,89331,Burgau,Bayern,48.428865,10.383157,9323,26.001152
DE,89335,Ichenhausen,Bayern,48.375355,10.282141,8463,34.317091
DE,89335,Waldstetten,Bayern,48.375355,10.282141,8463,34.317091
DE,89340,Leipheim,Bayern,48.451597,10.204422,6555,32.978977
DE,89343,Jettingen-Scheppach,Bayern,48.391614,10.462386,6791,54.09782
DE,89344,Aislingen,Bayern,48.508345,10.450165,1349,19.21533
DE,89346,Bibertal,Bayern,48.398533,10.201551,4727,27.278898
DE,89347,Bubesheim,Bayern,48.425394,10.248647,1441,6.923757
DE,89349,Burtenbach,Bayern,48.346889,10.459712,3311,37.579087
DE,89350,Dürrlauingen,Bayern,48.467214,10.427239,1588,12.238482
DE,89352,Ellzee,Bayern,48.327722,10.304867,1151,14.76376
DE,89353,Glött,Bayern,48.50137,10.488035,1115,10.977849
DE,89355,Gundremmingen,Bayern,48.501044,10.408194,1536,10.856728
DE,89356,Haldenwang,Bayern,48.447845,10.457517,1857,18.00474
DE,89358,Kammeltal,Bayern,48.37338,10.367482,3335,41.596978
DE,89359,Kötz,Bayern,48.406883,10.285957,3253,20.555353
DE,89361,Landensberg,Bayern,48.434625,10.516262,681,7.899415
DE,89362,Offingen,Bayern,48.478635,10.364175,4134,14.950308
DE,89364,Rettenbach,Bayern,48.455502,10.357805,1621,12.693409
DE,89365,Röfingen,Bayern,48.426344,10.459405,1064,6.670566
DE,89367,Waldstetten,Bayern,48.349211,10.289975,1200,11.075717
DE,89368,Winterbach,Bayern,48.46596,10.498853,795,14.840224
DE,89407,"Dillingen a.d.Donau",Bayern,48.574875,10.53127,18103,75.544506
DE,89415,"Lauingen (Donau)",Bayern,48.562714,10.427698,10546,44.404802
DE,89420,"Höchstädt an der Donau",Bayern,48.624356,10.574655,6570,37.410801
DE,89423,"Gundelfingen an der Donau",Bayern,48.525637,10.35366,7733,53.933842
DE,89426,Mödingen,Bayern,48.63006,10.440136,3636,40.427593
DE,89426,Wittislingen,Bayern,48.63006,10.440136,3636,40.427593
DE,89428,Syrgenstein,Bayern,48.658785,10.288741,3557,16.624931
DE,89429,Bachhagel,Bayern,48.634672,10.335022,2245,19.804543
DE,89431,"Bächingen an der Brenz",Bayern,48.537494,10.321355,1303,7.342319
DE,89434,Blindheim,Bayern,48.646392,10.614363,1741,26.357957
DE,89435,Finningen,Bayern,48.652372,10.498783,1656,27.868208
DE,89437,Haunsheim,Bayern,48.606558,10.362424,1582,17.776427
DE,89438,Holzheim,Bayern,48.509544,10.537366,3782,40.844334
DE,89440,Lutzingen,Bayern,48.669871,10.539148,970,24.937529
DE,89441,Medlingen,Bayern,48.578317,10.326299,998,17.082253
DE,89443,Schwenningen,Bayern,48.645011,10.657262,1413,25.068495
DE,89446,Ziertheim,Bayern,48.661384,10.398557,1004,20.860787
DE,89447,Zöschingen,Bayern,48.678648,10.312189,759,14.570567
DE,89518,"Heidenheim an der Brenz",Baden-Württemberg,48.685587,10.131915,13551,6.70485
DE,89520,"Heidenheim an der Brenz",Baden-Württemberg,48.730062,10.193852,13098,67.987055
DE,89522,"Heidenheim an der Brenz",Baden-Württemberg,48.666781,10.185283,19466,34.099957
DE,89537,"Giengen an der Brenz",Baden-Württemberg,48.617232,10.242107,18970,43.579571
DE,89537,Hermaringen,Baden-Württemberg,48.617232,10.242107,18970,43.579571
DE,89542,Herbrechtingen,Baden-Württemberg,48.613786,10.155304,12804,57.555257
DE,89547,Gerstetten,Baden-Württemberg,48.619067,10.045087,11615,92.292215
DE,89551,Königsbronn,Baden-Württemberg,48.73905,10.103592,7066,45.460694
DE,89555,"Steinheim am Albuch",Baden-Württemberg,48.684825,10.038561,8505,75.818287
DE,89558,Böhmenkirch,Baden-Württemberg,48.687909,9.924099,5469,51.904708
DE,89561,Dischingen,Baden-Württemberg,48.703174,10.401932,4378,76.074309
DE,89564,Nattheim,Baden-Württemberg,48.713583,10.271852,6172,44.997268
DE,89567,"Sontheim an der Brenz",Baden-Württemberg,48.553642,10.280613,5480,28.915406
DE,89568,Hermaringen,Baden-Württemberg,48.597555,10.265443,2230,14.787997
DE,89584,"Ehingen (Donau)",Baden-Württemberg,48.280835,9.669845,25052,191.919411
DE,89584,Lauterach,Baden-Württemberg,48.280835,9.669845,25052,191.919411
DE,89597,"Hausen am Bussen",Baden-Württemberg,48.225492,9.640869,5437,19.181024
DE,89597,Munderkingen,Baden-Württemberg,48.225492,9.640869,5437,19.181024
DE,89597,Unterwachingen,Baden-Württemberg,48.225492,9.640869,5437,19.181024
DE,89601,Schelklingen,Baden-Württemberg,48.383577,9.679504,6880,75.762204
DE,89604,Allmendingen,Baden-Württemberg,48.33355,9.708504,4348,45.868447
DE,89605,Altheim,Baden-Württemberg,48.331717,9.772439,597,7.779351
DE,89607,Emerkingen,Baden-Württemberg,48.206369,9.650316,857,7.403228
DE,89608,Griesingen,Baden-Württemberg,48.263154,9.786373,1025,8.161996
DE,89610,Oberdischingen,Baden-Württemberg,48.307067,9.829911,2051,8.81436
DE,89611,Obermarchtal,Baden-Württemberg,48.221713,9.567156,1518,30.281458
DE,89611,Rechtenstein,Baden-Württemberg,48.221713,9.567156,1518,30.281458
DE,89613,Grundsheim,Baden-Württemberg,48.185158,9.693876,1761,19.481363
DE,89613,Oberstadion,Baden-Württemberg,48.185158,9.693876,1761,19.481363
DE,89614,Öpfingen,Baden-Württemberg,48.289423,9.807231,2260,8.862626
DE,89616,Rottenacker,Baden-Württemberg,48.234275,9.687549,2065,10.287358
DE,89617,Untermarchtal,Baden-Württemberg,48.241711,9.611086,900,5.594781
DE,89619,Unterstadion,Baden-Württemberg,48.206047,9.702453,750,8.816878
DE,90402,Nürnberg,Bayern,49.450235,11.090349,6310,1.856388
DE,90403,Nürnberg,Bayern,49.455172,11.07933,10250,1.047001
DE,90408,Nürnberg,Bayern,49.466047,11.076195,14165,1.343235
DE,90409,Nürnberg,Bayern,49.466959,11.090324,16251,1.565496
DE,90411,Nürnberg,Bayern,49.493186,11.100053,13619,13.299218
DE,90419,Nürnberg,Bayern,49.46163,11.056964,22775,2.581291
DE,90425,Nürnberg,Bayern,49.477,11.065033,15508,6.172427
DE,90427,"Kraftshofer Forst",Bayern,49.50733,11.036951,16105,27.232653
DE,90427,Nürnberg,Bayern,49.50733,11.036951,16105,27.232653
DE,90429,Nürnberg,Bayern,49.456525,11.042491,23375,3.574697
DE,90431,Nürnberg,Bayern,49.445444,11.021685,17861,8.007011
DE,90439,Nürnberg,Bayern,49.440603,11.046607,17878,1.87127
DE,90441,Nürnberg,Bayern,49.426482,11.055141,18123,5.16756
DE,90443,Nürnberg,Bayern,49.439799,11.068924,23375,2.225871
DE,90449,Nürnberg,Bayern,49.426589,11.014075,17617,4.670492
DE,90451,Nürnberg,Bayern,49.403969,11.04675,15458,10.27145
DE,90453,Nürnberg,Bayern,49.377581,11.033745,16088,12.834317
DE,90455,Nürnberg,Bayern,49.367246,11.083069,15975,22.317464
DE,90459,Nürnberg,Bayern,49.437608,11.081606,27260,1.398911
DE,90461,Nürnberg,Bayern,49.427285,11.09203,22804,4.734172
DE,90469,Nürnberg,Bayern,49.404348,11.094682,13530,7.865492
DE,90471,Nürnberg,Bayern,49.418283,11.125783,18579,9.190364
DE,90473,Nürnberg,Bayern,49.401597,11.139183,16909,2.531807
DE,90475,Brunn,Bayern,49.427748,11.203684,15149,64.223363
DE,90475,Feucht,Bayern,49.427748,11.203684,15149,64.223363
DE,90475,Fischbach,Bayern,49.427748,11.203684,15149,64.223363
DE,90475,Nürnberg,Bayern,49.427748,11.203684,15149,64.223363
DE,90475,Wendelstein,Bayern,49.427748,11.203684,15149,64.223363
DE,90478,Nürnberg,Bayern,49.439801,11.104698,17061,2.187854
DE,90480,Nürnberg,Bayern,49.446189,11.131216,18393,5.879023
DE,90482,Nürnberg,Bayern,49.463882,11.148773,15283,5.063937
DE,90489,Nürnberg,Bayern,49.458073,11.098501,20602,1.722435
DE,90491,Nürnberg,Bayern,49.472498,11.131907,20304,7.179245
DE,90513,Zirndorf,Bayern,49.435109,10.925251,24785,28.778451
DE,90518,"Altdorf bei Nürnberg",Bayern,49.393522,11.381314,15080,48.619142
DE,90522,Oberasbach,Bayern,49.422245,10.968296,17067,12.05051
DE,90530,Wendelstein,Bayern,49.345877,11.165221,15676,63.575522
DE,90537,Feucht,Bayern,49.382776,11.233275,12400,31.025217
DE,90537,"Feuchter Forst",Bayern,49.382776,11.233275,12400,31.025217
DE,90537,Wendelstein,Bayern,49.382776,11.233275,12400,31.025217
DE,90542,Eckental,Bayern,49.583395,11.218131,13987,29.708282
DE,90547,Stein,Bayern,49.399164,10.980124,13507,19.530687
DE,90552,"Haimendorfer Forst",Bayern,49.470718,11.251809,11699,21.705025
DE,90552,"Röthenbach an der Pegnitz",Bayern,49.470718,11.251809,11699,21.705025
DE,90556,Cadolzburg,Bayern,49.458822,10.849544,13416,53.820794
DE,90556,Seukendorf,Bayern,49.458822,10.849544,13416,53.820794
DE,90559,Burgthann,Bayern,49.338739,11.328974,11240,39.12539
DE,90562,"Buckenhofer Forst",Bayern,49.542224,11.115793,11203,98.78021
DE,90562,"Dormitzer Forst",Bayern,49.542224,11.115793,11203,98.78021
DE,90562,"Forst Tennenlohe",Bayern,49.542224,11.115793,11203,98.78021
DE,90562,Geschaidt,Bayern,49.542224,11.115793,11203,98.78021
DE,90562,Heroldsberg,Bayern,49.542224,11.115793,11203,98.78021
DE,90562,Kalchreuth,Bayern,49.542224,11.115793,11203,98.78021
DE,90562,"Kraftshofer Forst",Bayern,49.542224,11.115793,11203,98.78021
DE,90571,"Schwaig bei Nürnberg",Bayern,49.490926,11.200978,8306,17.06174
DE,90574,Roßtal,Bayern,49.385793,10.885059,9784,44.322163
DE,90579,Langenzenn,Bayern,49.489294,10.78249,10375,46.254164
DE,90584,Allersberg,Bayern,49.243087,11.237435,8032,59.764455
DE,90587,Obermichelbach,Bayern,49.520465,10.883202,10631,31.880848
DE,90587,Tuchenbach,Bayern,49.520465,10.883202,10631,31.880848
DE,90587,Veitsbronn,Bayern,49.520465,10.883202,10631,31.880848
DE,90592,Schwarzenbruck,Bayern,49.349822,11.267635,8302,21.955495
DE,90596,Schwanstetten,Bayern,49.304669,11.13666,7285,33.624231
DE,90599,Dietenhofen,Bayern,49.400973,10.684914,5512,63.890881
DE,90602,Pyrbaum,Bayern,49.289305,11.270747,5557,50.323126
DE,90607,Rückersdorf,Bayern,49.506078,11.241321,4444,8.69795
DE,90610,Winkelhaid,Bayern,49.408886,11.305532,4074,24.968102
DE,90613,Großhabersdorf,Bayern,49.408482,10.789356,4071,35.406842
DE,90614,Ammerndorf,Bayern,49.423093,10.85315,2115,5.04919
DE,90616,"Neuhof a.d.Zenn",Bayern,49.44898,10.653188,2089,30.840228
DE,90617,Puschendorf,Bayern,49.525495,10.826782,2163,3.426103
DE,90619,Trautskirchen,Bayern,49.462993,10.579499,1321,19.822048
DE,90762,Fürth,Bayern,49.474008,10.994107,18429,2.367523
DE,90763,Fürth,Bayern,49.456153,10.994006,27731,5.363139
DE,90765,Fürth,Bayern,49.503079,10.99647,25358,17.452776
DE,90766,Fürth,Bayern,49.485488,10.965444,23382,7.059074
DE,90768,Fürth,Bayern,49.492651,10.941181,20625,31.161919
DE,91052,Erlangen,Bayern,49.587681,11.01206,27451,6.441514
DE,91054,Buckenhof,Bayern,49.60282,11.026108,21327,9.08897
DE,91054,Erlangen,Bayern,49.60282,11.026108,21327,9.08897
DE,91056,Erlangen,Bayern,49.587495,10.953957,33405,44.990041
DE,91058,Erlangen,Bayern,49.558338,11.007158,24706,17.994146
DE,91074,Herzogenaurach,Bayern,49.570636,10.878721,22222,47.643678
DE,91077,Dormitz,Bayern,49.621982,11.140224,12589,50.237771
DE,91077,Hetzles,Bayern,49.621982,11.140224,12589,50.237771
DE,91077,Kleinsendelbach,Bayern,49.621982,11.140224,12589,50.237771
DE,91077,"Neunkirchen am Brand",Bayern,49.621982,11.140224,12589,50.237771
DE,91080,Marloffstein,Bayern,49.609917,11.066025,8468,15.721852
DE,91080,Spardorf,Bayern,49.609917,11.066025,8468,15.721852
DE,91080,Uttenreuth,Bayern,49.609917,11.066025,8468,15.721852
DE,91083,Baiersdorf,Bayern,49.658266,11.029704,7345,11.792033
DE,91085,Weisendorf,Bayern,49.627131,10.815216,6261,36.759576
DE,91086,Aurachtal,Bayern,49.579856,10.817544,3021,18.370561
DE,91088,Bubenreuth,Bayern,49.624269,11.015166,4387,4.073424
DE,91090,Effeltrich,Bayern,49.66297,11.107914,2639,11.925582
DE,91091,Großenseebach,Bayern,49.624545,10.875786,2326,7.120681
DE,91093,Heßdorf,Bayern,49.638477,10.894222,3379,24.79688
DE,91094,Langensendelbach,Bayern,49.639679,11.063308,2913,9.593143
DE,91096,Möhrendorf,Bayern,49.652353,10.975713,4531,34.041253
DE,91097,Oberreichenbach,Bayern,49.594079,10.769945,1221,4.827941
DE,91099,Poxdorf,Bayern,49.667416,11.065794,1513,5.1487
DE,91126,Kammerstein,Bayern,49.314227,11.001115,48048,90.875825
DE,91126,Rednitzhembach,Bayern,49.314227,11.001115,48048,90.875825
DE,91126,Schwabach,Bayern,49.314227,11.001115,48048,90.875825
DE,91154,Roth,Bayern,49.233368,11.11617,24399,96.442029
DE,91161,Hilpoltstein,Bayern,49.170842,11.229048,13067,89.555366
DE,91166,Georgensgmünd,Bayern,49.19517,11.025233,6663,46.913541
DE,91171,Greding,Bayern,49.059701,11.328306,6897,103.774875
DE,91174,Spalt,Bayern,49.176313,10.917289,5001,55.681751
DE,91177,Thalmässing,Bayern,49.0976,11.223813,5253,80.545064
DE,91180,Heideck,Bayern,49.130576,11.121563,4689,58.52789
DE,91183,Abenberg,Bayern,49.234549,10.93531,5425,51.532921
DE,91186,Büchenbach,Bayern,49.268268,11.024942,5141,33.985193
DE,91187,Röttenbach,Bayern,49.153109,11.024424,2871,21.6169
DE,91189,Rohr,Bayern,49.341998,10.927901,3568,48.211417
DE,91207,"Lauf an der Pegnitz",Bayern,49.525845,11.26604,25754,69.082893
DE,91217,Hersbruck,Bayern,49.506344,11.427442,12240,22.886201
DE,91220,Schnaittach,Bayern,49.581074,11.345161,7897,49.292069
DE,91224,Pommelsbrunn,Bayern,49.504972,11.525882,5176,50.04982
DE,91227,Leinburg,Bayern,49.448483,11.332637,6321,33.734028
DE,91230,Happurg,Bayern,49.465277,11.491304,3682,42.622404
DE,91233,"Neunkirchen a. Sand",Bayern,49.534165,11.342579,4626,14.155633
DE,91235,Hartenstein,Bayern,49.604922,11.505888,3115,47.977221
DE,91235,Velden,Bayern,49.604922,11.505888,3115,47.977221
DE,91236,Alfeld,Bayern,49.430974,11.53155,1122,17.913948
DE,91238,Engelthal,Bayern,49.453609,11.410721,2733,38.47327
DE,91238,Offenhausen,Bayern,49.453609,11.410721,2733,38.47327
DE,91239,Henfenfeld,Bayern,49.497841,11.392742,1869,6.608131
DE,91241,Kirchensittenbach,Bayern,49.570587,11.424382,2053,43.21013
DE,91242,Ottensoos,Bayern,49.502881,11.345431,2035,9.9929
DE,91244,Reichenschwand,Bayern,49.519261,11.374212,2220,6.85306
DE,91245,Simmelsdorf,Bayern,49.621969,11.344366,3145,40.900871
DE,91247,Vorra,Bayern,49.56009,11.48316,1706,22.082019
DE,91249,Weigendorf,Bayern,49.500364,11.583405,1219,12.55881
DE,91257,Pegnitz,Bayern,49.740275,11.524162,13525,155.655256
DE,91275,"Auerbach in der Oberpfalz",Bayern,49.69372,11.609829,8861,78.100291
DE,91278,Pottenstein,Bayern,49.768447,11.418749,5359,81.984614
DE,91281,Kirchenthumbach,Bayern,49.759816,11.696869,3292,71.638378
DE,91282,Betzenstein,Bayern,49.6727,11.415488,2505,51.829903
DE,91284,"Neuhaus an der Pegnitz",Bayern,49.635352,11.55505,2875,21.567323
DE,91286,Obertrubach,Bayern,49.700759,11.330877,2172,21.120293
DE,91287,Plech,Bayern,49.661738,11.466278,1296,15.287254
DE,91289,Schnabelwaid,Bayern,49.806902,11.596327,995,21.348928
DE,91301,Forchheim,Bayern,49.720046,11.063388,30330,44.558606
DE,91315,"Höchstadt an der Aisch",Bayern,49.714896,10.833688,13142,71.289425
DE,91320,Ebermannstadt,Bayern,49.781593,11.195127,6915,49.96468
DE,91322,Gräfenberg,Bayern,49.662416,11.244416,4040,37.779694
DE,91325,Adelsdorf,Bayern,49.709505,10.899739,7301,31.695676
DE,91327,Gößweinstein,Bayern,49.761307,11.323002,4071,57.764847
DE,91330,Eggolsheim,Bayern,49.785061,11.087817,6407,48.81317
DE,91332,"Heiligenstadt i. OFr.",Bayern,49.8749,11.151204,3610,76.849232
DE,91334,Hemhofen,Bayern,49.688455,10.942817,5174,6.738994
DE,91336,Heroldsbach,Bayern,49.700708,10.973908,4899,15.636213
DE,91338,Igensdorf,Bayern,49.62134,11.217725,4858,28.897668
DE,91341,Röttenbach,Bayern,49.66814,10.918299,4563,7.770713
DE,91344,Waischenfeld,Bayern,49.846247,11.329418,3164,57.979915
DE,91346,Wiesenttal,Bayern,49.818165,11.249242,2534,45.826427
DE,91347,Aufseß,Bayern,49.894304,11.24119,1338,29.417415
DE,91349,Egloffstein,Bayern,49.713898,11.262944,1993,28.098262
DE,91350,Gremsdorf,Bayern,49.684252,10.848939,1499,12.926983
DE,91352,Hallerndorf,Bayern,49.75235,10.976342,3972,41.351052
DE,91353,Hausen,Bayern,49.697606,11.019373,3695,13.454241
DE,91355,Hiltpoltstein,Bayern,49.66296,11.315913,1611,25.536056
DE,91356,Kirchehrenbach,Bayern,49.731711,11.153977,2260,8.205986
DE,91358,Kunreuth,Bayern,49.672915,11.158518,1370,9.868194
DE,91359,Leutenbach,Bayern,49.69627,11.185692,1670,19.400241
DE,91361,Pinzberg,Bayern,49.692239,11.110557,1881,13.266037
DE,91362,Pretzfeld,Bayern,49.742246,11.201368,2491,24.172774
DE,91364,Unterleinleiter,Bayern,49.827416,11.17091,1253,12.408496
DE,91365,Weilersbach,Bayern,49.751163,11.131629,2057,8.55412
DE,91367,Weißenohe,Bayern,49.625981,11.27026,1103,4.694773
DE,91369,Wiesenthau,Bayern,49.709991,11.141029,1683,6.368713
DE,91413,"Neustadt an der Aisch",Bayern,49.573317,10.575301,12323,61.308427
DE,91438,"Bad Windsheim",Bayern,49.518625,10.424025,11967,81.951625
DE,91443,Scheinfeld,Bayern,49.672048,10.475064,4591,45.120143
DE,91448,Emskirchen,Bayern,49.550252,10.727484,5968,64.952861
DE,91452,Wilhermsdorf,Bayern,49.464489,10.719217,4929,26.716891
DE,91456,Diespeck,Bayern,49.598481,10.625613,3586,21.044865
DE,91459,"Markt Erlbach",Bayern,49.500812,10.624223,5472,60.828551
DE,91460,Baudenbach,Bayern,49.632028,10.540702,1169,22.158035
DE,91462,Dachsbach,Bayern,49.644272,10.716487,1706,20.612029
DE,91463,Dietersheim,Bayern,49.547128,10.53986,2166,31.141537
DE,91465,Ergersheim,Bayern,49.518112,10.308688,1110,30.034822
DE,91466,Gerhardshofen,Bayern,49.616269,10.710231,2492,27.197128
DE,91468,Gutenstetten,Bayern,49.624941,10.637489,1292,21.30126
DE,91469,Hagenbüchach,Bayern,49.528576,10.762889,1229,11.503886
DE,91471,Illesheim,Bayern,49.463164,10.40475,954,21.400211
DE,91472,Ipsheim,Bayern,49.524374,10.501537,2116,42.217321
DE,91474,Langenfeld,Bayern,49.610601,10.514587,1018,7.279446
DE,91475,Lonnerstadt,Bayern,49.70737,10.745726,2011,25.925773
DE,91477,"Markt Bibart",Bayern,49.662125,10.400764,1854,30.00191
DE,91478,"Markt Nordheim",Bayern,49.570254,10.331206,1130,39.232123
DE,91480,"Markt Taschendorf",Bayern,49.689652,10.548307,1024,27.57385
DE,91481,Münchsteinach,Bayern,49.656969,10.591251,1388,29.429125
DE,91483,Oberscheinfeld,Bayern,49.715944,10.430702,1221,42.266189
DE,91484,Sugenheim,Bayern,49.607392,10.412087,2307,62.31427
DE,91486,Uehlfeld,Bayern,49.667831,10.700246,2895,31.1641
DE,91487,Vestenbergsgreuth,Bayern,49.700918,10.654369,1543,31.80117
DE,91489,Wilhelmsdorf,Bayern,49.580368,10.73901,1391,10.063876
DE,91522,Ansbach,Bayern,49.292209,10.563719,39510,99.78045
DE,91541,"Rothenburg ob der Tauber",Bayern,49.369651,10.158276,10963,41.74385
DE,91550,Dinkelsbühl,Bayern,49.075278,10.310369,11251,75.178465
DE,91555,Feuchtwangen,Bayern,49.175325,10.321343,12095,137.14148
DE,91560,Heilsbronn,Bayern,49.34737,10.800253,9051,62.175223
DE,91564,Neuendettelsau,Bayern,49.287434,10.80841,7390,33.880703
DE,91567,Herrieden,Bayern,49.227899,10.481474,7522,81.660551
DE,91572,Bechhofen,Bayern,49.170724,10.556364,5879,61.773807
DE,91575,Windsbach,Bayern,49.252792,10.843279,6051,68.043865
DE,91578,Leutershausen,Bayern,49.296679,10.397395,5525,84.017426
DE,91580,Petersaurach,Bayern,49.320639,10.723539,4877,41.815935
DE,91583,Diebach,Bayern,49.295365,10.242721,3849,49.866366
DE,91583,Schillingsfürst,Bayern,49.295365,10.242721,3849,49.866366
DE,91586,Lichtenau,Bayern,49.265529,10.705001,3694,41.345618
DE,91587,Adelshofen,Bayern,49.451597,10.149124,972,27.199752
DE,91589,Aurach,Bayern,49.240068,10.396351,2794,36.675999
DE,91590,Bruckberg,Bayern,49.349927,10.691263,1316,7.633891
DE,91592,"Buch am Wald",Bayern,49.3191,10.309695,978,26.460908
DE,91593,Burgbernheim,Bayern,49.464534,10.316149,2956,41.86871
DE,91595,Burgoberbach,Bayern,49.22268,10.586231,3257,12.648666
DE,91596,Burk,Bayern,49.13876,10.482496,1143,14.090968
DE,91598,Colmberg,Bayern,49.366791,10.40115,1973,38.320436
DE,91599,"Dentlein am Forst",Bayern,49.144004,10.422074,2362,18.024065
DE,91601,Dombühl,Bayern,49.255047,10.297701,1654,17.878664
DE,91602,Dürrwangen,Bayern,49.102705,10.379239,2567,23.022704
DE,91604,Flachslanden,Bayern,49.404727,10.519894,2354,40.847675
DE,91605,Gallmersgarten,Bayern,49.467234,10.26796,784,15.617093
DE,91607,Gebsattel,Bayern,49.342359,10.214312,1771,19.095568
DE,91608,Geslau,Bayern,49.360722,10.31018,1364,41.982795
DE,91610,Insingen,Bayern,49.312749,10.162588,1124,21.243976
DE,91611,Lehrberg,Bayern,49.358511,10.4988,3061,50.802613
DE,91613,Marktbergel,Bayern,49.442245,10.366122,1543,24.197074
DE,91614,Mönchsroth,Bayern,49.026083,10.356488,1646,11.714074
DE,91616,Neusitz,Bayern,49.378475,10.229446,2027,13.638864
DE,91617,Oberdachstetten,Bayern,49.407804,10.435479,1595,23.640811
DE,91619,Obernzenn,Bayern,49.450029,10.488736,2639,39.647123
DE,91620,Ohrenbach,Bayern,49.469766,10.213705,628,22.711617
DE,91622,Rügland,Bayern,49.418185,10.578179,1236,20.958777
DE,91623,"Sachsen bei Ansbach",Bayern,49.286086,10.654295,3179,20.913045
DE,91625,Schnelldorf,Bayern,49.203169,10.185528,3544,51.416484
DE,91626,Schopfloch,Bayern,49.112208,10.302613,2828,15.290252
DE,91628,Steinsfeld,Bayern,49.426706,10.210419,1234,31.76383
DE,91629,Weihenzell,Bayern,49.358283,10.621108,2831,45.169915
DE,91631,Wettringen,Bayern,49.260081,10.166304,956,21.299239
DE,91632,Wieseth,Bayern,49.168814,10.474524,1384,20.570546
DE,91634,Wilburgstetten,Bayern,49.018464,10.397936,2094,25.460519
DE,91635,Windelsbach,Bayern,49.400899,10.293922,1094,38.425024
DE,91637,Wörnitz,Bayern,49.244316,10.229863,1676,24.446407
DE,91639,Wolframs-Eschenbach,Bayern,49.221993,10.733895,2782,25.492163
DE,91710,Gunzenhausen,Bayern,49.110924,10.72839,16267,82.670828
DE,91717,Wassertrüdingen,Bayern,49.040987,10.608979,5972,53.523001
DE,91719,Heidenheim,Bayern,48.995765,10.744243,2508,52.196835
DE,91720,Absberg,Bayern,49.15822,10.860942,1330,18.949763
DE,91722,Arberg,Bayern,49.135035,10.631146,2298,33.122063
DE,91723,Dittenheim,Bayern,49.057688,10.778133,1765,29.315013
DE,91725,Ehingen,Bayern,49.097012,10.544086,2000,47.60245
DE,91726,Gerolfingen,Bayern,49.048983,10.511111,997,12.636855
DE,91728,Gnotzheim,Bayern,49.055679,10.70999,837,12.50115
DE,91729,Haundorf,Bayern,49.165054,10.794386,2638,51.257801
DE,91731,Langfurth,Bayern,49.10196,10.453949,2144,21.166228
DE,91732,Merkendorf,Bayern,49.203095,10.68985,2721,26.117353
DE,91734,Mitteleschenbach,Bayern,49.212099,10.802562,1580,10.547346
DE,91735,"Muhr am See",Bayern,49.160601,10.719077,2198,10.964179
DE,91737,Ornbau,Bayern,49.173038,10.655238,1578,15.126775
DE,91738,Pfofeld,Bayern,49.114429,10.860501,1484,23.913004
DE,91740,Röckingen,Bayern,49.052455,10.55513,731,10.873678
DE,91741,Theilenhofen,Bayern,49.079965,10.840259,1166,20.313688
DE,91743,Unterschwaningen,Bayern,49.092309,10.619006,874,18.547198
DE,91744,Weiltingen,Bayern,49.030524,10.453224,1375,24.055735
DE,91746,Weidenbach,Bayern,49.210822,10.630229,2151,21.675387
DE,91747,Westheim,Bayern,49.002403,10.678306,1178,28.311099
DE,91749,Wittelshofen,Bayern,49.066844,10.458617,1274,24.164283
DE,91757,Treuchtlingen,Bayern,48.957518,10.870082,12585,103.366135
DE,91781,"Weißenburg in Bayern",Bayern,49.01558,10.986878,17735,97.365167
DE,91785,Pleinfeld,Bayern,49.115198,10.985243,7383,71.397039
DE,91788,Pappenheim,Bayern,48.93972,11.003644,4006,64.494041
DE,91790,Bergen,Bayern,49.028327,11.119886,4853,99.259953
DE,91790,Burgsalach,Bayern,49.028327,11.119886,4853,99.259953
DE,91790,Nennslingen,Bayern,49.028327,11.119886,4853,99.259953
DE,91790,Raitenbuch,Bayern,49.028327,11.119886,4853,99.259953
DE,91792,Ellingen,Bayern,49.07166,10.932244,3612,31.225978
DE,91793,Alesheim,Bayern,49.03913,10.868747,985,20.486874
DE,91795,Dollnstein,Bayern,48.87068,11.090902,2748,40.549173
DE,91796,Ettenstatt,Bayern,49.076095,11.062952,856,15.849201
DE,91798,Höttingen,Bayern,49.070949,11.009918,1165,19.246014
DE,91799,Langenaltheim,Bayern,48.894707,10.91612,2246,39.138351
DE,91801,"Markt Berolzheim",Bayern,49.006918,10.836561,1323,14.507697
DE,91802,Meinheim,Bayern,49.025748,10.803569,882,16.349318
DE,91804,Mörnsheim,Bayern,48.854365,11.012254,1548,31.022045
DE,91805,Polsingen,Bayern,48.933238,10.729622,1842,33.907257
DE,91807,Solnhofen,Bayern,48.895046,11.001813,1712,16.01585
DE,91809,Wellheim,Bayern,48.818964,11.09966,2664,33.725065
DE,92224,Amberg,Bayern,49.450788,11.845471,41938,50.172854
DE,92237,Sulzbach-Rosenberg,Bayern,49.506216,11.736648,19622,53.160526
DE,92242,Hirschau,Bayern,49.551105,11.941696,5917,74.931935
DE,92245,Kümmersbruck,Bayern,49.409008,11.889775,9748,46.450061
DE,92249,Vilseck,Bayern,49.611893,11.79849,6020,64.648974
DE,92253,Schnaittenbach,Bayern,49.537234,12.043453,4276,63.427639
DE,92256,Hahnbach,Bayern,49.537534,11.811557,5003,67.341738
DE,92259,"Neukirchen bei Sulzbach-Rosenberg",Bayern,49.532289,11.648365,2631,45.789703
DE,92260,Ammerthal,Bayern,49.445398,11.765922,2137,10.897691
DE,92262,Birgland,Bayern,49.434042,11.617039,1799,62.42929
DE,92263,Ebermannsdorf,Bayern,49.383284,11.995459,2434,45.188234
DE,92265,Edelsfeld,Bayern,49.582724,11.711416,1886,34.663574
DE,92266,Ensdorf,Bayern,49.352045,11.918187,2234,59.12773
DE,92268,Etzelwang,Bayern,49.534656,11.581955,1385,21.669842
DE,92269,Fensterbach,Bayern,49.406478,12.039609,2374,26.97508
DE,92271,Freihung,Bayern,49.608957,11.9078,2618,46.495907
DE,92272,Freudenberg,Bayern,49.468536,11.969059,4174,82.067801
DE,92274,Gebenbach,Bayern,49.547254,11.872607,895,18.197525
DE,92275,Hirschbach,Bayern,49.574432,11.585768,1275,31.083736
DE,92277,Hohenburg,Bayern,49.31229,11.817641,1595,39.351045
DE,92278,Illschwang,Bayern,49.454229,11.696451,2025,54.201666
DE,92280,Kastl,Bayern,49.364911,11.68856,2445,64.853001
DE,92281,Königstein,Bayern,49.610576,11.641138,1753,35.17928
DE,92283,Lauterhofen,Bayern,49.372798,11.565201,3645,83.091028
DE,92284,Poppenricht,Bayern,49.479277,11.814682,3342,11.615947
DE,92286,Rieden,Bayern,49.308721,11.929517,2812,32.284991
DE,92287,Schmidmühlen,Bayern,49.268603,11.922267,2347,25.478949
DE,92289,Ursensollen,Bayern,49.379328,11.784962,3651,74.758193
DE,92318,"Neumarkt in der Oberpfalz",Bayern,49.282508,11.472975,38390,79.074423
DE,92331,Lupburg,Bayern,49.166334,11.733591,8777,87.991763
DE,92331,Parsberg,Bayern,49.166334,11.733591,8777,87.991763
DE,92334,Berching,Bayern,49.118119,11.466707,8479,131.426912
DE,92339,Beilngries,Bayern,49.013073,11.49588,8746,99.930477
DE,92342,Freystadt,Bayern,49.185018,11.340555,8577,80.530999
DE,92345,"Dietfurt an der Altmühl",Bayern,49.029074,11.590804,5903,78.793858
DE,92348,"Berg b.Neumarkt i.d.OPf.",Bayern,49.353194,11.442953,7438,65.09949
DE,92353,Postbauer-Heng,Bayern,49.289873,11.354451,7327,24.684076
DE,92355,Velburg,Bayern,49.261593,11.678534,5276,175.555604
DE,92358,"Seubersdorf in der Oberpfalz",Bayern,49.155228,11.617497,4992,68.251627
DE,92360,Mühlhausen,Bayern,49.180525,11.429871,4680,36.842209
DE,92361,Berngau,Bayern,49.251253,11.385303,2477,27.046209
DE,92363,Breitenbrunn,Bayern,49.091756,11.632331,3403,70.811317
DE,92364,Deining,Bayern,49.212961,11.539375,4316,71.248003
DE,92366,Hohenfels,Bayern,49.225907,11.851383,2118,136.967718
DE,92367,Pilsach,Bayern,49.327651,11.541404,2675,47.674608
DE,92369,Sengenthal,Bayern,49.223102,11.448074,2685,28.558213
DE,92421,Schwandorf,Bayern,49.317149,12.083372,27565,130.500115
DE,92431,"Neunburg vorm Wald",Bayern,49.344942,12.36037,8006,110.374411
DE,92436,"Bruck i.d.OPf.",Bayern,49.247412,12.306561,4266,52.491502
DE,92439,Bodenwöhr,Bayern,49.295559,12.287102,4195,54.335332
DE,92442,Wackersdorf,Bayern,49.314566,12.191187,5029,33.726499
DE,92444,Rötz,Bayern,49.352482,12.530868,3388,66.707579
DE,92445,Neukirchen-Balbini,Bayern,49.290303,12.417629,1149,48.255648
DE,92447,Schwarzhofen,Bayern,49.385796,12.32964,1488,35.899633
DE,92449,"Steinberg am See",Bayern,49.272659,12.174438,1867,20.244121
DE,92507,Nabburg,Bayern,49.454333,12.177804,6184,62.405437
DE,92521,Schwarzenfeld,Bayern,49.376029,12.163792,6272,38.228327
DE,92526,Oberviechtach,Bayern,49.484588,12.448532,4958,62.411725
DE,92533,Wernberg-Köblitz,Bayern,49.541099,12.159006,5662,66.236173
DE,92536,Pfreimd,Bayern,49.500871,12.203689,5426,51.462123
DE,92539,Schönsee,Bayern,49.512969,12.543596,2591,50.352278
DE,92540,Altendorf,Bayern,49.418986,12.28754,963,23.221044
DE,92542,Dieterskirchen,Bayern,49.406615,12.410797,1013,24.125374
DE,92543,Guteneck,Bayern,49.458978,12.285284,899,35.0523
DE,92545,Niedermurach,Bayern,49.444885,12.360861,1266,30.029667
DE,92546,Schmidgaden,Bayern,49.449238,12.069554,2895,41.301754
DE,92548,"Schwarzach b.Nabburg",Bayern,49.397455,12.212279,1517,27.348049
DE,92549,Stadlern,Bayern,49.503095,12.625013,507,10.609271
DE,92551,Stulln,Bayern,49.420919,12.135193,1684,15.524687
DE,92552,Teunz,Bayern,49.500325,12.389531,1907,30.670413
DE,92554,Thanstein,Bayern,49.389925,12.460071,1015,27.841392
DE,92555,Trausnitz,Bayern,49.52878,12.260895,982,17.603394
DE,92557,Weiding,Bayern,49.481353,12.563979,538,22.42942
DE,92559,Winklarn,Bayern,49.436296,12.504577,1440,33.766342
DE,92637,Theisseil,Bayern,49.67472,12.171072,42982,92.121631
DE,92637,"Weiden in der Oberpfalz",Bayern,49.67472,12.171072,42982,92.121631
DE,92648,Vohenstrauß,Bayern,49.620877,12.327771,7503,75.190352
DE,92655,Grafenwöhr,Bayern,49.684002,11.800789,6457,217.754088
DE,92660,"Neustadt an der Waldnaab",Bayern,49.733197,12.170527,5931,9.929448
DE,92665,"Altenstadt an der Waldnaab",Bayern,49.75304,12.116067,5747,61.362041
DE,92665,Kirchendemenreuth,Bayern,49.75304,12.116067,5747,61.362041
DE,92670,Windischeschenbach,Bayern,49.81161,12.155958,5197,36.361743
DE,92676,"Eschenbach i.d.OPf.",Bayern,49.771169,11.820866,5167,70.032564
DE,92676,Speinshart,Bayern,49.771169,11.820866,5167,70.032564
DE,92681,Erbendorf,Bayern,49.83837,12.042734,5228,67.511776
DE,92685,Floß,Bayern,49.725702,12.277811,3549,54.375688
DE,92690,Pressath,Bayern,49.768027,11.974067,4429,66.532977
DE,92693,Eslarn,Bayern,49.579433,12.524923,2802,55.270407
DE,92694,Etzenricht,Bayern,49.623081,12.09484,1627,13.637038
DE,92696,Flossenbürg,Bayern,49.742245,12.35815,1624,23.321411
DE,92697,Georgenberg,Bayern,49.704451,12.408399,1385,36.832359
DE,92699,Bechtsrieth,Bayern,49.637254,12.218644,2252,10.058831
DE,92699,Irchenrieth,Bayern,49.637254,12.218644,2252,10.058831
DE,92700,Weiherhammer,Bayern,49.658528,11.933898,795,14.197896
DE,92702,Kohlberg,Bayern,49.600518,12.023347,1216,33.425944
DE,92703,Krummennaab,Bayern,49.845058,12.098325,1535,17.67871
DE,92705,Leuchtenberg,Bayern,49.588425,12.264015,1263,32.383983
DE,92706,Luhe-Wildenau,Bayern,49.58486,12.128518,3392,38.596315
DE,92708,Mantel,Bayern,49.678423,12.030403,2990,47.41347
DE,92709,Moosbach,Bayern,49.573343,12.424678,2504,64.270371
DE,92711,Parkstein,Bayern,49.733668,12.057316,2259,30.774178
DE,92712,Pirk,Bayern,49.616188,12.184011,1769,26.14393
DE,92714,Pleystein,Bayern,49.648828,12.421263,2473,42.372121
DE,92715,Püchersreuth,Bayern,49.771537,12.215286,1608,25.15432
DE,92717,"Reuth b.Erbendorf",Bayern,49.857348,12.141914,1245,16.885293
DE,92718,Schirmitz,Bayern,49.649825,12.17656,2033,4.942877
DE,92720,Schwarzenbach,Bayern,49.720297,12.003491,1214,12.00058
DE,92721,Störnstein,Bayern,49.742938,12.203129,1449,10.974628
DE,92723,Gleiritsch,Bayern,49.535126,12.328747,2254,57.529086
DE,92723,Tännesberg,Bayern,49.535126,12.328747,2254,57.529086
DE,92724,Trabitz,Bayern,49.783599,11.898395,1314,26.716949
DE,92726,Waidhaus,Bayern,49.651261,12.492524,2302,37.320923
DE,92727,Waldthurn,Bayern,49.681315,12.328367,2001,30.997843
DE,92729,Weiherhammer,Bayern,49.637455,12.024926,3008,25.902127
DE,93047,Regensburg,Bayern,49.017281,12.096222,12726,1.798873
DE,93049,Regensburg,Bayern,49.019264,12.060051,24464,6.66223
DE,93051,Regensburg,Bayern,49.003507,12.067227,23431,6.957398
DE,93053,Regensburg,Bayern,48.990769,12.102307,22650,15.084609
DE,93055,Regensburg,Bayern,49.004899,12.151303,19750,29.601711
DE,93057,Regensburg,Bayern,49.051637,12.118536,16883,10.720572
DE,93059,Regensburg,Bayern,49.031323,12.084939,15685,9.982167
DE,93073,Neutraubling,Bayern,48.981478,12.206935,12578,9.800702
DE,93077,"Bad Abbach",Bayern,48.910393,12.052283,11471,56.102332
DE,93080,Pentling,Bayern,48.960157,12.060572,5666,32.596511
DE,93083,Obertraubling,Bayern,48.954487,12.152148,7597,24.832683
DE,93086,"Wörth an der Donau",Bayern,49.00467,12.421835,4454,52.315149
DE,93087,Alteglofsheim,Bayern,48.916982,12.205557,3169,13.14113
DE,93089,Aufhausen,Bayern,48.874573,12.283563,1757,27.249936
DE,93090,"Bach an der Donau",Bayern,49.023273,12.294261,1822,14.692026
DE,93092,Barbing,Bayern,48.999896,12.268937,5105,30.62636
DE,93093,Donaustauf,Bayern,49.029132,12.226088,3802,9.695481
DE,93095,Hagelstadt,Bayern,48.89458,12.229874,1974,20.784095
DE,93096,Köfering,Bayern,48.93961,12.182298,2337,5.291567
DE,93098,Mintraching,Bayern,48.948573,12.261808,4716,53.81754
DE,93099,Mötzing,Bayern,48.904249,12.401599,1582,36.00696
DE,93101,Pfakofen,Bayern,48.859612,12.21997,1546,15.270374
DE,93102,Pfatter,Bayern,48.960339,12.380763,3031,48.156963
DE,93104,Riekofen,Bayern,48.897039,12.344015,2716,43.397486
DE,93104,Sünching,Bayern,48.897039,12.344015,2716,43.397486
DE,93105,Tegernheim,Bayern,49.030269,12.183265,4845,11.294192
DE,93107,Thalmassing,Bayern,48.90743,12.141117,3257,37.167805
DE,93109,Wiesent,Bayern,49.027868,12.369701,2505,26.800099
DE,93128,Regenstauf,Bayern,49.145364,12.128197,15061,104.030415
DE,93133,Burglengenfeld,Bayern,49.227925,12.00363,12090,93.29445
DE,93138,Lappersdorf,Bayern,49.073417,12.058921,12957,34.467769
DE,93142,Maxhütte-Haidhof,Bayern,49.182473,12.100946,10538,34.659991
DE,93149,Nittenau,Bayern,49.205904,12.244879,8386,98.754308
DE,93152,Nittendorf,Bayern,49.018139,11.942231,8833,33.52803
DE,93152,Sinzing,Bayern,49.018139,11.942231,8833,33.52803
DE,93155,Hemau,Bayern,49.045355,11.764113,8463,122.323599
DE,93158,Teublitz,Bayern,49.234544,12.099361,7357,38.271781
DE,93161,Sinzing,Bayern,48.984767,11.979439,6789,44.147464
DE,93164,Brunn,Bayern,49.073405,11.9026,6477,45.752906
DE,93164,Laaber,Bayern,49.073405,11.9026,6477,45.752906
DE,93167,Falkenstein,Bayern,49.101528,12.484545,3251,45.537235
DE,93170,Bernhardswald,Bayern,49.10679,12.244544,5531,79.606798
DE,93173,Wenzenbach,Bayern,49.075696,12.177208,8204,29.854052
DE,93176,Beratzhausen,Bayern,49.118665,11.821338,5492,72.579874
DE,93177,Altenthann,Bayern,49.071206,12.303068,1578,45.717915
DE,93179,Brennberg,Bayern,49.074162,12.385005,1924,30.512163
DE,93180,Deuerling,Bayern,49.029642,11.901866,2083,7.107971
DE,93182,Duggendorf,Bayern,49.123452,11.92459,1582,22.326854
DE,93183,"Holzheim am Forst",Bayern,49.156649,11.956825,3788,58.768716
DE,93183,Kallmünz,Bayern,49.156649,11.956825,3788,58.768716
DE,93185,Michelsneukirchen,Bayern,49.121815,12.54132,1786,32.873843
DE,93186,Pettendorf,Bayern,49.047103,12.010289,3231,24.553106
DE,93188,Pielenhofen,Bayern,49.077459,11.976905,1407,14.618055
DE,93189,Reichenbach,Bayern,49.179041,12.347102,1194,10.507596
DE,93191,Rettenbach,Bayern,49.063641,12.456933,1775,27.136099
DE,93192,Wald,Bayern,49.128426,12.351623,2813,37.816338
DE,93194,Walderbach,Bayern,49.198099,12.391164,2073,34.984701
DE,93195,Wolfsegg,Bayern,49.104899,11.981528,1475,15.931829
DE,93197,Zeitlarn,Bayern,49.088873,12.122696,5796,16.07548
DE,93199,Zell,Bayern,49.140673,12.416219,1851,32.918517
DE,93309,Kelheim,Bayern,48.918582,11.865082,15316,120.800793
DE,93326,Abensberg,Bayern,48.830043,11.858282,12774,60.313529
DE,93333,"Dürnbucher Forst",Bayern,48.796515,11.755272,12677,138.623541
DE,93333,"Neustadt an der Donau",Bayern,48.796515,11.755272,12677,138.623541
DE,93336,Altmannstein,Bayern,48.908432,11.617821,6795,114.146272
DE,93339,Riedenburg,Bayern,48.969238,11.690724,5449,100.512692
DE,93342,"Saal a.d.Donau",Bayern,48.868537,11.930628,5283,43.892299
DE,93343,Essing,Bayern,48.940502,11.803946,975,17.289735
DE,93345,Hausen,Bayern,48.845359,11.988229,2035,34.550594
DE,93346,Ihrlerstein,Bayern,48.953262,11.850311,4155,23.007809
DE,93348,Kirchdorf,Bayern,48.763468,11.914143,879,16.531697
DE,93349,Mindelstetten,Bayern,48.854043,11.636567,1621,22.734952
DE,93351,Painten,Bayern,48.995564,11.835519,2189,36.746662
DE,93352,"Rohr i.NB",Bayern,48.776895,11.968315,3244,54.240763
DE,93354,Biburg,Bayern,48.758506,11.849883,4657,42.003195
DE,93354,Siegenburg,Bayern,48.758506,11.849883,4657,42.003195
DE,93356,Teugn,Bayern,48.889858,12.012094,1597,16.278204
DE,93358,Train,Bayern,48.727421,11.824555,1786,10.080093
DE,93359,Wildenberg,Bayern,48.725728,11.907762,1318,18.17836
DE,93413,Cham,Bayern,49.209994,12.665664,16528,80.735645
DE,93426,Roding,Bayern,49.206007,12.480421,11267,119.803455
DE,93437,"Furth im Wald",Bayern,49.309549,12.834642,9044,67.130206
DE,93444,"Bad Kötzting",Bayern,49.170366,12.879009,7150,62.26329
DE,93449,Waldmünchen,Bayern,49.367934,12.697321,6784,101.300401
DE,93453,"Neukirchen beim Heiligen Blut",Bayern,49.255268,13.001057,3834,59.964839
DE,93455,Traitsching,Bayern,49.131236,12.647426,4020,45.39009
DE,93458,Eschlkam,Bayern,49.298135,12.937387,3438,60.5387
DE,93462,Lam,Bayern,49.199076,13.053231,2711,33.328881
DE,93464,Tiefenbach,Bayern,49.442393,12.590023,2034,45.813295
DE,93466,Chamerau,Bayern,49.196448,12.769503,2621,23.453263
DE,93468,Miltach,Bayern,49.145753,12.774625,2276,25.282169
DE,93470,Lohberg,Bayern,49.159998,13.108021,1976,59.431555
DE,93471,Arnbruck,Bayern,49.136307,12.988667,1998,37.878611
DE,93473,Arnschwang,Bayern,49.265055,12.817911,1931,28.29534
DE,93474,Arrach,Bayern,49.193141,12.993838,2537,28.861401
DE,93476,Blaibach,Bayern,49.162605,12.814713,1951,17.018838
DE,93477,Gleißenberg,Bayern,49.324731,12.743685,865,15.323283
DE,93479,Grafenwiesen,Bayern,49.20346,12.879556,1527,10.201395
DE,93480,Hohenwarth,Bayern,49.201617,12.938012,1957,24.289242
DE,93482,Pemfling,Bayern,49.275526,12.607771,2264,44.616808
DE,93483,Pösing,Bayern,49.233941,12.550377,948,9.165852
DE,93485,Rimbach,Bayern,49.23454,12.885688,1942,24.769794
DE,93486,Runding,Bayern,49.222228,12.756926,2309,21.046546
DE,93488,Schönthal,Bayern,49.35402,12.602028,1971,43.691515
DE,93489,Schorndorf,Bayern,49.167533,12.596061,2622,38.59726
DE,93491,Stamsried,Bayern,49.274138,12.523547,2185,43.453099
DE,93492,Treffelstein,Bayern,49.418327,12.625981,1007,20.909936
DE,93494,Waffenbrunn,Bayern,49.285,12.667123,2018,25.154035
DE,93495,Weiding,Bayern,49.267751,12.751924,2496,28.225665
DE,93497,Willmering,Bayern,49.250553,12.682688,2081,10.32
DE,93499,Zandt,Bayern,49.143629,12.723901,1812,21.641613
DE,94032,Passau,Bayern,48.568266,13.464683,14884,8.351987
DE,94034,Passau,Bayern,48.592778,13.439607,14349,30.457756
DE,94036,Passau,Bayern,48.575253,13.378948,19466,31.040891
DE,94051,Hauzenberg,Bayern,48.648999,13.628922,11700,82.757525
DE,94060,Pocking,Bayern,48.395418,13.327843,14865,69.085793
DE,94065,Waldkirchen,Bayern,48.735058,13.603875,10290,80.084251
DE,94072,"Bad Füssing",Bayern,48.337648,13.303565,6639,55.672399
DE,94078,Freyung,Bayern,48.820355,13.551154,6900,48.7819
DE,94081,Fürstenzell,Bayern,48.530763,13.321242,7724,79.380783
DE,94086,"Bad Griesbach i.Rottal",Bayern,48.463405,13.196534,8364,70.481542
DE,94089,Neureichenau,Bayern,48.753853,13.765574,4323,59.402089
DE,94094,Malching,Bayern,48.360418,13.191766,6092,69.874014
DE,94094,Rotthalmünster,Bayern,48.360418,13.191766,6092,69.874014
DE,94099,"Ruhstorf a.d.Rott",Bayern,48.465655,13.317189,6978,51.59839
DE,94104,Thurmansbang,Bayern,48.728891,13.39648,5419,39.47374
DE,94104,Tittling,Bayern,48.728891,13.39648,5419,39.47374
DE,94104,Witzmannsberg,Bayern,48.728891,13.39648,5419,39.47374
DE,94107,Untergriesbach,Bayern,48.574263,13.686204,6147,73.874685
DE,94110,Wegscheid,Bayern,48.618498,13.766922,5603,80.818419
DE,94113,Tiefenbach,Bayern,48.635821,13.369948,6643,49.753424
DE,94116,Hutthurm,Bayern,48.690051,13.481167,5899,37.385638
DE,94118,Jandelsbrunn,Bayern,48.728002,13.687518,3369,42.573858
DE,94121,Salzweg,Bayern,48.625289,13.480195,6512,31.972521
DE,94124,Büchlberg,Bayern,48.674837,13.529341,4065,28.141174
DE,94127,"Neuburg am Inn",Bayern,48.516985,13.402748,4212,41.680026
DE,94130,Obernzell,Bayern,48.573267,13.614187,3729,18.217665
DE,94133,Röhrnbach,Bayern,48.753338,13.516639,4478,40.691495
DE,94136,Thyrnau,Bayern,48.608861,13.550974,4063,33.902421
DE,94137,Bayerbach,Bayern,48.413391,13.126548,1630,19.412431
DE,94139,Breitenberg,Bayern,48.695469,13.777499,2157,29.905488
DE,94140,Ering,Bayern,48.313822,13.123133,1821,39.642279
DE,94142,Fürsteneck,Bayern,48.7366,13.453382,900,10.439326
DE,94143,Grainet,Bayern,48.798572,13.66587,2392,42.817793
DE,94145,Haidmühle,Bayern,48.825616,13.743598,1338,56.79116
DE,94146,Hinterschmiding,Bayern,48.83999,13.62938,2540,38.974585
DE,94148,Kirchham,Bayern,48.345717,13.252637,2086,17.979652
DE,94149,Kößlarn,Bayern,48.3697,13.124563,1957,25.561881
DE,94151,Mauth,Bayern,48.91971,13.572166,2313,84.172551
DE,94151,"Mauther Forst",Bayern,48.91971,13.572166,2313,84.172551
DE,94151,"Schönbrunner Wald",Bayern,48.91971,13.572166,2313,84.172551
DE,94152,"Neuhaus am Inn",Bayern,48.450041,13.411419,3360,31.088424
DE,94154,"Neukirchen vorm Wald",Bayern,48.689581,13.396964,2624,24.415571
DE,94157,Perlesreut,Bayern,48.777185,13.441106,2801,29.743062
DE,94158,Philippsreut,Bayern,48.878627,13.673271,713,14.417409
DE,94160,Ringelai,Bayern,48.811273,13.459489,1981,16.367844
DE,94161,Ruderting,Bayern,48.660447,13.408065,3060,13.071599
DE,94163,Saldenburg,Bayern,48.777664,13.355964,1952,28.062218
DE,94164,Sonnen,Bayern,48.673076,13.716471,1397,16.496562
DE,94166,Stubenberg,Bayern,48.318897,13.073346,1417,18.200634
DE,94167,Tettenweis,Bayern,48.433235,13.268298,1692,28.766818
DE,94169,Thurmansbang,Bayern,48.769349,13.300278,2320,32.988272
DE,94209,Regen,Bayern,48.969949,13.122326,10837,65.212062
DE,94227,Lindberg,Bayern,49.049182,13.281093,11832,150.150041
DE,94227,Zwiesel,Bayern,49.049182,13.281093,11832,150.150041
DE,94234,Viechtach,Bayern,49.09098,12.915566,8057,62.505285
DE,94239,Gotteszell,Bayern,48.969892,12.999957,5346,42.397086
DE,94239,Ruhmannsfelden,Bayern,48.969892,12.999957,5346,42.397086
DE,94239,Zachenberg,Bayern,48.969892,12.999957,5346,42.397086
DE,94244,Geiersthal,Bayern,49.029981,13.010821,5053,48.338732
DE,94244,Teisnach,Bayern,49.029981,13.010821,5053,48.338732
DE,94249,Bodenmais,Bayern,49.076769,13.106647,3269,45.335119
DE,94250,Achslach,Bayern,48.973728,12.910757,935,30.152486
DE,94252,"Bayerisch Eisenstein",Bayern,49.105272,13.184226,985,47.261788
DE,94253,Bischofsmais,Bayern,48.915378,13.074251,3194,46.338649
DE,94255,Böbrach,Bayern,49.042693,13.056185,1650,27.514643
DE,94256,Drachselsried,Bayern,49.102794,13.034348,2359,41.75259
DE,94258,Frauenau,Bayern,48.987029,13.323727,2698,60.144276
DE,94259,"Kirchberg i.Wald",Bayern,48.894082,13.185579,4342,49.026882
DE,94261,"Kirchdorf im Wald",Bayern,48.912713,13.259557,2143,30.623672
DE,94262,Kollnburg,Bayern,49.034137,12.876717,2899,59.566961
DE,94264,Langdorf,Bayern,49.026801,13.152533,1905,34.450417
DE,94265,Patersdorf,Bayern,49.003203,12.968084,1755,17.060684
DE,94267,Prackenbach,Bayern,49.102135,12.821587,2721,40.085652
DE,94269,Rinchnach,Bayern,48.951237,13.210451,3088,40.367359
DE,94315,Aiterhofen,Bayern,48.88099,12.574239,44503,68.16444
DE,94315,Straubing,Bayern,48.88099,12.574239,44503,68.16444
DE,94327,Bogen,Bayern,48.915102,12.718424,9660,49.822683
DE,94330,Aiterhofen,Bayern,48.84171,12.628144,5668,64.69312
DE,94330,Salching,Bayern,48.84171,12.628144,5668,64.69312
DE,94333,Geiselhöring,Bayern,48.819549,12.397794,6551,99.762716
DE,94336,Hunderdorf,Bayern,48.948083,12.731282,4269,30.144905
DE,94336,Windberg,Bayern,48.948083,12.731282,4269,30.144905
DE,94339,Leiblfing,Bayern,48.772639,12.524183,4004,78.424916
DE,94342,Irlbach,Bayern,48.836922,12.719821,4403,54.314579
DE,94342,Straßkirchen,Bayern,48.836922,12.719821,4403,54.314579
DE,94344,Wiesenfelden,Bayern,49.036852,12.545011,3604,78.204179
DE,94345,Aholfing,Bayern,48.93714,12.477431,1712,21.674893
DE,94347,Ascha,Bayern,48.988972,12.623235,1569,19.545299
DE,94348,Atting,Bayern,48.891776,12.497834,1660,14.931295
DE,94350,Falkenfels,Bayern,49.003531,12.591098,1014,11.515212
DE,94351,Feldkirchen,Bayern,48.830181,12.53025,1819,22.646322
DE,94353,Haibach,Bayern,49.026826,12.731763,2207,32.34136
DE,94354,Haselbach,Bayern,49.001111,12.686986,1718,18.484217
DE,94356,Kirchroth,Bayern,48.957644,12.518438,3657,42.818632
DE,94357,Konzell,Bayern,49.073834,12.708064,1750,26.826882
DE,94359,Loitzendorf,Bayern,49.092911,12.655275,628,12.014243
DE,94360,Mitterfels,Bayern,48.969109,12.668316,2436,14.249455
DE,94362,Neukirchen,Bayern,48.982286,12.765399,1727,24.476224
DE,94363,Oberschneiding,Bayern,48.781272,12.654373,2758,60.809857
DE,94365,Parkstetten,Bayern,48.92012,12.605099,3027,19.498646
DE,94366,Perasdorf,Bayern,48.955296,12.81139,632,16.057541
DE,94368,Perkam,Bayern,48.864837,12.444057,1558,14.266278
DE,94369,Rain,Bayern,48.898951,12.457767,2728,14.302
DE,94371,Rattenberg,Bayern,49.079678,12.763684,1773,30.231295
DE,94372,Rattiszell,Bayern,49.034724,12.63061,1467,22.212308
DE,94374,Schwarzach,Bayern,48.926406,12.839041,2769,33.245112
DE,94375,Stallwang,Bayern,49.066452,12.643297,1415,20.600999
DE,94377,Steinach,Bayern,48.95355,12.603258,2919,23.238196
DE,94379,"Sankt Englmar",Bayern,49.004188,12.820765,1528,36.943975
DE,94405,"Landau an der Isar",Bayern,48.658095,12.715749,12527,84.562793
DE,94419,Reisbach,Bayern,48.568219,12.632566,7488,94.35038
DE,94424,Arnstorf,Bayern,48.555476,12.821614,6190,80.503367
DE,94428,Eichendorf,Bayern,48.633418,12.845129,6462,98.293241
DE,94431,Pilsting,Bayern,48.707972,12.631924,6324,71.204285
DE,94436,Simbach,Bayern,48.561114,12.719595,3623,51.223238
DE,94437,Mamming,Bayern,48.642398,12.602487,2886,41.528724
DE,94439,Roßbach,Bayern,48.581853,12.928342,2898,48.157513
DE,94447,Plattling,Bayern,48.783302,12.900922,12225,35.883704
DE,94469,Deggendorf,Bayern,48.837432,12.97546,31552,77.502491
DE,94474,"Vilshofen an der Donau",Bayern,48.616811,13.180439,15913,86.498069
DE,94481,Grafenau,Bayern,48.846642,13.400495,8391,63.78399
DE,94486,Osterhofen,Bayern,48.682633,12.998273,11577,111.277263
DE,94491,Hengersberg,Bayern,48.772199,13.075259,7104,45.854221
DE,94496,Ortenburg,Bayern,48.554603,13.21819,7079,60.922185
DE,94501,Aidenbach,Bayern,48.578021,13.075096,8321,83.399614
DE,94501,Aldersbach,Bayern,48.578021,13.075096,8321,83.399614
DE,94501,Beutelsbach,Bayern,48.578021,13.075096,8321,83.399614
DE,94505,Bernried,Bayern,48.913364,12.907539,4779,39.459929
DE,94508,Schöllnach,Bayern,48.77274,13.190719,4840,39.98295
DE,94513,Schönberg,Bayern,48.83694,13.331662,3916,32.831527
DE,94518,Spiegelau,Bayern,48.929538,13.342347,3937,47.218459
DE,94522,Wallersdorf,Bayern,48.735563,12.75217,6705,71.250636
DE,94526,Metten,Bayern,48.856266,12.912002,4151,12.080407
DE,94527,Aholming,Bayern,48.736599,12.896196,2278,29.418344
DE,94529,"Aicha vorm Wald",Bayern,48.681601,13.309762,2410,20.399773
DE,94530,Auerbach,Bayern,48.809054,13.096295,2071,24.14777
DE,94532,Außernzell,Bayern,48.733222,13.221487,1395,24.159847
DE,94533,Buchhofen,Bayern,48.701659,12.930757,893,15.799408
DE,94535,"Eging a.See",Bayern,48.709379,13.256003,4057,23.714113
DE,94536,Eppenschlag,Bayern,48.89324,13.303563,1014,17.074924
DE,94538,Fürstenstein,Bayern,48.713078,13.323051,3347,19.387991
DE,94539,Grafling,Bayern,48.909032,12.986449,2793,46.37425
DE,94541,Grattersdorf,Bayern,48.805133,13.159675,1285,25.960489
DE,94542,Haarbach,Bayern,48.502538,13.144847,2559,47.486038
DE,94544,Hofkirchen,Bayern,48.678607,13.167044,3549,32.74261
DE,94545,Hohenau,Bayern,48.858166,13.514158,3390,43.445564
DE,94547,Iggensbach,Bayern,48.722205,13.160876,2054,19.134423
DE,94548,Innernzell,Bayern,48.848441,13.272663,1638,22.117684
DE,94550,Künzing,Bayern,48.652802,13.060082,3136,40.420052
DE,94551,Hunding,Bayern,48.853692,13.142304,2728,42.610172
DE,94551,Lalling,Bayern,48.853692,13.142304,2728,42.610172
DE,94553,Mariaposching,Bayern,48.845742,12.816367,1410,19.600813
DE,94554,Moos,Bayern,48.760029,12.96654,2165,32.308297
DE,94556,Neuschönau,Bayern,48.90964,13.476616,2266,39.05837
DE,94556,"Waldhäuser Wald",Bayern,48.90964,13.476616,2266,39.05837
DE,94557,Niederalteich,Bayern,48.766949,13.026574,1805,9.974589
DE,94559,Niederwinkling,Bayern,48.873334,12.792939,2501,25.679125
DE,94560,Offenberg,Bayern,48.87208,12.871522,3258,23.788257
DE,94562,Oberpöring,Bayern,48.708901,12.834402,1172,17.432323
DE,94563,Otzing,Bayern,48.75743,12.816498,1930,30.394318
DE,94566,"Sankt Oswald-Riedlhütte",Bayern,48.90709,13.38379,1653,4.087151
DE,94568,"Sankt Oswald",Bayern,48.930902,13.418481,1334,48.406376
DE,94568,"Sankt Oswald-Riedlhütte",Bayern,48.930902,13.418481,1334,48.406376
DE,94569,Stephansposching,Bayern,48.811014,12.822829,3038,44.557306
DE,94571,Schaufling,Bayern,48.848797,13.057025,1424,25.141224
DE,94572,Schöfweg,Bayern,48.835473,13.223199,1287,19.110208
DE,94574,Wallerfing,Bayern,48.686851,12.877512,1368,20.780521
DE,94575,Windorf,Bayern,48.64156,13.263599,4764,56.968964
DE,94577,Winzer,Bayern,48.716828,13.096678,3809,27.651015
DE,94579,Zenting,Bayern,48.787909,13.255874,1137,22.203567
DE,95028,Gattendorf,Bayern,50.325444,11.935856,20101,17.034653
DE,95028,Hof,Bayern,50.325444,11.935856,20101,17.034653
DE,95030,Hof,Bayern,50.315829,11.869231,12978,25.23364
DE,95032,Hof,Bayern,50.28853,11.902058,11711,16.208136
DE,95100,"Martinlamitzer Forst-Süd",Bayern,50.167775,12.11453,15467,102.126634
DE,95100,Selb,Bayern,50.167775,12.11453,15467,102.126634
DE,95111,Rehau,Bayern,50.246599,12.058364,9438,80.360225
DE,95119,Naila,Bayern,50.322918,11.686627,7955,37.387787
DE,95126,"Schwarzenbach a.d.Saale",Bayern,50.210344,11.926053,7425,58.42517
DE,95131,"Forst Schwarzenbach am Wald",Bayern,50.288325,11.6119,4763,50.543845
DE,95131,"Schwarzenbach am Wald",Bayern,50.288325,11.6119,4763,50.543845
DE,95138,"Bad Steben",Bayern,50.358001,11.636268,3424,25.746491
DE,95145,Oberkotzau,Bayern,50.255795,11.930758,5523,21.484816
DE,95152,Selbitz,Bayern,50.321082,11.7548,4471,27.766488
DE,95158,Kirchenlamitz,Bayern,50.152604,11.950587,3440,48.392287
DE,95163,Weißenstadt,Bayern,50.099285,11.885796,3361,50.594039
DE,95168,Marktleuthen,Bayern,50.122743,12.017811,3274,35.465701
DE,95173,Schönwald,Bayern,50.201309,12.083648,3447,19.226016
DE,95176,Konradsreuth,Bayern,50.25551,11.838905,3326,43.28475
DE,95179,Geroldsgrün,Bayern,50.341299,11.575102,3001,32.291683
DE,95180,Berg,Bayern,50.38035,11.780172,2319,38.878759
DE,95182,Döhlau,Bayern,50.285666,11.964571,3998,15.277652
DE,95183,Feilitzsch,Bayern,50.381071,11.912992,5473,63.478137
DE,95183,Trogen,Bayern,50.381071,11.912992,5473,63.478137
DE,95183,Töpen,Bayern,50.381071,11.912992,5473,63.478137
DE,95185,Gattendorf,Bayern,50.327964,11.991511,1090,21.78482
DE,95186,"Höchstädt im Fichtelgebirge",Bayern,50.095649,12.076602,1170,14.949194
DE,95188,Issigau,Bayern,50.37627,11.718463,1069,18.713878
DE,95189,Köditz,Bayern,50.346791,11.834029,2571,31.4324
DE,95191,Leupoldsgrün,Bayern,50.294528,11.798754,1263,10.229112
DE,95192,Lichtenberg,Bayern,50.379726,11.669646,1114,9.526446
DE,95194,Regnitzlosau,Bayern,50.301686,12.049122,2463,39.884325
DE,95195,Röslau,Bayern,50.081515,11.982233,2271,29.904826
DE,95197,Schauenstein,Bayern,50.276346,11.742089,2064,26.675767
DE,95199,Thierstein,Bayern,50.119018,12.108906,1199,21.018126
DE,95213,Münchberg,Bayern,50.195529,11.76267,10548,68.780425
DE,95233,Helmbrechts,Bayern,50.239634,11.694061,8892,58.705863
DE,95234,Sparneck,Bayern,50.15336,11.849161,1695,16.370827
DE,95236,Stammbach,Bayern,50.147444,11.701123,2435,34.731602
DE,95237,Weißdorf,Bayern,50.182867,11.859709,1229,21.906887
DE,95239,Zell,Bayern,50.133056,11.79947,2098,31.292241
DE,95326,Kulmbach,Bayern,50.121254,11.432567,26709,92.811686
DE,95336,Mainleus,Bayern,50.105541,11.354309,6553,49.418324
DE,95339,Neuenmarkt,Bayern,50.105114,11.592906,4890,36.185241
DE,95339,Wirsberg,Bayern,50.105114,11.592906,4890,36.185241
DE,95346,Stadtsteinach,Bayern,50.177521,11.515231,3234,39.787855
DE,95349,Thurnau,Bayern,50.000558,11.401612,4348,64.184932
DE,95352,Marktleugast,Bayern,50.170016,11.636986,3365,33.834525
DE,95355,Presseck,Bayern,50.232601,11.543247,1945,54.729981
DE,95356,Grafengehaig,Bayern,50.207461,11.612805,953,20.842788
DE,95358,Guttenberg,Bayern,50.16184,11.569746,544,10.611732
DE,95359,Kasendorf,Bayern,50.040297,11.345422,2537,38.976142
DE,95361,Ködnitz,Bayern,50.0993,11.51034,1610,19.643983
DE,95362,Kupferberg,Bayern,50.143318,11.587125,1042,8.296784
DE,95364,Ludwigschorgast,Bayern,50.123889,11.565723,1004,5.919952
DE,95365,Rugendorf,Bayern,50.200414,11.45454,1032,17.320639
DE,95367,Trebgast,Bayern,50.066807,11.533641,1658,17.066728
DE,95369,Untersteinach,Bayern,50.135691,11.517937,1856,11.462616
DE,95444,Bayreuth,Bayern,49.942971,11.577015,11482,2.24159
DE,95445,Bayreuth,Bayern,49.955742,11.549949,19542,17.003355
DE,95447,Bayreuth,Bayern,49.926458,11.558244,16562,10.890631
DE,95448,Bayreuth,Bayern,49.932314,11.61042,23245,36.416425
DE,95460,"Bad Berneck im Fichtelgebirge",Bayern,50.045491,11.67904,4304,38.281869
DE,95463,Bindlach,Bayern,49.99614,11.602297,7264,37.563353
DE,95466,Kirchenpingarten,Bayern,49.938368,11.735927,7450,102.594077
DE,95466,Weidenberg,Bayern,49.938368,11.735927,7450,102.594077
DE,95469,Speichersdorf,Bayern,49.868135,11.786171,5967,53.003935
DE,95473,Creußen,Bayern,49.846892,11.623643,6787,94.765251
DE,95473,Haag,Bayern,49.846892,11.623643,6787,94.765251
DE,95473,Prebitz,Bayern,49.846892,11.623643,6787,94.765251
DE,95478,Kemnath,Bayern,49.859503,11.928247,5302,56.913776
DE,95482,Gefrees,Bayern,50.094082,11.732775,4569,50.352099
DE,95485,Warmensteinach,Bayern,49.999783,11.781689,2229,27.143458
DE,95488,Eckersdorf,Bayern,49.952295,11.457951,5122,51.641397
DE,95490,Mistelgau,Bayern,49.905805,11.419505,3800,42.506896
DE,95491,Ahorntal,Bayern,49.846143,11.442705,2261,59.257593
DE,95491,"Glashüttener Forst",Bayern,49.846143,11.442705,2261,59.257593
DE,95493,Bischofsgrün,Bayern,50.057556,11.806661,1960,56.179073
DE,95494,Gesees,Bayern,49.89879,11.539463,1292,9.890131
DE,95496,Glashütten,Bayern,49.889602,11.445425,1380,3.51432
DE,95497,Goldkronach,Bayern,50.002665,11.699473,3610,36.487552
DE,95499,Harsdorf,Bayern,50.033484,11.571125,1008,11.295962
DE,95500,Heinersreuth,Bayern,49.979707,11.523366,3720,14.699182
DE,95502,Himmelkron,Bayern,50.057027,11.609415,3457,23.009042
DE,95503,Hummeltal,Bayern,49.871601,11.496541,2386,18.41167
DE,95505,Immenreuth,Bayern,49.926572,11.849684,1879,26.422494
DE,95506,Kastl,Bayern,49.82482,11.911187,1417,24.574925
DE,95508,Kulmain,Bayern,49.914424,11.90973,2344,35.502294
DE,95509,Marktschorgast,Bayern,50.096904,11.653536,1452,15.768047
DE,95511,Mistelbach,Bayern,49.912253,11.507637,1620,6.101933
DE,95512,Neudrossenfeld,Bayern,50.02525,11.497356,3902,50.219871
DE,95514,"Neustadt am Kulm",Bayern,49.827516,11.835318,1219,20.339586
DE,95515,Plankenfels,Bayern,49.889987,11.339268,887,13.963227
DE,95517,Emtmannsberg,Bayern,49.889662,11.683055,2355,39.509971
DE,95517,Seybothenreuth,Bayern,49.889662,11.683055,2355,39.509971
DE,95519,Schlammersdorf,Bayern,49.800207,11.747424,1933,33.89473
DE,95519,Vorbach,Bayern,49.800207,11.747424,1933,33.89473
DE,95615,Marktredwitz,Bayern,50.010331,12.101475,17373,49.459207
DE,95632,Wunsiedel,Bayern,50.037507,12.011627,9600,64.603332
DE,95643,Tirschenreuth,Bayern,49.887249,12.350668,9171,104.048021
DE,95652,Waldsassen,Bayern,50.015218,12.315575,6946,66.526246
DE,95659,Arzberg,Bayern,50.04594,12.181029,5468,43.263533
DE,95666,Leonberg,Bayern,49.944748,12.277311,7968,90.762327
DE,95666,Mitterteich,Bayern,49.944748,12.277311,7968,90.762327
DE,95671,Bärnau,Bayern,49.809897,12.411949,3320,74.459957
DE,95676,Wiesau,Bayern,49.906953,12.184566,4140,42.79209
DE,95679,Waldershof,Bayern,49.952165,12.070831,4434,60.42184
DE,95680,"Bad Alexandersbad",Bayern,50.01205,12.028831,1124,8.998309
DE,95682,Brand,Bayern,49.959843,11.900122,1196,10.296542
DE,95683,Ebnath,Bayern,49.953321,11.938663,1337,11.064579
DE,95685,Falkenberg,Bayern,49.855033,12.224716,974,39.276712
DE,95686,Fichtelberg,Bayern,49.998973,11.840771,1937,24.866961
DE,95688,Friedenfels,Bayern,49.890519,12.101815,1287,16.325071
DE,95689,Fuchsmühl,Bayern,49.921578,12.131866,1671,14.796138
DE,95691,"Hohenberg an der Eger",Bayern,50.102443,12.18801,1474,15.661228
DE,95692,Konnersreuth,Bayern,50.005952,12.223887,1888,23.441652
DE,95694,Mehlmeisel,Bayern,49.979216,11.868164,1405,14.510252
DE,95695,Mähring,Bayern,49.891781,12.475263,1849,72.981746
DE,95697,Nagel,Bayern,49.982473,11.934925,1843,7.845197
DE,95698,"Bad Neualbenreuth",Bayern,49.966212,12.424967,1427,50.160665
DE,95700,Neusorg,Bayern,49.941231,11.967787,1940,17.793323
DE,95701,Pechbrunn,Bayern,49.969277,12.170184,1397,26.437005
DE,95703,Plößberg,Bayern,49.80265,12.295761,3354,74.325433
DE,95704,Pullenreuth,Bayern,49.918038,12.006125,1809,43.292453
DE,95706,Schirnding,Bayern,50.071888,12.237042,1327,16.528227
DE,95707,Thiersheim,Bayern,50.072769,12.125862,1912,24.414486
DE,95709,Tröstau,Bayern,50.027737,11.912491,2470,46.428187
DE,96047,Bamberg,Bayern,49.891037,10.889958,10778,2.773145
DE,96049,Bamberg,Bayern,49.877149,10.87691,20581,22.349407
DE,96050,Bamberg,Bayern,49.881215,10.928969,17628,16.222639
DE,96052,Bamberg,Bayern,49.91154,10.895783,21664,13.226021
DE,96103,Hallstadt,Bayern,49.930581,10.873177,8519,14.585957
DE,96106,Ebern,Bayern,50.096111,10.727924,7262,94.988417
DE,96110,Scheßlitz,Bayern,49.980798,11.050171,7138,94.843314
DE,96114,Hirschaid,Bayern,49.811411,10.978133,11620,41.01125
DE,96117,Memmelsdorf,Bayern,49.942519,10.971365,8798,26.271075
DE,96120,Bischberg,Bayern,49.901313,10.802683,6005,17.565139
DE,96123,Litzendorf,Bayern,49.915077,11.039373,6021,25.865578
DE,96126,Ermershausen,Bayern,50.192882,10.679692,4137,81.053648
DE,96126,Maroldsweisach,Bayern,50.192882,10.679692,4137,81.053648
DE,96129,Strullendorf,Bayern,49.8741,11.002227,7741,67.185087
DE,96132,Schlüsselfeld,Bayern,49.767902,10.629135,5626,70.127162
DE,96135,Stegaurach,Bayern,49.857825,10.842862,6740,23.865694
DE,96138,Burgebrach,Bayern,49.820859,10.729998,6516,87.85202
DE,96142,Hollfeld,Bayern,49.93749,11.281725,5235,80.593074
DE,96145,Seßlach,Bayern,50.197855,10.810056,4073,72.514193
DE,96146,Altendorf,Bayern,49.794778,11.003649,1962,8.720339
DE,96148,Baunach,Bayern,49.995524,10.821036,4008,32.135753
DE,96149,Breitengüßbach,Bayern,49.969829,10.914489,4499,22.600067
DE,96151,Breitbrunn,Bayern,50.017814,10.715482,1054,12.41036
DE,96152,Burghaslach,Bayern,49.730141,10.557571,2465,43.989839
DE,96154,Burgwindheim,Bayern,49.822925,10.585395,1313,43.350827
DE,96155,Buttenheim,Bayern,49.823569,11.067485,3442,30.114444
DE,96157,Ebrach,Bayern,49.841008,10.50548,1876,62.650121
DE,96157,"Ebracher Forst",Bayern,49.841008,10.50548,1876,62.650121
DE,96158,Frensdorf,Bayern,49.810665,10.870318,4878,43.945794
DE,96160,Geiselwind,Bayern,49.775513,10.478479,2391,48.768237
DE,96161,Gerach,Bayern,50.03103,10.792447,960,7.75535
DE,96163,Gundelsheim,Bayern,49.936821,10.921284,3277,3.796288
DE,96164,Kemmern,Bayern,49.956901,10.866985,2560,8.236652
DE,96166,Kirchlauter,Bayern,50.04103,10.701289,1395,16.884794
DE,96167,Königsfeld,Bayern,49.939707,11.161108,1349,42.85419
DE,96169,Lauter,Bayern,49.977201,10.778014,1156,12.398206
DE,96170,Lisberg,Bayern,49.896815,10.719367,3321,16.739701
DE,96170,Priesendorf,Bayern,49.896815,10.719367,3321,16.739701
DE,96172,Mühlhausen,Bayern,49.756755,10.760101,1666,16.614336
DE,96173,Oberhaid,Bayern,49.946389,10.798755,4509,31.557537
DE,96175,Pettstadt,Bayern,49.830936,10.928474,1967,9.739162
DE,96176,Pfarrweisach,Bayern,50.147575,10.735007,1514,28.438059
DE,96178,Pommersfelden,Bayern,49.773263,10.816349,2886,35.2736
DE,96179,Rattelsdorf,Bayern,50.037677,10.880852,4531,39.532734
DE,96181,Rauhenebrach,Bayern,49.897165,10.559573,3035,69.395034
DE,96182,Reckendorf,Bayern,50.027686,10.832542,2019,12.996286
DE,96184,Rentweinsdorf,Bayern,50.054444,10.793706,1554,24.645336
DE,96185,"Schönbrunn i.Steigerwald",Bayern,49.863289,10.673017,1933,30.880284
DE,96187,Stadelhofen,Bayern,49.990062,11.17559,1272,41.083499
DE,96188,Stettfeld,Bayern,49.974743,10.72939,1171,11.18843
DE,96190,Untermerzbach,Bayern,50.120687,10.839695,1717,27.759234
DE,96191,Viereth-Trunstadt,Bayern,49.922885,10.755361,3524,15.799531
DE,96193,Wachenroth,Bayern,49.747357,10.713562,2118,23.151063
DE,96194,Walsdorf,Bayern,49.875349,10.772758,2554,16.200544
DE,96196,Wattendorf,Bayern,50.029857,11.13624,697,22.274211
DE,96197,Wonsees,Bayern,49.987533,11.312716,1182,36.86835
DE,96199,Zapfendorf,Bayern,50.013806,10.952347,4948,30.574544
DE,96215,Lichtenfels,Bayern,50.138266,11.084317,20239,122.159834
DE,96224,Burgkunstadt,Bayern,50.143478,11.287381,6624,40.629548
DE,96231,"Bad Staffelstein",Bayern,50.100265,11.021077,10302,99.386092
DE,96237,"Ebersdorf b.Coburg",Bayern,50.236509,11.074669,6032,26.348007
DE,96242,Sonnefeld,Bayern,50.237097,11.148659,4960,34.717556
DE,96247,"Michelau in Oberfranken",Bayern,50.179172,11.121712,6496,24.424394
DE,96247,"Neuensorger Forst",Bayern,50.179172,11.121712,6496,24.424394
DE,96250,Ebensfeld,Bayern,50.063856,10.961202,5577,71.1094
DE,96253,Untersiemau,Bayern,50.198626,10.964561,4130,20.468307
DE,96257,Marktgraitz,Bayern,50.179312,11.213253,4690,18.418107
DE,96257,"Redwitz a.d.Rodach",Bayern,50.179312,11.213253,4690,18.418107
DE,96260,Weismain,Bayern,50.055799,11.235501,4724,90.138373
DE,96264,Altenkunstadt,Bayern,50.116253,11.236083,5451,32.826117
DE,96268,Mitwitz,Bayern,50.250664,11.226266,2869,33.156519
DE,96269,Großheirath,Bayern,50.17861,10.920531,2597,22.303016
DE,96271,"Grub a.Forst",Bayern,50.231972,11.023963,2990,11.957138
DE,96272,"Hochstadt a.Main",Bayern,50.138048,11.169223,1678,13.840247
DE,96274,Itzgrund,Bayern,50.135265,10.893936,2300,33.079812
DE,96275,Marktzeuln,Bayern,50.165141,11.17769,1612,6.789363
DE,96277,Schneckenlohe,Bayern,50.211908,11.203367,1118,9.282648
DE,96279,"Weidhausen b.Coburg",Bayern,50.199614,11.150102,3154,9.604409
DE,96317,Kronach,Bayern,50.244463,11.334886,17277,67.313596
DE,96328,Küps,Bayern,50.193864,11.276919,7907,35.585903
DE,96332,Pressig,Bayern,50.363041,11.319726,4038,53.160814
DE,96337,Ludwigsstadt,Bayern,50.482465,11.374048,3567,58.737598
DE,96342,Stockheim,Bayern,50.307053,11.286783,5148,25.342894
DE,96346,Wallenfels,Bayern,50.277829,11.499628,2915,45.613218
DE,96349,Steinwiesen,Bayern,50.324848,11.460821,3604,62.711206
DE,96352,Wilhelmsthal,Bayern,50.318606,11.383367,3890,43.879319
DE,96355,Tettau,Bayern,50.451621,11.277458,2276,23.858948
DE,96358,Reichenbach,Bayern,50.400801,11.399127,2850,42.930442
DE,96358,Teuschnitz,Bayern,50.400801,11.399127,2850,42.930442
DE,96361,"Steinbach am Wald",Bayern,50.429032,11.329672,3321,36.120974
DE,96364,Marktrodach,Bayern,50.245547,11.412602,3850,33.312976
DE,96365,Nordhalben,Bayern,50.373117,11.525626,1832,34.052839
DE,96367,Tschirn,Bayern,50.398162,11.461198,565,20.201754
DE,96369,Weißenbrunn,Bayern,50.190743,11.354165,3036,26.060396
DE,96450,Coburg,Bayern,50.264084,10.964147,41127,48.297662
DE,96465,"Neustadt bei Coburg",Bayern,50.311746,11.111247,15462,61.890319
DE,96472,Rödental,Bayern,50.308885,11.036021,13309,49.994
DE,96476,"Bad Rodach",Bayern,50.333793,10.796372,6348,83.671416
DE,96479,Weitramsdorf,Bayern,50.248114,10.872659,5004,33.730162
DE,96482,Ahorn,Bayern,50.223134,10.924207,4282,19.88548
DE,96484,Meeder,Bayern,50.333743,10.894847,3826,73.494239
DE,96486,Lautertal,Bayern,50.34335,10.959876,4098,30.334821
DE,96487,Dörfles-Esbach,Bayern,50.287008,10.999159,3685,3.782383
DE,96489,Niederfüllbach,Bayern,50.220934,10.990832,1583,2.575413
DE,96515,Sonneberg,Thüringen,50.409693,11.194552,24264,84.981428
DE,96523,Steinach,Thüringen,50.433572,11.161019,4192,25.868893
DE,96524,Föritztal,Thüringen,50.348726,11.22425,9258,98.147017
DE,96528,Frankenblick,Thüringen,50.39513,11.044337,9950,104.713589
DE,96528,Schalkau,Thüringen,50.39513,11.044337,9950,104.713589
DE,97070,Würzburg,Bayern,49.79451,9.935089,12029,2.211778
DE,97072,Würzburg,Bayern,49.782317,9.938057,16840,1.598911
DE,97074,Würzburg,Bayern,49.783263,9.962852,17124,8.064773
DE,97076,Würzburg,Bayern,49.805002,9.988113,10979,8.158963
DE,97078,Würzburg,Bayern,49.824465,9.963771,12275,10.242624
DE,97080,Würzburg,Bayern,49.816051,9.915146,14291,18.391665
DE,97082,Würzburg,Bayern,49.770848,9.908385,17362,18.717824
DE,97084,Würzburg,Bayern,49.740407,9.95579,23475,20.239086
DE,97199,"Frickenhausen am Main",Bayern,49.661418,10.05453,11067,63.565948
DE,97199,Ochsenfurt,Bayern,49.661418,10.05453,11067,63.565948
DE,97204,Höchberg,Bayern,49.776848,9.87302,9013,7.561838
DE,97209,Veitshöchheim,Bayern,49.840485,9.887854,9692,10.783097
DE,97215,Simmershofen,Bayern,49.537504,10.20627,8179,126.159203
DE,97215,Uffenheim,Bayern,49.537504,10.20627,8179,126.159203
DE,97215,Weigenheim,Bayern,49.537504,10.20627,8179,126.159203
DE,97218,Gerbrunn,Bayern,49.779652,10.0003,6130,4.631005
DE,97222,"Gramschatzer Wald",Bayern,49.890608,9.956204,7594,58.568292
DE,97222,Rimpar,Bayern,49.890608,9.956204,7594,58.568292
DE,97225,Zellingen,Bayern,49.899012,9.779554,6406,41.408546
DE,97228,Rottendorf,Bayern,49.795218,10.038579,5387,14.817341
DE,97230,Estenfeld,Bayern,49.834192,10.014982,4809,18.071664
DE,97232,Giebelstadt,Bayern,49.648643,9.936125,5175,47.958892
DE,97234,"Guttenberger Wald",Bayern,49.718031,9.906279,4008,51.885205
DE,97234,Reichenberg,Bayern,49.718031,9.906279,4008,51.885205
DE,97236,Randersacker,Bayern,49.751143,10.005792,3313,16.21415
DE,97237,Altertheim,Bayern,49.72457,9.747947,2031,24.029625
DE,97239,Aub,Bayern,49.547322,10.043342,1529,17.540468
DE,97241,Bergtheim,Bayern,49.898005,10.086747,4581,35.207672
DE,97241,Oberpleichfeld,Bayern,49.898005,10.086747,4581,35.207672
DE,97243,Bieberehren,Bayern,49.508024,10.016359,972,14.756231
DE,97244,Bütthard,Bayern,49.590207,9.882217,1289,36.189564
DE,97246,Eibelstadt,Bayern,49.724345,10.012076,2787,7.064128
DE,97247,Eisenheim,Bayern,49.887169,10.162624,1282,11.548574
DE,97249,Eisingen,Bayern,49.760212,9.826067,3436,5.307054
DE,97250,Erlabrunn,Bayern,49.858492,9.840352,1680,4.012271
DE,97252,"Frickenhausen am Main",Bayern,49.679138,10.102095,1287,10.432442
DE,97253,Gaukönigshofen,Bayern,49.627101,10.001003,2495,31.950827
DE,97255,Gelchsheim,Bayern,49.581985,10.011576,1629,34.518937
DE,97255,Sonderhofen,Bayern,49.581985,10.011576,1629,34.518937
DE,97256,Geroldshausen,Bayern,49.681635,9.888308,1268,10.440429
DE,97258,Gollhofen,Bayern,49.584916,10.158788,3385,82.652774
DE,97258,Hemmersheim,Bayern,49.584916,10.158788,3385,82.652774
DE,97258,Ippesheim,Bayern,49.584916,10.158788,3385,82.652774
DE,97258,Oberickelsheim,Bayern,49.584916,10.158788,3385,82.652774
DE,97259,Greußenheim,Bayern,49.821776,9.762726,1590,17.647586
DE,97261,Güntersleben,Bayern,49.874108,9.902837,4304,16.046699
DE,97262,"Hausen bei Würzburg",Bayern,49.925906,10.025774,2403,21.889839
DE,97264,Helmstadt,Bayern,49.757671,9.705149,2609,22.793349
DE,97265,Hettstadt,Bayern,49.803522,9.814374,3725,13.982317
DE,97267,Himmelstadt,Bayern,49.923882,9.782106,1632,13.373799
DE,97268,Kirchheim,Bayern,49.6541,9.860082,2152,18.969628
DE,97270,Kist,Bayern,49.733294,9.822753,2472,14.216469
DE,97271,Kleinrinderfeld,Bayern,49.702638,9.844794,2052,8.597411
DE,97273,Kürnach,Bayern,49.840954,10.051274,4469,12.322753
DE,97274,Leinach,Bayern,49.852828,9.794865,3107,28.025128
DE,97276,Margetshöchheim,Bayern,49.836291,9.850972,3163,6.650504
DE,97277,Neubrunn,Bayern,49.722249,9.66454,2207,26.503775
DE,97279,Prosselsheim,Bayern,49.861155,10.121136,1175,19.930556
DE,97280,Remlingen,Bayern,49.81223,9.693057,1508,20.437281
DE,97282,Retzstadt,Bayern,49.909171,9.887312,1587,18.111011
DE,97283,Riedenheim,Bayern,49.559389,9.952873,766,23.962801
DE,97285,Röttingen,Bayern,49.51376,9.960693,2590,35.783961
DE,97285,Tauberrettersheim,Bayern,49.51376,9.960693,2590,35.783961
DE,97286,Sommerhausen,Bayern,49.703106,10.01793,3131,15.958469
DE,97286,Winterhausen,Bayern,49.703106,10.01793,3131,15.958469
DE,97288,Theilheim,Bayern,49.75958,10.03311,2374,9.681774
DE,97289,Thüngen,Bayern,49.938474,9.862936,1359,13.552188
DE,97291,Thüngersheim,Bayern,49.876468,9.856889,2593,11.039587
DE,97292,Holzkirchen,Bayern,49.784625,9.708763,2836,21.907201
DE,97292,Uettingen,Bayern,49.784625,9.708763,2836,21.907201
DE,97294,Unterpleichfeld,Bayern,49.876849,10.031609,2788,23.862822
DE,97295,Waldbrunn,Bayern,49.760246,9.78708,2605,11.11401
DE,97297,Waldbüttelbrunn,Bayern,49.785548,9.800604,4850,19.138042
DE,97299,"Zell am Main",Bayern,49.807139,9.859293,4300,9.933054
DE,97318,Biebelried,Bayern,49.745245,10.138045,21501,69.713427
DE,97318,Kitzingen,Bayern,49.745245,10.138045,21501,69.713427
DE,97320,Albertshofen,Bayern,49.752335,10.173762,8122,39.187172
DE,97320,Buchbrunn,Bayern,49.752335,10.173762,8122,39.187172
DE,97320,Großlangheim,Bayern,49.752335,10.173762,8122,39.187172
DE,97320,Mainstockheim,Bayern,49.752335,10.173762,8122,39.187172
DE,97320,"Sulzfeld am Main",Bayern,49.752335,10.173762,8122,39.187172
DE,97332,Volkach,Bayern,49.86337,10.241394,8653,60.143534
DE,97334,"Nordheim am Main",Bayern,49.842081,10.197218,2359,10.942702
DE,97334,Sommerach,Bayern,49.842081,10.197218,2359,10.942702
DE,97337,Dettelbach,Bayern,49.811393,10.130944,6931,60.87816
DE,97340,Marktbreit,Bayern,49.638707,10.142525,5433,46.045974
DE,97340,Martinsheim,Bayern,49.638707,10.142525,5433,46.045974
DE,97340,Segnitz,Bayern,49.638707,10.142525,5433,46.045974
DE,97342,Marktsteft,Bayern,49.66364,10.187158,4639,37.838788
DE,97342,Obernbreit,Bayern,49.66364,10.187158,4639,37.838788
DE,97342,Seinsheim,Bayern,49.66364,10.187158,4639,37.838788
DE,97346,Iphofen,Bayern,49.675207,10.315366,4487,77.962701
DE,97348,"Markt Einersheim",Bayern,49.685087,10.255424,4523,44.397553
DE,97348,Rödelsee,Bayern,49.685087,10.255424,4523,44.397553
DE,97348,Willanzheim,Bayern,49.685087,10.255424,4523,44.397553
DE,97350,Mainbernheim,Bayern,49.705055,10.212296,2277,12.145615
DE,97353,Wiesentheid,Bayern,49.798777,10.33414,4746,33.324828
DE,97355,Abtswind,Bayern,49.757712,10.338365,5081,72.299258
DE,97355,Castell,Bayern,49.757712,10.338365,5081,72.299258
DE,97355,Kleinlangheim,Bayern,49.757712,10.338365,5081,72.299258
DE,97355,Rüdenhausen,Bayern,49.757712,10.338365,5081,72.299258
DE,97355,Wiesenbronn,Bayern,49.757712,10.338365,5081,72.299258
DE,97357,Prichsenstadt,Bayern,49.828304,10.36614,3165,48.802013
DE,97359,"Schwarzach am Main",Bayern,49.803267,10.233771,3541,21.149007
DE,97421,Schweinfurt,Bayern,50.04606,10.221713,16361,2.742319
DE,97422,Schweinfurt,Bayern,50.067447,10.242281,20799,11.848595
DE,97424,Schweinfurt,Bayern,50.035043,10.208778,14999,20.943843
DE,97437,Haßfurt,Bayern,50.046246,10.506988,13047,52.620554
DE,97440,Werneck,Bayern,49.990529,10.083602,10304,73.642375
DE,97447,Frankenwinheim,Bayern,49.898744,10.335794,7716,33.078644
DE,97447,Gerolzhofen,Bayern,49.898744,10.335794,7716,33.078644
DE,97450,Arnstein,Bayern,49.98709,9.961144,8169,111.965655
DE,97453,Schonungen,Bayern,50.07734,10.348851,7727,80.887028
DE,97456,Dittelbrunn,Bayern,50.111948,10.205886,7104,23.872124
DE,97461,"Hofheim in Unterfranken",Bayern,50.138218,10.536092,5124,56.282636
DE,97464,Niederwerrn,Bayern,50.069113,10.170368,7954,9.891694
DE,97469,Gochsheim,Bayern,50.017008,10.288475,6261,20.808123
DE,97475,"Zeil am Main",Bayern,50.023645,10.608038,5653,35.710108
DE,97478,Knetzgau,Bayern,49.972889,10.516557,6386,61.502781
DE,97483,Eltmann,Bayern,49.958891,10.668636,5297,40.752882
DE,97486,"Königsberg in Bayern",Bayern,50.075407,10.584674,3708,61.791027
DE,97488,Stadtlauringen,Bayern,50.18451,10.384753,4159,63.478604
DE,97490,Poppenhausen,Bayern,50.102817,10.145314,4194,38.940778
DE,97491,Aidhausen,Bayern,50.158187,10.457285,1802,37.267482
DE,97493,Bergrheinfeld,Bayern,50.000214,10.167487,5110,19.864336
DE,97494,Bundorf,Bayern,50.197011,10.53152,948,40.293258
DE,97496,Burgpreppach,Bayern,50.133961,10.630507,1419,38.721227
DE,97497,Dingolshausen,Bayern,49.910441,10.397764,1290,10.213684
DE,97499,Donnersdorf,Bayern,49.9642,10.406447,1939,26.925488
DE,97500,Ebelsbach,Bayern,49.99768,10.690189,3758,25.735259
DE,97502,Euerbach,Bayern,50.068462,10.098473,3002,17.414082
DE,97503,Gädheim,Bayern,50.028424,10.367036,1236,9.628823
DE,97505,Geldersheim,Bayern,50.042488,10.144967,2476,15.29117
DE,97506,Grafenrheinfeld,Bayern,49.994017,10.208159,3408,11.301888
DE,97508,Grettstadt,Bayern,49.989634,10.340008,4124,34.875642
DE,97509,Kolitzheim,Bayern,49.930072,10.252896,5409,59.106759
DE,97511,Lülsfeld,Bayern,49.870103,10.341081,805,11.18053
DE,97513,"Michelau i.Steigerwald",Bayern,49.915047,10.454268,1143,36.18445
DE,97514,Oberaurach,Bayern,49.925303,10.631809,4003,45.097114
DE,97516,Oberschwarzach,Bayern,49.857584,10.420083,1405,30.44878
DE,97517,Rannungen,Bayern,50.169383,10.203822,1175,17.43903
DE,97519,Riedbach,Bayern,50.104045,10.439574,1750,31.762424
DE,97520,Röthlein,Bayern,49.963762,10.213803,4590,19.073005
DE,97522,"Sand a. Main",Bayern,49.978334,10.590362,3095,12.297488
DE,97523,Schwanfeld,Bayern,49.920669,10.133364,1894,11.921437
DE,97525,Schwebheim,Bayern,49.990542,10.258396,3898,8.12141
DE,97526,Schonungen,Bayern,50.039353,10.262637,4054,6.91361
DE,97526,Sennfeld,Bayern,50.039353,10.262637,4054,6.91361
DE,97528,"Sulzdorf an der Lederhecke",Bayern,50.244062,10.565626,1126,36.297567
DE,97529,Sulzheim,Bayern,49.943179,10.344027,1983,26.754489
DE,97531,Theres,Bayern,50.028663,10.424627,2701,30.711448
DE,97532,Üchtelhausen,Bayern,50.121741,10.283905,3892,62.120051
DE,97534,Waigolshausen,Bayern,49.95591,10.141204,2857,23.742938
DE,97535,Wasserlosen,Bayern,50.068053,10.024167,3436,51.279214
DE,97537,Wipfeld,Bayern,49.921149,10.17329,1096,5.236555
DE,97539,Wonfurt,Bayern,49.996065,10.456116,1939,17.347598
DE,97616,"Bad Neustadt an der Saale",Bayern,50.326665,10.212739,17486,45.460701
DE,97616,Salz,Bayern,50.326665,10.212739,17486,45.460701
DE,97618,Heustreu,Bayern,50.331706,10.232789,13591,136.703795
DE,97618,Hohenroth,Bayern,50.331706,10.232789,13591,136.703795
DE,97618,Hollstadt,Bayern,50.331706,10.232789,13591,136.703795
DE,97618,Niederlauer,Bayern,50.331706,10.232789,13591,136.703795
DE,97618,Rödelmaier,Bayern,50.331706,10.232789,13591,136.703795
DE,97618,Strahlungen,Bayern,50.331706,10.232789,13591,136.703795
DE,97618,Unsleben,Bayern,50.331706,10.232789,13591,136.703795
DE,97618,Wollbach,Bayern,50.331706,10.232789,13591,136.703795
DE,97618,"Wülfershausen an der Saale",Bayern,50.331706,10.232789,13591,136.703795
DE,97631,"Bad Königshofen im Grabfeld",Bayern,50.270701,10.480704,5944,90.067107
DE,97633,Aubstadt,Bayern,50.311639,10.444071,9067,160.775202
DE,97633,Großbardorf,Bayern,50.311639,10.444071,9067,160.775202
DE,97633,Großeibstadt,Bayern,50.311639,10.444071,9067,160.775202
DE,97633,Herbstadt,Bayern,50.311639,10.444071,9067,160.775202
DE,97633,Höchheim,Bayern,50.311639,10.444071,9067,160.775202
DE,97633,"Saal an der Saale",Bayern,50.311639,10.444071,9067,160.775202
DE,97633,Sulzfeld,Bayern,50.311639,10.444071,9067,160.775202
DE,97633,Trappstadt,Bayern,50.311639,10.444071,9067,160.775202
DE,97638,Mellrichstadt,Bayern,50.43326,10.317733,5667,55.718732
DE,97640,Hendungen,Bayern,50.413844,10.314208,3703,67.926897
DE,97640,Oberstreu,Bayern,50.413844,10.314208,3703,67.926897
DE,97640,Stockheim,Bayern,50.413844,10.314208,3703,67.926897
DE,97645,"Ostheim vor der Rhön",Bayern,50.455539,10.195693,3430,40.876861
DE,97647,Hausen,Bayern,50.490045,10.155897,3373,71.608666
DE,97647,"Nordheim vor der Rhön",Bayern,50.490045,10.155897,3373,71.608666
DE,97647,"Sondheim vor der Rhön",Bayern,50.490045,10.155897,3373,71.608666
DE,97647,Willmars,Bayern,50.490045,10.155897,3373,71.608666
DE,97650,Fladungen,Bayern,50.528811,10.14152,2214,50.439081
DE,97653,"Bischofsheim in der Rhön",Bayern,50.399453,10.006019,4878,64.325605
DE,97654,Bastheim,Bayern,50.394711,10.178107,2161,41.603525
DE,97656,Oberelsbach,Bayern,50.438366,10.077624,2793,67.643804
DE,97657,Sandberg,Bayern,50.337835,10.009898,2606,44.008737
DE,97659,"Schönau an der Brend",Bayern,50.365919,10.090101,1283,29.746546
DE,97688,"Bad Kissingen",Bayern,50.202651,10.058964,21005,69.853077
DE,97702,Münnerstadt,Bayern,50.252445,10.244762,7953,93.056107
DE,97705,Burkardroth,Bayern,50.280732,9.972208,7721,80.317565
DE,97708,"Bad Bocklet",Bayern,50.273379,10.069284,4486,37.846133
DE,97711,Maßbach,Bayern,50.195356,10.271903,5713,74.775513
DE,97711,"Thundorf in Unterfranken",Bayern,50.195356,10.271903,5713,74.775513
DE,97714,Oerlenbach,Bayern,50.149293,10.135243,4992,33.528122
DE,97717,"Aura an der Saale",Bayern,50.146667,10.034273,3341,41.420433
DE,97717,Euerdorf,Bayern,50.146667,10.034273,3341,41.420433
DE,97717,Sulzthal,Bayern,50.146667,10.034273,3341,41.420433
DE,97720,Nüdlingen,Bayern,50.21888,10.135556,4071,26.328501
DE,97723,Oberthulba,Bayern,50.198223,9.927239,5063,60.797043
DE,97724,Burglauer,Bayern,50.276193,10.159435,1658,13.884106
DE,97725,Elfershausen,Bayern,50.129448,9.974507,2924,34.872958
DE,97727,Fuchsstadt,Bayern,50.092179,9.936339,1806,18.299956
DE,97729,Ramsthal,Bayern,50.129187,10.07783,1161,10.394779
DE,97737,"Gemünden am Main",Bayern,50.056521,9.69298,10505,75.046912
DE,97753,Karlstadt,Bayern,49.969951,9.743903,14940,98.043745
DE,97762,Hammelburg,Bayern,50.103854,9.874252,11279,128.823101
DE,97769,"Bad Brückenau",Bayern,50.307243,9.78495,6505,27.335535
DE,97772,"Bischofsheim in der Rhön",Bayern,50.365974,9.855806,3119,104.320606
DE,97772,Wildflecken,Bayern,50.365974,9.855806,3119,104.320606
DE,97773,"Aura im Sinngrund",Bayern,50.19493,9.543141,1030,43.578896
DE,97775,Burgsinn,Bayern,50.148023,9.645965,2526,51.26972
DE,97776,Eußenheim,Bayern,50.00836,9.847492,3222,56.761645
DE,97778,Fellen,Bayern,50.136704,9.556849,866,34.353806
DE,97779,Geroda,Bayern,50.288457,9.900449,932,16.82181
DE,97780,Gössenheim,Bayern,50.019788,9.774681,1267,11.50902
DE,97782,Gräfendorf,Bayern,50.11994,9.729891,1434,45.254347
DE,97783,Karsbach,Bayern,50.060513,9.787133,1794,30.101466
DE,97785,Mittelsinn,Bayern,50.191644,9.636082,858,20.90146
DE,97786,Motten,Bayern,50.387597,9.770083,1761,23.743923
DE,97788,Neuendorf,Bayern,50.035385,9.620347,869,9.679137
DE,97789,Oberleichtersbach,Bayern,50.276435,9.803169,2057,28.355266
DE,97791,Obersinn,Bayern,50.214801,9.62619,995,20.075863
DE,97792,Riedenberg,Bayern,50.32193,9.88496,1002,13.224929
DE,97794,Rieneck,Bayern,50.101282,9.635721,2069,26.140784
DE,97795,Schondra,Bayern,50.248372,9.853926,1756,51.133577
DE,97797,Wartmannsroth,Bayern,50.179579,9.782565,2177,81.643893
DE,97799,Zeitlofs,Bayern,50.245795,9.71582,2138,65.889758
DE,97816,"Lohr am Main",Bayern,50.026371,9.563699,15296,129.929029
DE,97828,Marktheidenfeld,Bayern,49.841228,9.568336,10823,35.668132
DE,97833,Frammersbach,Bayern,50.056762,9.420399,4577,60.041682
DE,97834,Birkenfeld,Bayern,49.862053,9.715871,2143,29.141618
DE,97836,Bischbrunn,Bayern,49.889098,9.485868,1855,61.474629
DE,97837,"Erlenbach bei Marktheidenfeld",Bayern,49.822619,9.643184,2438,15.297971
DE,97839,Esselbach,Bayern,49.860308,9.525438,1971,11.982992
DE,97840,Hafenlohr,Bayern,49.90171,9.541449,1914,19.249269
DE,97842,Karbach,Bayern,49.86423,9.64489,1420,24.076791
DE,97843,Neuhütten,Bayern,49.978701,9.459984,1206,27.142001
DE,97845,"Neustadt am Main",Bayern,49.93748,9.552471,1246,19.778728
DE,97846,Partenstein,Bayern,50.048005,9.520218,2855,10.425111
DE,97848,Rechtenbach,Bayern,49.985632,9.519826,1030,7.367353
DE,97849,Roden,Bayern,49.911882,9.622002,1014,20.094905
DE,97851,Rothenfels,Bayern,49.907338,9.559801,1005,11.645069
DE,97852,Schollbrunn,Bayern,49.832301,9.475418,922,12.228909
DE,97854,Steinfeld,Bayern,49.951119,9.650146,2230,33.716398
DE,97855,Triefenstein,Bayern,49.800886,9.597509,4275,25.450879
DE,97857,Urspringen,Bayern,49.904931,9.678534,1376,17.915472
DE,97859,Wiesthal,Bayern,50.02246,9.453299,1382,20.970526
DE,97877,Wertheim,Baden-Württemberg,49.74318,9.522277,22576,138.515972
DE,97892,Kreuzwertheim,Bayern,49.786557,9.532569,3832,19.970684
DE,97896,Collenberg,Bayern,49.74451,9.348543,4236,46.733989
DE,97896,Freudenberg,Baden-Württemberg,49.74451,9.348543,4236,46.733989
DE,97900,Külsheim,Baden-Württemberg,49.672969,9.50739,5368,81.376311
DE,97901,Altenbuch,Bayern,49.840937,9.411141,1295,37.652363
DE,97903,Collenberg,Bayern,49.785866,9.329359,2049,15.416183
DE,97904,Dorfprozelten,Bayern,49.791305,9.372624,1814,11.331155
DE,97906,Faulbach,Bayern,49.79377,9.450577,2672,10.959443
DE,97907,Hasloch,Bayern,49.801994,9.482576,1417,10.435973
DE,97909,Stadtprozelten,Bayern,49.802499,9.3962,1560,10.845187
DE,97922,Lauda-Königshofen,Baden-Württemberg,49.555418,9.714924,14547,94.378909
DE,97941,Tauberbischofsheim,Baden-Württemberg,49.622643,9.655354,12822,69.249651
DE,97944,Boxberg,Baden-Württemberg,49.490232,9.635133,6753,101.601913
DE,97947,Grünsfeld,Baden-Württemberg,49.617042,9.765151,3678,44.651257
DE,97950,Großrinderfeld,Baden-Württemberg,49.679364,9.771523,4006,56.230268
DE,97953,Königheim,Baden-Württemberg,49.596073,9.564626,3093,61.19578
DE,97956,Werbach,Baden-Württemberg,49.688556,9.660192,3417,43.112581
DE,97957,Wittighausen,Baden-Württemberg,49.611816,9.829762,1686,33.38533
DE,97959,Assamstadt,Baden-Württemberg,49.429348,9.679771,2092,17.224625
DE,97980,"Bad Mergentheim",Baden-Württemberg,49.454703,9.773708,22061,130.038772
DE,97990,Weikersheim,Baden-Württemberg,49.482892,9.912088,7356,80.889762
DE,97993,Creglingen,Baden-Württemberg,49.453552,10.068494,4779,117.176311
DE,97996,Niederstetten,Baden-Württemberg,49.402825,9.937119,4947,103.963393
DE,97999,Igersheim,Baden-Württemberg,49.52749,9.846812,5589,41.782947
DE,98527,Schleusingen,Thüringen,50.60041,10.702762,17130,18.723262
DE,98527,Suhl,Thüringen,50.60041,10.702762,17130,18.723262
DE,98528,Suhl,Thüringen,50.636073,10.773909,9442,77.018205
DE,98529,Suhl,Thüringen,50.603777,10.631088,12753,47.010134
DE,98530,Dillstädt,Thüringen,50.567433,10.562299,3138,62.586772
DE,98530,Marisfeld,Thüringen,50.567433,10.562299,3138,62.586772
DE,98530,Oberstadt,Thüringen,50.567433,10.562299,3138,62.586772
DE,98530,Rohr,Thüringen,50.567433,10.562299,3138,62.586772
DE,98530,Schmeheim,Thüringen,50.567433,10.562299,3138,62.586772
DE,98544,Zella-Mehlis,Thüringen,50.653311,10.641545,13650,52.906248
DE,98547,Christes,Thüringen,50.630673,10.498239,2914,55.045964
DE,98547,Kühndorf,Thüringen,50.630673,10.498239,2914,55.045964
DE,98547,Schwarza,Thüringen,50.630673,10.498239,2914,55.045964
DE,98553,Ahlstädt,Thüringen,50.539385,10.756239,11951,137.90778
DE,98553,Bischofrod,Thüringen,50.539385,10.756239,11951,137.90778
DE,98553,Schleusingen,Thüringen,50.539385,10.756239,11951,137.90778
DE,98559,Oberhof,Thüringen,50.704483,10.716967,1561,23.496412
DE,98574,Schmalkalden,Thüringen,50.713459,10.428566,20172,105.39747
DE,98587,Steinbach-Hallenberg,Thüringen,50.694179,10.592926,10480,76.648156
DE,98590,Rosa,Thüringen,50.696009,10.275609,3983,66.594357
DE,98590,Roßdorf,Thüringen,50.696009,10.275609,3983,66.594357
DE,98590,Schwallungen,Thüringen,50.696009,10.275609,3983,66.594357
DE,98593,Floh-Seligenthal,Thüringen,50.779805,10.509788,6326,68.626964
DE,98596,"Bad Tabarz",Thüringen,50.805272,10.427846,6568,49.640001
DE,98596,Brotterode-Trusetal,Thüringen,50.805272,10.427846,6568,49.640001
DE,98597,Breitungen/Werra,Thüringen,50.754815,10.325717,7114,63.21422
DE,98597,Fambach,Thüringen,50.754815,10.325717,7114,63.21422
DE,98617,Belrieth,Thüringen,50.551607,10.372541,34579,289.258294
DE,98617,Einhausen,Thüringen,50.551607,10.372541,34579,289.258294
DE,98617,Ellingshausen,Thüringen,50.551607,10.372541,34579,289.258294
DE,98617,Leutersdorf,Thüringen,50.551607,10.372541,34579,289.258294
DE,98617,Meiningen,Thüringen,50.551607,10.372541,34579,289.258294
DE,98617,Neubrunn,Thüringen,50.551607,10.372541,34579,289.258294
DE,98617,Obermaßfeld-Grimmenthal,Thüringen,50.551607,10.372541,34579,289.258294
DE,98617,Rhönblick,Thüringen,50.551607,10.372541,34579,289.258294
DE,98617,Ritschenhausen,Thüringen,50.551607,10.372541,34579,289.258294
DE,98617,Untermaßfeld,Thüringen,50.551607,10.372541,34579,289.258294
DE,98617,Utendorf,Thüringen,50.551607,10.372541,34579,289.258294
DE,98617,Vachdorf,Thüringen,50.551607,10.372541,34579,289.258294
DE,98630,Römhild,Thüringen,50.392855,10.564927,7251,122.520015
DE,98631,Grabfeld,Thüringen,50.456751,10.45919,5938,121.076305
DE,98634,Birx,Thüringen,50.625607,10.252563,9105,145.081342
DE,98634,Erbenhausen,Thüringen,50.625607,10.252563,9105,145.081342
DE,98634,Frankenheim/Rhön,Thüringen,50.625607,10.252563,9105,145.081342
DE,98634,Friedelshausen,Thüringen,50.625607,10.252563,9105,145.081342
DE,98634,Mehmels,Thüringen,50.625607,10.252563,9105,145.081342
DE,98634,Oberweid,Thüringen,50.625607,10.252563,9105,145.081342
DE,98634,Wasungen,Thüringen,50.625607,10.252563,9105,145.081342
DE,98639,Rippershausen,Thüringen,50.608135,10.345648,893,11.429242
DE,98646,Dingsleben,Thüringen,50.410632,10.700736,15740,152.111977
DE,98646,Hildburghausen,Thüringen,50.410632,10.700736,15740,152.111977
DE,98646,Reurieth,Thüringen,50.410632,10.700736,15740,152.111977
DE,98646,Straufhain,Thüringen,50.410632,10.700736,15740,152.111977
DE,98660,Beinerstadt,Thüringen,50.493975,10.630129,5137,74.858815
DE,98660,Ehrenberg,Thüringen,50.493975,10.630129,5137,74.858815
DE,98660,Grimmelshausen,Thüringen,50.493975,10.630129,5137,74.858815
DE,98660,Henfstädt,Thüringen,50.493975,10.630129,5137,74.858815
DE,98660,"Kloster Veßra",Thüringen,50.493975,10.630129,5137,74.858815
DE,98660,Lengfeld,Thüringen,50.493975,10.630129,5137,74.858815
DE,98660,"Sankt Bernhard",Thüringen,50.493975,10.630129,5137,74.858815
DE,98660,Themar,Thüringen,50.493975,10.630129,5137,74.858815
DE,98663,Heldburg,Thüringen,50.274633,10.697439,5123,158.129942
DE,98663,Schlechtsart,Thüringen,50.274633,10.697439,5123,158.129942
DE,98663,Ummerstadt,Thüringen,50.274633,10.697439,5123,158.129942
DE,98663,Westhausen,Thüringen,50.274633,10.697439,5123,158.129942
DE,98666,Masserberg,Thüringen,50.508773,10.930836,3040,43.691055
DE,98666,Schleusegrund,Thüringen,50.508773,10.930836,3040,43.691055
DE,98667,Schleusegrund,Thüringen,50.548055,10.88936,2454,51.523757
DE,98669,Veilsdorf,Thüringen,50.412708,10.809662,2946,31.216869
DE,98673,Auengrund,Thüringen,50.447332,10.904171,11529,130.616318
DE,98673,Brünn/Thür.,Thüringen,50.447332,10.904171,11529,130.616318
DE,98673,Eisfeld,Thüringen,50.447332,10.904171,11529,130.616318
DE,98693,Ilmenau,Thüringen,50.687164,10.930155,33512,126.804959
DE,98693,Martinroda,Thüringen,50.687164,10.930155,33512,126.804959
DE,98694,Ilmenau,Thüringen,50.627117,10.944993,7028,80.375011
DE,98701,Großbreitenbach,Thüringen,50.588404,10.999071,7062,80.034301
DE,98716,Elgersburg,Thüringen,50.691295,10.838961,1214,9.819385
DE,98724,Lauscha,Thüringen,50.490143,11.119205,13309,127.260228
DE,98724,"Neuhaus am Rennweg",Thüringen,50.490143,11.119205,13309,127.260228
DE,98743,Gräfenthal,Thüringen,50.515834,11.285338,2241,35.300276
DE,98744,Cursdorf,Thüringen,50.58138,11.143581,6415,70.966672
DE,98744,Deesbach,Thüringen,50.58138,11.143581,6415,70.966672
DE,98744,Schwarzatal,Thüringen,50.58138,11.143581,6415,70.966672
DE,98744,Unterweißbach,Thüringen,50.58138,11.143581,6415,70.966672
DE,98746,Goldisthal,Thüringen,50.526528,11.034396,2064,49.784796
DE,98746,Katzhütte,Thüringen,50.526528,11.034396,2064,49.784796
DE,99084,Erfurt,Thüringen,50.976359,11.027018,21856,3.002635
DE,99085,Erfurt,Thüringen,50.995563,11.056627,16748,11.388699
DE,99086,Erfurt,Thüringen,51.000671,11.032094,15374,3.565264
DE,99087,Erfurt,Thüringen,51.024197,11.035734,7618,5.567555
DE,99089,Erfurt,Thüringen,50.997294,11.014792,22947,3.970439
DE,99090,Erfurt,Thüringen,51.00743,10.921823,5299,35.180036
DE,99091,Erfurt,Thüringen,51.01933,10.99733,15606,7.531005
DE,99092,Erfurt,Thüringen,50.976766,10.944709,18050,35.84524
DE,99094,Erfurt,Thüringen,50.934301,10.98155,10022,39.211483
DE,99095,Erfurt,Thüringen,51.049326,11.044508,5111,33.895984
DE,99096,Erfurt,Thüringen,50.955274,11.035103,15872,6.408005
DE,99097,Erfurt,Thüringen,50.927161,11.060222,16505,23.741461
DE,99098,Erfurt,Thüringen,50.992971,11.116192,8176,43.106273
DE,99099,Erfurt,Thüringen,50.950075,11.098629,21779,17.145319
DE,99100,Bienstädt,Thüringen,51.051368,10.835567,5503,63.78436
DE,99100,Dachwig,Thüringen,51.051368,10.835567,5503,63.78436
DE,99100,Döllstädt,Thüringen,51.051368,10.835567,5503,63.78436
DE,99100,Gierstädt,Thüringen,51.051368,10.835567,5503,63.78436
DE,99100,Großfahner,Thüringen,51.051368,10.835567,5503,63.78436
DE,99100,Zimmernsupra,Thüringen,51.051368,10.835567,5503,63.78436
DE,99102,Klettbach,Thüringen,50.911167,11.144453,1309,15.355994
DE,99189,Andisleben,Thüringen,51.08416,10.936419,9423,93.471676
DE,99189,Elxleben,Thüringen,51.08416,10.936419,9423,93.471676
DE,99189,Gebesee,Thüringen,51.08416,10.936419,9423,93.471676
DE,99189,Haßleben,Thüringen,51.08416,10.936419,9423,93.471676
DE,99189,Ringleben,Thüringen,51.08416,10.936419,9423,93.471676
DE,99189,Walschleben,Thüringen,51.08416,10.936419,9423,93.471676
DE,99189,Witterda,Thüringen,51.08416,10.936419,9423,93.471676
DE,99192,Nesse-Apfelstädt,Thüringen,50.931187,10.891226,6486,47.999777
DE,99192,Nottleben,Thüringen,50.931187,10.891226,6486,47.999777
DE,99195,Alperstedt,Thüringen,51.091969,11.095557,7024,88.483503
DE,99195,Eckstedt,Thüringen,51.091969,11.095557,7024,88.483503
DE,99195,Großrudestedt,Thüringen,51.091969,11.095557,7024,88.483503
DE,99195,Markvippach,Thüringen,51.091969,11.095557,7024,88.483503
DE,99195,Nöda,Thüringen,51.091969,11.095557,7024,88.483503
DE,99195,Riethnordhausen,Thüringen,51.091969,11.095557,7024,88.483503
DE,99195,Schloßvippach,Thüringen,51.091969,11.095557,7024,88.483503
DE,99198,Großmölsen,Thüringen,51.041924,11.146713,1804,34.896704
DE,99198,Kleinmölsen,Thüringen,51.041924,11.146713,1804,34.896704
DE,99198,Ollendorf,Thüringen,51.041924,11.146713,1804,34.896704
DE,99198,Udestedt,Thüringen,51.041924,11.146713,1804,34.896704
DE,99310,Alkersleben,Thüringen,50.816333,11.012204,29261,172.770632
DE,99310,Arnstadt,Thüringen,50.816333,11.012204,29261,172.770632
DE,99310,Bösleben-Wüllersleben,Thüringen,50.816333,11.012204,29261,172.770632
DE,99310,Dornheim,Thüringen,50.816333,11.012204,29261,172.770632
DE,99310,Osthausen-Wülfershausen,Thüringen,50.816333,11.012204,29261,172.770632
DE,99310,Witzleben,Thüringen,50.816333,11.012204,29261,172.770632
DE,99326,Stadtilm,Thüringen,50.759943,11.095637,8850,121.014288
DE,99330,Geratal,Thüringen,50.751729,10.809274,4988,61.2477
DE,99331,Geratal,Thüringen,50.713624,10.826825,4523,20.20708
DE,99334,"Amt Wachsenburg",Thüringen,50.874028,10.992507,9340,104.13533
DE,99334,Elleben,Thüringen,50.874028,10.992507,9340,104.13533
DE,99334,Elxleben,Thüringen,50.874028,10.992507,9340,104.13533
DE,99338,Martinroda,Thüringen,50.760012,10.890455,2475,27.70717
DE,99338,Plaue,Thüringen,50.760012,10.890455,2475,27.70717
DE,99423,Weimar,Thüringen,50.98298,11.323551,22714,3.468611
DE,99425,Weimar,Thüringen,50.96725,11.348203,17697,32.119267
DE,99427,Weimar,Thüringen,51.01124,11.302608,16860,24.384087
DE,99428,Grammetal,Thüringen,50.966927,11.227347,12020,112.692597
DE,99428,Weimar,Thüringen,50.966927,11.227347,12020,112.692597
DE,99438,"Bad Berka",Thüringen,50.89425,11.265416,9065,81.139183
DE,99438,Buchfart,Thüringen,50.89425,11.265416,9065,81.139183
DE,99438,Hetschburg,Thüringen,50.89425,11.265416,9065,81.139183
DE,99438,Oettern,Thüringen,50.89425,11.265416,9065,81.139183
DE,99438,Tonndorf,Thüringen,50.89425,11.265416,9065,81.139183
DE,99438,Vollersroda,Thüringen,50.89425,11.265416,9065,81.139183
DE,99439,"Am Ettersberg",Thüringen,51.063965,11.291839,8569,107.049013
DE,99439,Ballstedt,Thüringen,51.063965,11.291839,8569,107.049013
DE,99439,Ettersburg,Thüringen,51.063965,11.291839,8569,107.049013
DE,99439,Neumark,Thüringen,51.063965,11.291839,8569,107.049013
DE,99441,Döbritschen,Thüringen,50.930716,11.438158,6471,88.772235
DE,99441,Frankendorf,Thüringen,50.930716,11.438158,6471,88.772235
DE,99441,Großschwabhausen,Thüringen,50.930716,11.438158,6471,88.772235
DE,99441,Hammerstedt,Thüringen,50.930716,11.438158,6471,88.772235
DE,99441,Kiliansroda,Thüringen,50.930716,11.438158,6471,88.772235
DE,99441,Kleinschwabhausen,Thüringen,50.930716,11.438158,6471,88.772235
DE,99441,Magdala,Thüringen,50.930716,11.438158,6471,88.772235
DE,99441,Mechelroda,Thüringen,50.930716,11.438158,6471,88.772235
DE,99441,Mellingen,Thüringen,50.930716,11.438158,6471,88.772235
DE,99441,Umpferstedt,Thüringen,50.930716,11.438158,6471,88.772235
DE,99444,Blankenhain,Thüringen,50.848984,11.363526,6493,113.286311
DE,99448,Hohenfelden,Thüringen,50.849785,11.191489,4430,42.987356
DE,99448,Kranichfeld,Thüringen,50.849785,11.191489,4430,42.987356
DE,99448,Nauendorf,Thüringen,50.849785,11.191489,4430,42.987356
DE,99448,Rittersdorf,Thüringen,50.849785,11.191489,4430,42.987356
DE,99510,Apolda,Thüringen,51.035659,11.458977,29831,144.274575
DE,99510,Ilmtal-Weinstraße,Thüringen,51.035659,11.458977,29831,144.274575
DE,99510,Kapellendorf,Thüringen,51.035659,11.458977,29831,144.274575
DE,99510,Wiegendorf,Thüringen,51.035659,11.458977,29831,144.274575
DE,99518,"Bad Sulza",Thüringen,51.060156,11.588354,10207,123.399871
DE,99518,Großheringen,Thüringen,51.060156,11.588354,10207,123.399871
DE,99518,Niedertrebra,Thüringen,51.060156,11.588354,10207,123.399871
DE,99518,Schmiedehausen,Thüringen,51.060156,11.588354,10207,123.399871
DE,99610,Sprötau,Thüringen,51.155219,11.15013,21561,108.966482
DE,99610,Sömmerda,Thüringen,51.155219,11.15013,21561,108.966482
DE,99610,Vogelsberg,Thüringen,51.155219,11.15013,21561,108.966482
DE,99610,Wundersleben,Thüringen,51.155219,11.15013,21561,108.966482
DE,99625,Großneuhausen,Thüringen,51.208083,11.270507,8107,116.398574
DE,99625,Kleinneuhausen,Thüringen,51.208083,11.270507,8107,116.398574
DE,99625,Kölleda,Thüringen,51.208083,11.270507,8107,116.398574
DE,99625,Sömmerda,Thüringen,51.208083,11.270507,8107,116.398574
DE,99628,Buttstädt,Thüringen,51.133179,11.376688,6985,105.05913
DE,99631,Günstedt,Thüringen,51.208429,11.057337,4525,68.000611
DE,99631,Weißensee,Thüringen,51.208429,11.057337,4525,68.000611
DE,99634,Gangloffsömmern,Thüringen,51.161102,10.974454,4568,61.713483
DE,99634,Schwerstedt,Thüringen,51.161102,10.974454,4568,61.713483
DE,99634,Straußfurt,Thüringen,51.161102,10.974454,4568,61.713483
DE,99634,Werningshausen,Thüringen,51.161102,10.974454,4568,61.713483
DE,99636,Ostramondra,Thüringen,51.193992,11.375779,3296,54.230109
DE,99636,Rastenberg,Thüringen,51.193992,11.375779,3296,54.230109
DE,99638,Griefstedt,Thüringen,51.263958,11.095712,4679,76.189986
DE,99638,Kindelbrück,Thüringen,51.263958,11.095712,4679,76.189986
DE,99706,Sondershausen,Thüringen,51.356907,10.804527,22583,200.902565
DE,99707,Kyffhäuserland,Thüringen,51.366348,11.009431,4281,128.579234
DE,99713,Abtsbessingen,Thüringen,51.306524,10.66451,7024,184.605588
DE,99713,Bellstedt,Thüringen,51.306524,10.66451,7024,184.605588
DE,99713,Ebeleben,Thüringen,51.306524,10.66451,7024,184.605588
DE,99713,Freienbessingen,Thüringen,51.306524,10.66451,7024,184.605588
DE,99713,Helbedündorf,Thüringen,51.306524,10.66451,7024,184.605588
DE,99713,Holzsußra,Thüringen,51.306524,10.66451,7024,184.605588
DE,99713,Rockstedt,Thüringen,51.306524,10.66451,7024,184.605588
DE,99718,Clingen,Thüringen,51.260938,10.916686,9842,149.365758
DE,99718,Greußen,Thüringen,51.260938,10.916686,9842,149.365758
DE,99718,Oberbösa,Thüringen,51.260938,10.916686,9842,149.365758
DE,99718,Topfstedt,Thüringen,51.260938,10.916686,9842,149.365758
DE,99718,Trebra,Thüringen,51.260938,10.916686,9842,149.365758
DE,99718,Wasserthaleben,Thüringen,51.260938,10.916686,9842,149.365758
DE,99718,Westgreußen,Thüringen,51.260938,10.916686,9842,149.365758
DE,99734,Nordhausen,Thüringen,51.509574,10.810659,42731,109.145829
DE,99735,Kleinfurra,Thüringen,51.477418,10.712495,4516,80.611255
DE,99735,Werther,Thüringen,51.477418,10.712495,4516,80.611255
DE,99752,Bleicherode,Thüringen,51.450874,10.623946,12237,129.149991
DE,99752,Kehmstedt,Thüringen,51.450874,10.623946,12237,129.149991
DE,99752,Lipprechterode,Thüringen,51.450874,10.623946,12237,129.149991
DE,99755,Ellrich,Thüringen,51.569401,10.641341,8099,130.228876
DE,99755,Hohenstein,Thüringen,51.569401,10.641341,8099,130.228876
DE,99759,Großlohra,Thüringen,51.40777,10.5798,4843,54.047355
DE,99759,Niedergebra,Thüringen,51.40777,10.5798,4843,54.047355
DE,99759,Sollstedt,Thüringen,51.40777,10.5798,4843,54.047355
DE,99765,Görsbach,Thüringen,51.452141,10.897803,7059,100.196358
DE,99765,Heringen/Helme,Thüringen,51.452141,10.897803,7059,100.196358
DE,99765,Urbach,Thüringen,51.452141,10.897803,7059,100.196358
DE,99768,Harztor,Thüringen,51.586862,10.821187,7881,109.502712
DE,99817,Eisenach,Thüringen,50.989599,10.300189,41780,103.956915
DE,99819,Krauthausen,Thüringen,51.022808,10.260428,1609,18.342483
DE,99820,Hörselberg-Hainich,Thüringen,51.008709,10.480576,6372,141.805929
DE,99826,"Berka vor dem Hainich",Thüringen,51.080022,10.35684,3283,55.345771
DE,99826,Bischofroda,Thüringen,51.080022,10.35684,3283,55.345771
DE,99826,Lauterbach,Thüringen,51.080022,10.35684,3283,55.345771
DE,99826,Nazza,Thüringen,51.080022,10.35684,3283,55.345771
DE,99826,Südeichsfeld,Thüringen,51.080022,10.35684,3283,55.345771
DE,99830,Treffurt,Thüringen,51.108825,10.210694,6550,72.879567
DE,99831,"Amt Creuzburg",Thüringen,51.069139,10.280539,5004,69.320937
DE,99834,Gerstungen,Thüringen,50.943765,10.176648,9673,150.376598
DE,99837,Werra-Suhl-Tal,Thüringen,50.923385,10.085583,6749,78.441769
DE,99842,Ruhla,Thüringen,50.894991,10.378673,5994,37.287662
DE,99846,Seebach,Thüringen,50.913074,10.424267,2112,3.591651
DE,99848,Wutha-Farnroda,Thüringen,50.940843,10.392832,6348,36.805956
DE,99867,Gotha,Thüringen,50.94061,10.704534,44346,69.453949
DE,99869,"Drei Gleichen",Thüringen,50.960398,10.72427,24234,280.891507
DE,99869,Emleben,Thüringen,50.960398,10.72427,24234,280.891507
DE,99869,Eschenbergen,Thüringen,50.960398,10.72427,24234,280.891507
DE,99869,Friemar,Thüringen,50.960398,10.72427,24234,280.891507
DE,99869,Hörsel,Thüringen,50.960398,10.72427,24234,280.891507
DE,99869,Molschleben,Thüringen,50.960398,10.72427,24234,280.891507
DE,99869,Nessetal,Thüringen,50.960398,10.72427,24234,280.891507
DE,99869,Pferdingsleben,Thüringen,50.960398,10.72427,24234,280.891507
DE,99869,Schwabhausen,Thüringen,50.960398,10.72427,24234,280.891507
DE,99869,Sonneborn,Thüringen,50.960398,10.72427,24234,280.891507
DE,99869,Tröchtelborn,Thüringen,50.960398,10.72427,24234,280.891507
DE,99869,Tüttleben,Thüringen,50.960398,10.72427,24234,280.891507
DE,99880,Hörsel,Thüringen,50.913405,10.536585,17879,120.33045
DE,99880,Waltershausen,Thüringen,50.913405,10.536585,17879,120.33045
DE,99885,Luisenthal,Thüringen,50.79045,10.735147,11251,145.438506
DE,99885,Ohrdruf,Thüringen,50.79045,10.735147,11251,145.438506
DE,99887,Georgenthal,Thüringen,50.845237,10.641047,8395,78.164295
DE,99891,"Bad Tabarz",Thüringen,50.863931,10.502418,4031,21.285964
DE,99894,Friedrichroda,Thüringen,50.852845,10.575605,7288,36.755318
DE,99897,Tambach-Dietharz,Thüringen,50.768554,10.602885,4067,41.528065
DE,99947,"Bad Langensalza",Thüringen,51.113176,10.649647,20862,180.771503
DE,99947,Kirchheilingen,Thüringen,51.113176,10.649647,20862,180.771503
DE,99947,Sundhausen,Thüringen,51.113176,10.649647,20862,180.771503
DE,99947,Tottleben,Thüringen,51.113176,10.649647,20862,180.771503
DE,99955,"Bad Tennstedt",Thüringen,51.166422,10.832915,8594,128.78479
DE,99955,Ballhausen,Thüringen,51.166422,10.832915,8594,128.78479
DE,99955,Blankenburg,Thüringen,51.166422,10.832915,8594,128.78479
DE,99955,Bruchstedt,Thüringen,51.166422,10.832915,8594,128.78479
DE,99955,Haussömmern,Thüringen,51.166422,10.832915,8594,128.78479
DE,99955,Herbsleben,Thüringen,51.166422,10.832915,8594,128.78479
DE,99955,Hornsömmern,Thüringen,51.166422,10.832915,8594,128.78479
DE,99955,Kutzleben,Thüringen,51.166422,10.832915,8594,128.78479
DE,99955,Mittelsömmern,Thüringen,51.166422,10.832915,8594,128.78479
DE,99955,Urleben,Thüringen,51.166422,10.832915,8594,128.78479
DE,99958,Großvargula,Thüringen,51.09204,10.751649,3779,45.705117
DE,99958,Tonna,Thüringen,51.09204,10.751649,3779,45.705117
DE,99974,Mühlhausen/Thüringen,Thüringen,51.226512,10.459857,33872,91.379653
DE,99976,Südeichsfeld,Thüringen,51.253907,10.333567,8329,94.619693
DE,99986,Kammerforst,Thüringen,51.14791,10.401466,5661,74.289306
DE,99986,Oppershausen,Thüringen,51.14791,10.401466,5661,74.289306
DE,99986,Vogtei,Thüringen,51.14791,10.401466,5661,74.289306
DE,99988,Südeichsfeld,Thüringen,51.170951,10.269281,4866,40.320629
DE,99991,Unstrut-Hainich,Thüringen,51.124964,10.510937,5269,96.922943
DE,99994,Marolterode,Thüringen,51.23273,10.643219,6384,81.700264
DE,99994,"Nottertal-Heilinger Höhen",Thüringen,51.23273,10.643219,6384,81.700264
DE,99996,Unstruttal,Thüringen,51.278382,10.460657,6751,100.496013
DE,99998,Körner,Thüringen,51.213508,10.553766,4942,74.291525
DE,99998,Mühlhausen/Thüringen,Thüringen,51.213508,10.553766,4942,74.291525
